material_id,cas,nombre,constituyente,cas_constituyente,estandar_ifra,min_pct,max_pct,tipo_valor,fuente,tipo_fuente,url,consultado,cita,notas
,91722-19-9,Black Spruce Oil (Canada),Linalool,78-70-6,IFRA_STD_187,0,2.5,rango,Perfumiarz: SDS B05525_FDSu_01-25.pdf,proveedor,https://perfumiarz.com/products/black-spruce-oil,2026-09-30,CAS: 78-70-6 GHS07 || 0-2.5,"rango de la sección 3 de la SDS (banda de clasificación, no una medida); el 0 es el borde de la banda, no una medida; CAS y % emparejados por orden en la página (mismo número de CAS y de %; la tabla maqueta mal): comprobar contra el PDF; CAS 91722-19-9 sin fila en el glosario"
,,agrumen-aldehyde-710021,Hydroxycitronellal,107-75-5,IFRA_STD_043,10,20,rango,Perfumiarz: SDS E01150_FDSu_08-24.pdf,proveedor,https://perfumiarz.com/products/agrumen-aldehyde-710021,2026-09-30,"CAS: 107-75-5 Wng || Skin Sens. 1B, H317 10-20","rango de la sección 3 de la SDS (banda de clasificación, no una medida); CAS y % emparejados por orden en la página (mismo número de CAS y de %; la tabla maqueta mal): comprobar contra el PDF; sin fila en nombres-proveedores (producto sin CAS)"
,,agrumen-aldehyde-710021,Citral,5392-40-5,IFRA_STD_021,1,10,rango,Perfumiarz: SDS E01150_FDSu_08-24.pdf,proveedor,https://perfumiarz.com/products/agrumen-aldehyde-710021,2026-09-30,CAS: 5392-40-5 Wng || GHS07 [i] 1-10,"rango de la sección 3 de la SDS (banda de clasificación, no una medida); CAS y % emparejados por orden en la página (mismo número de CAS y de %; la tabla maqueta mal): comprobar contra el PDF; sin fila en nombres-proveedores (producto sin CAS)"
,,agrumen-aldehyde-710021,Methyl beta-naphthyl ketone,93-08-3,IFRA_STD_095,2.5,10,rango,Perfumiarz: SDS E01150_FDSu_08-24.pdf,proveedor,https://perfumiarz.com/products/agrumen-aldehyde-710021,2026-09-30,"CAS: 93-08-3 Wng || EC: 203-518-7 Skin Sens. 1, H317 2.5-10","rango de la sección 3 de la SDS (banda de clasificación, no una medida); CAS y % emparejados por orden en la página (mismo número de CAS y de %; la tabla maqueta mal): comprobar contra el PDF; sin fila en nombres-proveedores (producto sin CAS)"
,,agrumen-aldehyde-710021,d-Limonene,5989-27-5,IFRA_STD_186,2.5,10,rango,Perfumiarz: SDS E01150_FDSu_08-24.pdf,proveedor,https://perfumiarz.com/products/agrumen-aldehyde-710021,2026-09-30,"CAS: 5989-27-5 GHS07, GHS09, GHS08, GHS02 [i] 2.5-10","rango de la sección 3 de la SDS (banda de clasificación, no una medida); CAS y % emparejados por orden en la página (mismo número de CAS y de %; la tabla maqueta mal): comprobar contra el PDF; sin fila en nombres-proveedores (producto sin CAS)"
,,agrumen-aldehyde-710021,"2,4-Dimethyl-3-cyclohexen-1-carboxaldehyde",68039-49-6,IFRA_STD_030,2.5,10,rango,Perfumiarz: SDS E01150_FDSu_08-24.pdf,proveedor,https://perfumiarz.com/products/agrumen-aldehyde-710021,2026-09-30,"CAS: 68039-49-6 GHS07, GHS09 2.5-10","rango de la sección 3 de la SDS (banda de clasificación, no una medida); CAS y % emparejados por orden en la página (mismo número de CAS y de %; la tabla maqueta mal): comprobar contra el PDF; sin fila en nombres-proveedores (producto sin CAS)"
,,agrumen-aldehyde-710021,Linalool,78-70-6,IFRA_STD_187,1,10,rango,Perfumiarz: SDS E01150_FDSu_08-24.pdf,proveedor,https://perfumiarz.com/products/agrumen-aldehyde-710021,2026-09-30,CAS: 78-70-6 GHS07 1-10,"rango de la sección 3 de la SDS (banda de clasificación, no una medida); CAS y % emparejados por orden en la página (mismo número de CAS y de %; la tabla maqueta mal): comprobar contra el PDF; sin fila en nombres-proveedores (producto sin CAS)"
,,agrumen-aldehyde-710021,Benzyl benzoate,120-51-4,IFRA_STD_009,0.1,0.25,rango,Perfumiarz: SDS E01150_FDSu_08-24.pdf,proveedor,https://perfumiarz.com/products/agrumen-aldehyde-710021,2026-09-30,"CAS: 120-51-4 GHS07, GHS09 0.1-0.25","rango de la sección 3 de la SDS (banda de clasificación, no una medida); CAS y % emparejados por orden en la página (mismo número de CAS y de %; la tabla maqueta mal): comprobar contra el PDF; sin fila en nombres-proveedores (producto sin CAS)"
,,agrumen-aldehyde-710021,Geraniol,106-24-1,IFRA_STD_037,0.1,1,rango,Perfumiarz: SDS E01150_FDSu_08-24.pdf,proveedor,https://perfumiarz.com/products/agrumen-aldehyde-710021,2026-09-30,"CAS: 106-24-1 GHS07, GHS05 0.1-1","rango de la sección 3 de la SDS (banda de clasificación, no una medida); CAS y % emparejados por orden en la página (mismo número de CAS y de %; la tabla maqueta mal): comprobar contra el PDF; sin fila en nombres-proveedores (producto sin CAS)"
,,mousse-de-saxe,Methyl-alpha-ionone,127-42-4,IFRA_STD_063,2.5,10,rango,Perfumiarz: SDS E13155_FDSu_11-21.pdf,proveedor,https://perfumiarz.com/products/mousse-de-saxe,2026-09-30,"CAS: 127-42-4 GHS07, GHS09 2.5 - 10","rango de la sección 3 de la SDS (banda de clasificación, no una medida); CAS y % emparejados por orden en la página (mismo número de CAS y de %; la tabla maqueta mal): comprobar contra el PDF; sin fila en nombres-proveedores (producto sin CAS)"
,,mousse-de-saxe,l-Citronellol,7540-51-4,IFRA_STD_022,1,10,rango,Perfumiarz: SDS E13155_FDSu_11-21.pdf,proveedor,https://perfumiarz.com/products/mousse-de-saxe,2026-09-30,CAS: 7540-51-4 GHS07 1 - 10,"rango de la sección 3 de la SDS (banda de clasificación, no una medida); CAS y % emparejados por orden en la página (mismo número de CAS y de %; la tabla maqueta mal): comprobar contra el PDF; sin fila en nombres-proveedores (producto sin CAS)"
,,mousse-de-saxe,Linalool,78-70-6,IFRA_STD_187,1,10,rango,Perfumiarz: SDS E13155_FDSu_11-21.pdf,proveedor,https://perfumiarz.com/products/mousse-de-saxe,2026-09-30,CAS: 78-70-6 GHS07 1 - 10,"rango de la sección 3 de la SDS (banda de clasificación, no una medida); CAS y % emparejados por orden en la página (mismo número de CAS y de %; la tabla maqueta mal): comprobar contra el PDF; sin fila en nombres-proveedores (producto sin CAS)"
,,mousse-de-saxe,Eugenol,97-53-0,IFRA_STD_035,1,10,rango,Perfumiarz: SDS E13155_FDSu_11-21.pdf,proveedor,https://perfumiarz.com/products/mousse-de-saxe,2026-09-30,CAS: 97-53-0 GHS07 1 - 10,"rango de la sección 3 de la SDS (banda de clasificación, no una medida); CAS y % emparejados por orden en la página (mismo número de CAS y de %; la tabla maqueta mal): comprobar contra el PDF; sin fila en nombres-proveedores (producto sin CAS)"
,,mousse-de-saxe,Geraniol,106-24-1,IFRA_STD_037,1,3,rango,Perfumiarz: SDS E13155_FDSu_11-21.pdf,proveedor,https://perfumiarz.com/products/mousse-de-saxe,2026-09-30,"CAS: 106-24-1 GHS07, GHS05 1-3","rango de la sección 3 de la SDS (banda de clasificación, no una medida); CAS y % emparejados por orden en la página (mismo número de CAS y de %; la tabla maqueta mal): comprobar contra el PDF; sin fila en nombres-proveedores (producto sin CAS)"
,,mousse-de-saxe,Methyl-beta-ionone,127-43-5,IFRA_STD_063,1,2.5,rango,Perfumiarz: SDS E13155_FDSu_11-21.pdf,proveedor,https://perfumiarz.com/products/mousse-de-saxe,2026-09-30,"CAS: 127-43-5 GHS07, GHS09 1 - 2.5","rango de la sección 3 de la SDS (banda de clasificación, no una medida); CAS y % emparejados por orden en la página (mismo número de CAS y de %; la tabla maqueta mal): comprobar contra el PDF; sin fila en nombres-proveedores (producto sin CAS)"
,,mousse-de-saxe,dl-Citronellol,106-22-9,IFRA_STD_022,1,10,rango,Perfumiarz: SDS E13155_FDSu_11-21.pdf,proveedor,https://perfumiarz.com/products/mousse-de-saxe,2026-09-30,CAS: 106-22-9 GHS07 1 - 10,"rango de la sección 3 de la SDS (banda de clasificación, no una medida); CAS y % emparejados por orden en la página (mismo número de CAS y de %; la tabla maqueta mal): comprobar contra el PDF; sin fila en nombres-proveedores (producto sin CAS)"
,,mousse-de-saxe,alpha-iso-Methylionone,127-51-5,IFRA_STD_063,0.25,1,rango,Perfumiarz: SDS E13155_FDSu_11-21.pdf,proveedor,https://perfumiarz.com/products/mousse-de-saxe,2026-09-30,"CAS: 127-51-5 GHS09, GHS07 || EC: 200-456-2 Wng 0.25 - 1","rango de la sección 3 de la SDS (banda de clasificación, no una medida); CAS y % emparejados por orden en la página (mismo número de CAS y de %; la tabla maqueta mal): comprobar contra el PDF; sin fila en nombres-proveedores (producto sin CAS)"
,,mousse-de-saxe,Benzyl benzoate,120-51-4,IFRA_STD_009,0.25,1,rango,Perfumiarz: SDS E13155_FDSu_11-21.pdf,proveedor,https://perfumiarz.com/products/mousse-de-saxe,2026-09-30,"CAS: 120-51-4 GHS07, GHS09 0.25 - 1","rango de la sección 3 de la SDS (banda de clasificación, no una medida); CAS y % emparejados por orden en la página (mismo número de CAS y de %; la tabla maqueta mal): comprobar contra el PDF; sin fila en nombres-proveedores (producto sin CAS)"
,,mousse-de-saxe,(+)-(R)-Citronellol,1117-61-9,IFRA_STD_022,0.1,1,rango,Perfumiarz: SDS E13155_FDSu_11-21.pdf,proveedor,https://perfumiarz.com/products/mousse-de-saxe,2026-09-30,CAS: 1117-61-9 GHS07 || EC: 201-746-1 Dgr 0.1 - 1,"rango de la sección 3 de la SDS (banda de clasificación, no una medida); CAS y % emparejados por orden en la página (mismo número de CAS y de %; la tabla maqueta mal): comprobar contra el PDF; sin fila en nombres-proveedores (producto sin CAS)"
,8023-85-6,Cedar Atlas Redist,Longifolene,475-20-7,IFRA_STD_199,0.25,1,rango,Perfumiarz: SDS H03123_FDSu_11-24.pdf,proveedor,https://perfumiarz.com/products/cedar-atlas-redist,2026-09-30,"CAS: 475-20-7 GHS09, GHS07, GHS08 0.25-1","rango de la sección 3 de la SDS (banda de clasificación, no una medida); CAS y % emparejados por orden en la página (mismo número de CAS y de %; la tabla maqueta mal): comprobar contra el PDF; forma ambigua, candidatas: fig:1353, fig:1357, fig:1358"
,8023-85-6,Cedar Atlas Redist,alpha-Cedrene,469-61-4,IFRA_STD_197,0.025,0.1,rango,Perfumiarz: SDS H03123_FDSu_11-24.pdf,proveedor,https://perfumiarz.com/products/cedar-atlas-redist,2026-09-30,"CAS: 469-61-4 GHS07, GHS09, GHS08 0.025-0.1","rango de la sección 3 de la SDS (banda de clasificación, no una medida); CAS y % emparejados por orden en la página (mismo número de CAS y de %; la tabla maqueta mal): comprobar contra el PDF; forma ambigua, candidatas: fig:1353, fig:1357, fig:1358"
,8023-85-6,Cedar Atlas Redist,β.-Cedrene,546-28-1,IFRA_STD_197,0.0025,0.025,rango,Perfumiarz: SDS H03123_FDSu_11-24.pdf,proveedor,https://perfumiarz.com/products/cedar-atlas-redist,2026-09-30,CAS: 546-28-1 GHS09 0.0025-0.025,"rango de la sección 3 de la SDS (banda de clasificación, no una medida); CAS y % emparejados por orden en la página (mismo número de CAS y de %; la tabla maqueta mal): comprobar contra el PDF; forma ambigua, candidatas: fig:1353, fig:1357, fig:1358"
,,costus-oliffac,Isoeugenol,97-54-1,IFRA_STD_048,0,0.01,rango,Perfumiarz: SDS H03289_FDSu_05-23.pdf,proveedor,https://perfumiarz.com/products/costus-oliffac,2026-09-30,CAS: 97-54-1 GHS07 || Wng 0-0.01,"rango de la sección 3 de la SDS (banda de clasificación, no una medida); el 0 es el borde de la banda, no una medida; CAS y % emparejados por orden en la página (mismo número de CAS y de %; la tabla maqueta mal): comprobar contra el PDF; sin fila en nombres-proveedores (producto sin CAS)"
,,fir-balsam-oliffac,alpha-Cedrene,469-61-4,IFRA_STD_197,1,2.5,rango,Perfumiarz: SDS H06059_FDSu_08-23.pdf,proveedor,https://perfumiarz.com/products/fir-balsam-oliffac,2026-09-30,"CAS: 469-61-4 GHS07, GHS09, GHS08 1-2.5","rango de la sección 3 de la SDS (banda de clasificación, no una medida); CAS y % emparejados por orden en la página (mismo número de CAS y de %; la tabla maqueta mal): comprobar contra el PDF; sin fila en nombres-proveedores (producto sin CAS)"
,8000-28-0,Lavender Oil (Bulgaria),"2,6,6-Trimethylcyclohexa-1,3-dienyl methanal",116-26-7,IFRA_STD_082,0.0025,0.025,rango,Perfumiarz: SDS H12006_FDSu_02-25.pdf,proveedor,https://perfumiarz.com/products/lavender-bulgaria,2026-09-30,"CAS: 116-26-7 GHS07, GHS09 0.0025-0.025","rango de la sección 3 de la SDS (banda de clasificación, no una medida); CAS y % emparejados por orden en la página (mismo número de CAS y de %; la tabla maqueta mal): comprobar contra el PDF; forma ambigua, candidatas: fig:2183, fig:2184, fig:2185, tl:lavender-oil-lavandula-angustifolia-lavandula-angustifolia-a, tl:lavender-oil-terpeneless"
,8016-36-2,Olibanum Oil,dl-Limonene (racemic),138-86-3,IFRA_STD_186,10,20,rango,Perfumiarz: SDS H15055_FDSu_01-21.pdf,proveedor,https://perfumiarz.com/products/olibanum-oil,2026-09-30,"CAS: 138-86-3 GHS07, GHS09, GHS08, GHS02 10 - 20","rango de la sección 3 de la SDS (banda de clasificación, no una medida); CAS y % emparejados por orden en la página (mismo número de CAS y de %; la tabla maqueta mal): comprobar contra el PDF; forma ambigua, candidatas: fig:2515, fig:2516, fig:2517, fig:2518, fig:2522, fig:2524"
,8007-01-0,Rose Ultimate Extract,Eugenyl methyl ether,93-15-2,IFRA_STD_100,0.1,1,rango,Perfumiarz: SDS H18118_FDSu_01-25.pdf,proveedor,https://perfumiarz.com/products/rose-ultimate-extract,2026-09-30,"CAS: 93-15-2 GHS07, GHS08 [ii] 0.1-1","rango de la sección 3 de la SDS (banda de clasificación, no una medida); CAS y % emparejados por orden en la página (mismo número de CAS y de %; la tabla maqueta mal): comprobar contra el PDF; forma ambigua, candidatas: fig:2797, fig:2799, fig:2800, fig:2801, fig:2802, fig:2803, fig:2804, fig:2805"
,,ambrarome-50-dpg,Isoeugenol,97-54-1,IFRA_STD_048,0,1,rango,Perfumiarz: SDS I01410_FDSu_04-25.pdf,proveedor,https://perfumiarz.com/products/ambrarome-50-dpg,2026-09-30,CAS: 97-54-1 Wng 0-1,"rango de la sección 3 de la SDS (banda de clasificación, no una medida); el 0 es el borde de la banda, no una medida; CAS y % emparejados por orden en la página (mismo número de CAS y de %; la tabla maqueta mal): comprobar contra el PDF; sin fila en nombres-proveedores (producto sin CAS)"
,,cuir-hf-601648,d-Limonene,5989-27-5,IFRA_STD_186,2.5,10,rango,Perfumiarz: SDS I03900_FDSu_06-24.pdf,proveedor,https://perfumiarz.com/products/cuir-hf-601648,2026-09-30,"CAS: 5989-27-5 GHS02, GHS07, GHS08, GHS09 [i] 2.5-10","rango de la sección 3 de la SDS (banda de clasificación, no una medida); CAS y % emparejados por orden en la página (mismo número de CAS y de %; la tabla maqueta mal): comprobar contra el PDF; sin fila en nombres-proveedores (producto sin CAS)"
,,cuir-hf-601648,"1-(2,6,6-Trimethyl-2-cyclohexen-1-yl)pent-1-en-3-one",7779-30-8,IFRA_STD_063,2.5,10,rango,Perfumiarz: SDS I03900_FDSu_06-24.pdf,proveedor,https://perfumiarz.com/products/cuir-hf-601648,2026-09-30,"CAS: 7779-30-8 GHS07, GHS09 2.5-10","rango de la sección 3 de la SDS (banda de clasificación, no una medida); CAS y % emparejados por orden en la página (mismo número de CAS y de %; la tabla maqueta mal): comprobar contra el PDF; sin fila en nombres-proveedores (producto sin CAS)"
,,cuir-hf-601648,"Vetiveria zizanioides, ext., acetylated",84082-84-8,IFRA_STD_002,1,2.5,rango,Perfumiarz: SDS I03900_FDSu_06-24.pdf,proveedor,https://perfumiarz.com/products/cuir-hf-601648,2026-09-30,"CAS: 84082-84-8 GHS09, GHS07, GHS08 || EC: 231-926-5 Wng 1-2.5","rango de la sección 3 de la SDS (banda de clasificación, no una medida); CAS y % emparejados por orden en la página (mismo número de CAS y de %; la tabla maqueta mal): comprobar contra el PDF; sin fila en nombres-proveedores (producto sin CAS)"
,,cuir-hf-601648,Linalool,78-70-6,IFRA_STD_187,1,2.5,rango,Perfumiarz: SDS I03900_FDSu_06-24.pdf,proveedor,https://perfumiarz.com/products/cuir-hf-601648,2026-09-30,CAS: 78-70-6 GHS07 || 1-2.5,"rango de la sección 3 de la SDS (banda de clasificación, no una medida); CAS y % emparejados por orden en la página (mismo número de CAS y de %; la tabla maqueta mal): comprobar contra el PDF; sin fila en nombres-proveedores (producto sin CAS)"
,,cuir-hf-601648,Coumarin,91-64-5,IFRA_STD_023,1,2.5,rango,Perfumiarz: SDS I03900_FDSu_06-24.pdf,proveedor,https://perfumiarz.com/products/cuir-hf-601648,2026-09-30,"CAS: 91-64-5 GHS07 || Skin Irrit. 2, H315 1-2.5","rango de la sección 3 de la SDS (banda de clasificación, no una medida); CAS y % emparejados por orden en la página (mismo número de CAS y de %; la tabla maqueta mal): comprobar contra el PDF; sin fila en nombres-proveedores (producto sin CAS)"
,,cuir-hf-601648,Eugenol,97-53-0,IFRA_STD_035,1,2.5,rango,Perfumiarz: SDS I03900_FDSu_06-24.pdf,proveedor,https://perfumiarz.com/products/cuir-hf-601648,2026-09-30,CAS: 97-53-0 GHS07 1-2.5,"rango de la sección 3 de la SDS (banda de clasificación, no una medida); CAS y % emparejados por orden en la página (mismo número de CAS y de %; la tabla maqueta mal): comprobar contra el PDF; sin fila en nombres-proveedores (producto sin CAS)"
,,cuir-hf-601648,Methyl-beta-ionone,127-43-5,IFRA_STD_063,0,1,rango,Perfumiarz: SDS I03900_FDSu_06-24.pdf,proveedor,https://perfumiarz.com/products/cuir-hf-601648,2026-09-30,"CAS: 127-43-5 GHS07, GHS09 0-1","rango de la sección 3 de la SDS (banda de clasificación, no una medida); el 0 es el borde de la banda, no una medida; CAS y % emparejados por orden en la página (mismo número de CAS y de %; la tabla maqueta mal): comprobar contra el PDF; sin fila en nombres-proveedores (producto sin CAS)"
,,cuir-hf-601648,alpha-iso-Methylionone,127-51-5,IFRA_STD_063,0,1,rango,Perfumiarz: SDS I03900_FDSu_06-24.pdf,proveedor,https://perfumiarz.com/products/cuir-hf-601648,2026-09-30,"CAS: 127-51-5 GHS07, GHS09 || EC: 204-843-7 Wng 0-1","rango de la sección 3 de la SDS (banda de clasificación, no una medida); el 0 es el borde de la banda, no una medida; CAS y % emparejados por orden en la página (mismo número de CAS y de %; la tabla maqueta mal): comprobar contra el PDF; sin fila en nombres-proveedores (producto sin CAS)"
,,cuir-hf-601648,alpha-Cedrene,469-61-4,IFRA_STD_197,0,1,rango,Perfumiarz: SDS I03900_FDSu_06-24.pdf,proveedor,https://perfumiarz.com/products/cuir-hf-601648,2026-09-30,"CAS: 469-61-4 GHS07, GHS09, GHS08 0-1","rango de la sección 3 de la SDS (banda de clasificación, no una medida); el 0 es el borde de la banda, no una medida; CAS y % emparejados por orden en la página (mismo número de CAS y de %; la tabla maqueta mal): comprobar contra el PDF; sin fila en nombres-proveedores (producto sin CAS)"
,,cuir-hf-601648,Benzyl benzoate,120-51-4,IFRA_STD_009,0,1,rango,Perfumiarz: SDS I03900_FDSu_06-24.pdf,proveedor,https://perfumiarz.com/products/cuir-hf-601648,2026-09-30,"CAS: 120-51-4 GHS07, GHS09 0-1","rango de la sección 3 de la SDS (banda de clasificación, no una medida); el 0 es el borde de la banda, no una medida; CAS y % emparejados por orden en la página (mismo número de CAS y de %; la tabla maqueta mal): comprobar contra el PDF; sin fila en nombres-proveedores (producto sin CAS)"
,,cuir-hf-601648,Cinnamaldehyde,104-55-2,IFRA_STD_018,0,1,rango,Perfumiarz: SDS I03900_FDSu_06-24.pdf,proveedor,https://perfumiarz.com/products/cuir-hf-601648,2026-09-30,"CAS: 104-55-2 Skin Irrit. 2, H315 || REACH: 01-2119519223-49 Flam. Liq. 3, H226 0-1","rango de la sección 3 de la SDS (banda de clasificación, no una medida); el 0 es el borde de la banda, no una medida; CAS y % emparejados por orden en la página (mismo número de CAS y de %; la tabla maqueta mal): comprobar contra el PDF; sin fila en nombres-proveedores (producto sin CAS)"
,,cuir-hf-601648,Isoeugenol,97-54-1,IFRA_STD_048,0,1,rango,Perfumiarz: SDS I03900_FDSu_06-24.pdf,proveedor,https://perfumiarz.com/products/cuir-hf-601648,2026-09-30,"CAS: 97-54-1 Aquatic Chronic 1, H410 || PIN-2(3)-ÈNE Acute Tox. 4, H302 0-1","rango de la sección 3 de la SDS (banda de clasificación, no una medida); el 0 es el borde de la banda, no una medida; CAS y % emparejados por orden en la página (mismo número de CAS y de %; la tabla maqueta mal): comprobar contra el PDF; sin fila en nombres-proveedores (producto sin CAS)"
,,allogal-base-38350-b,"2,4,6-Trimethylcyclohex-3-enecarbaldehyde",1423-46-7,IFRA_STD_046,0.5,1,rango,Perfumiarz: SDS W01070_FDSu_04-23.pdf,proveedor,https://perfumiarz.com/products/allogal-base-38350-b,2026-09-30,CAS: 1423-46-7 GHS07 0.5-1,"rango de la sección 3 de la SDS (banda de clasificación, no una medida); CAS y % emparejados por orden en la página (mismo número de CAS y de %; la tabla maqueta mal): comprobar contra el PDF; sin fila en nombres-proveedores (producto sin CAS)"
,,allogal-base-38350-b,"2,4-Dimethyl-3-cyclohexen-1-carboxaldehyde",68039-49-6,IFRA_STD_030,0.5,1,rango,Perfumiarz: SDS W01070_FDSu_04-23.pdf,proveedor,https://perfumiarz.com/products/allogal-base-38350-b,2026-09-30,"2,4-DIMETHYL-(CAS 68039-49-6) Skin Sens. 1B, H317 || 0.5-1","rango de la sección 3 de la SDS (banda de clasificación, no una medida); CAS y % emparejados por orden en la página (mismo número de CAS y de %; la tabla maqueta mal): comprobar contra el PDF; sin fila en nombres-proveedores (producto sin CAS)"
,,allogal-base-38350-b,dl-Citronellol,106-22-9,IFRA_STD_022,0.1,0.5,rango,Perfumiarz: SDS W01070_FDSu_04-23.pdf,proveedor,https://perfumiarz.com/products/allogal-base-38350-b,2026-09-30,CAS: 106-22-9 GHS07 || EC: 215-833-7 Wng 0.1-0.5,"rango de la sección 3 de la SDS (banda de clasificación, no una medida); CAS y % emparejados por orden en la página (mismo número de CAS y de %; la tabla maqueta mal): comprobar contra el PDF; sin fila en nombres-proveedores (producto sin CAS)"
,,allogal-base-38350-b,Hydroxycitronellal,107-75-5,IFRA_STD_043,0.1,0.5,rango,Perfumiarz: SDS W01070_FDSu_04-23.pdf,proveedor,https://perfumiarz.com/products/allogal-base-38350-b,2026-09-30,CAS: 107-75-5 GHS07 || 0.1-0.5,"rango de la sección 3 de la SDS (banda de clasificación, no una medida); CAS y % emparejados por orden en la página (mismo número de CAS y de %; la tabla maqueta mal): comprobar contra el PDF; sin fila en nombres-proveedores (producto sin CAS)"
,,black-agar-296985,trans-Isoeugenol,5932-68-3,IFRA_STD_048,0,0.1,rango,Perfumiarz: SDS W02033_FDSu_05-23.pdf,proveedor,https://perfumiarz.com/products/black-agar-296985,2026-09-30,CAS: 5932-68-3 GHS07 0-0.1,"rango de la sección 3 de la SDS (banda de clasificación, no una medida); el 0 es el borde de la banda, no una medida; CAS y % emparejados por orden en la página (mismo número de CAS y de %; la tabla maqueta mal): comprobar contra el PDF; sin fila en nombres-proveedores (producto sin CAS)"
,,black-agar-296985,Benzyl cinnamate,103-41-3,IFRA_STD_010,0.1,0.5,rango,Perfumiarz: SDS W02033_FDSu_05-23.pdf,proveedor,https://perfumiarz.com/products/black-agar-296985,2026-09-30,"CAS: 103-41-3 GHS09, GHS07 || 0.1-0.5","rango de la sección 3 de la SDS (banda de clasificación, no una medida); CAS y % emparejados por orden en la página (mismo número de CAS y de %; la tabla maqueta mal): comprobar contra el PDF; sin fila en nombres-proveedores (producto sin CAS)"
,,bois-dore-013041,alpha-Cedrene,469-61-4,IFRA_STD_197,15,20,rango,Perfumiarz: SDS W02040_FDSu_05-24.pdf,proveedor,https://perfumiarz.com/products/bois-dore-013041,2026-09-30,"CAS: 469-61-4 GHS07, GHS09, GHS08 15-20","rango de la sección 3 de la SDS (banda de clasificación, no una medida); CAS y % emparejados por orden en la página (mismo número de CAS y de %; la tabla maqueta mal): comprobar contra el PDF; sin fila en nombres-proveedores (producto sin CAS)"
,,bois-dore-013041,d-Limonene,5989-27-5,IFRA_STD_186,5,7.5,rango,Perfumiarz: SDS W02040_FDSu_05-24.pdf,proveedor,https://perfumiarz.com/products/bois-dore-013041,2026-09-30,"CAS: 5989-27-5 GHS02, GHS07, GHS08, GHS09 [i] 5-7.5","rango de la sección 3 de la SDS (banda de clasificación, no una medida); CAS y % emparejados por orden en la página (mismo número de CAS y de %; la tabla maqueta mal): comprobar contra el PDF; sin fila en nombres-proveedores (producto sin CAS)"
,,bois-dore-013041,omega-Pentadecalactone,106-02-5,IFRA_STD_026,0.1,0.5,rango,Perfumiarz: SDS W02040_FDSu_05-24.pdf,proveedor,https://perfumiarz.com/products/bois-dore-013041,2026-09-30,"CAS: 106-02-5 GHS07, GHS09 || 0.1-0.5","rango de la sección 3 de la SDS (banda de clasificación, no una medida); CAS y % emparejados por orden en la página (mismo número de CAS y de %; la tabla maqueta mal): comprobar contra el PDF; sin fila en nombres-proveedores (producto sin CAS)"
,,casmere-musk,"3,4,5,6,6-Pentamethylhept-3-en-2-one",86115-11-9,IFRA_STD_232,2.5,5,rango,Perfumiarz: SDS W03023_FDSu_08-24.pdf,proveedor,https://perfumiarz.com/products/casmere-musk,2026-09-30,"CAS: 86115-11-9 GHS09, GHS07 2.5-5","rango de la sección 3 de la SDS (banda de clasificación, no una medida); CAS y % emparejados por orden en la página (mismo número de CAS y de %; la tabla maqueta mal): comprobar contra el PDF; sin fila en nombres-proveedores (producto sin CAS)"
,,casmere-musk,omega-Pentadecalactone,106-02-5,IFRA_STD_026,2.5,5,rango,Perfumiarz: SDS W03023_FDSu_08-24.pdf,proveedor,https://perfumiarz.com/products/casmere-musk,2026-09-30,"CAS: 106-02-5 GHS07, GHS09 || EC: 289-194-8 Wng 2.5-5","rango de la sección 3 de la SDS (banda de clasificación, no una medida); CAS y % emparejados por orden en la página (mismo número de CAS y de %; la tabla maqueta mal): comprobar contra el PDF; sin fila en nombres-proveedores (producto sin CAS)"
,,cassis-base-345-b,"1-(5,5-Dimethyl-1-cyclohexen-1-yl)pent-4-en-1-one",56973-85-4,IFRA_STD_031,0.1,0.5,rango,Perfumiarz: SDS W03040_FDSu_04-24.pdf,proveedor,https://perfumiarz.com/products/cassis-base-345-b,2026-09-30,"CAS: 56973-85-4 GHS09, GHS07 0.1-0.5","rango de la sección 3 de la SDS (banda de clasificación, no una medida); CAS y % emparejados por orden en la página (mismo número de CAS y de %; la tabla maqueta mal): comprobar contra el PDF; sin fila en nombres-proveedores (producto sin CAS)"
,8000-27-9,Cedarwood Virginia Oil,alpha-Cedrene,469-61-4,IFRA_STD_197,30,40,rango,Perfumiarz: SDS W03080_FDSu_06-24.pdf,proveedor,https://perfumiarz.com/products/cedarwood-virginia,2026-09-30,"CAS: 469-61-4 GHS07, GHS09, GHS08 30-40","rango de la sección 3 de la SDS (banda de clasificación, no una medida); CAS y % emparejados por orden en la página (mismo número de CAS y de %; la tabla maqueta mal): comprobar contra el PDF; forma ambigua, candidatas: fig:1367, fig:1368"
,8000-27-9,Cedarwood Virginia Oil,β.-Cedrene,546-28-1,IFRA_STD_197,5,7.5,rango,Perfumiarz: SDS W03080_FDSu_06-24.pdf,proveedor,https://perfumiarz.com/products/cedarwood-virginia,2026-09-30,"CAS: 546-28-1 GHS09, GHS08 5-7.5","rango de la sección 3 de la SDS (banda de clasificación, no una medida); CAS y % emparejados por orden en la página (mismo número de CAS y de %; la tabla maqueta mal): comprobar contra el PDF; forma ambigua, candidatas: fig:1367, fig:1368"
,85085-41-2,Cedarwood Virginia Super Rectified,alpha-Cedrene,469-61-4,IFRA_STD_197,20,30,rango,Perfumiarz: SDS W03083_FDSu_06-24.pdf,proveedor,https://perfumiarz.com/products/cedarwood-virginia-super-rectified,2026-09-30,"CAS: 469-61-4 GHS07, GHS09, GHS08 20-30","rango de la sección 3 de la SDS (banda de clasificación, no una medida); CAS y % emparejados por orden en la página (mismo número de CAS y de %; la tabla maqueta mal): comprobar contra el PDF; CAS 85085-41-2 sin fila en el glosario"
,,cuir-base-184028-e,Cinnamyl alcohol,104-54-1,IFRA_STD_017,5,7.5,rango,Perfumiarz: SDS W03263_FDSu_06-23.pdf,proveedor,https://perfumiarz.com/products/cuir-base-184028-e,2026-09-30,CAS: 104-54-1 GHS07 5-7.5,"rango de la sección 3 de la SDS (banda de clasificación, no una medida); CAS y % emparejados por orden en la página (mismo número de CAS y de %; la tabla maqueta mal): comprobar contra el PDF; sin fila en nombres-proveedores (producto sin CAS)"
,,cuir-base-184028-e,Benzyl cinnamate,103-41-3,IFRA_STD_010,0.1,0.5,rango,Perfumiarz: SDS W03263_FDSu_06-23.pdf,proveedor,https://perfumiarz.com/products/cuir-base-184028-e,2026-09-30,"CAS: 103-41-3 GHS09, GHS07 0.1-0.5","rango de la sección 3 de la SDS (banda de clasificación, no una medida); CAS y % emparejados por orden en la página (mismo número de CAS y de %; la tabla maqueta mal): comprobar contra el PDF; sin fila en nombres-proveedores (producto sin CAS)"
,,cuir-base-184028-e,alpha-Cedrene,469-61-4,IFRA_STD_197,0.1,0.5,rango,Perfumiarz: SDS W03263_FDSu_06-23.pdf,proveedor,https://perfumiarz.com/products/cuir-base-184028-e,2026-09-30,"CAS: 469-61-4 GHS07, GHS09, GHS08 0.1-0.5","rango de la sección 3 de la SDS (banda de clasificación, no una medida); CAS y % emparejados por orden en la página (mismo número de CAS y de %; la tabla maqueta mal): comprobar contra el PDF; sin fila en nombres-proveedores (producto sin CAS)"
,,cuir-base-184028-e,β.-Cedrene,546-28-1,IFRA_STD_197,0,0.1,rango,Perfumiarz: SDS W03263_FDSu_06-23.pdf,proveedor,https://perfumiarz.com/products/cuir-base-184028-e,2026-09-30,"CAS: 546-28-1 GHS09, GHS08 0-0.1","rango de la sección 3 de la SDS (banda de clasificación, no una medida); el 0 es el borde de la banda, no una medida; CAS y % emparejados por orden en la página (mismo número de CAS y de %; la tabla maqueta mal): comprobar contra el PDF; sin fila en nombres-proveedores (producto sin CAS)"
,,cuir-base-184028-e,trans-Isoeugenol,5932-68-3,IFRA_STD_048,0,0.1,rango,Perfumiarz: SDS W03263_FDSu_06-23.pdf,proveedor,https://perfumiarz.com/products/cuir-base-184028-e,2026-09-30,CAS: 5932-68-3 GHS07 0-0.1,"rango de la sección 3 de la SDS (banda de clasificación, no una medida); el 0 es el borde de la banda, no una medida; CAS y % emparejados por orden en la página (mismo número de CAS y de %; la tabla maqueta mal): comprobar contra el PDF; sin fila en nombres-proveedores (producto sin CAS)"
,,cuir-base-184028-e,Cinnamaldehyde,104-55-2,IFRA_STD_018,0,0.1,rango,Perfumiarz: SDS W03263_FDSu_06-23.pdf,proveedor,https://perfumiarz.com/products/cuir-base-184028-e,2026-09-30,CAS: 104-55-2 GHS07 || 0-0.1,"rango de la sección 3 de la SDS (banda de clasificación, no una medida); el 0 es el borde de la banda, no una medida; CAS y % emparejados por orden en la página (mismo número de CAS y de %; la tabla maqueta mal): comprobar contra el PDF; sin fila en nombres-proveedores (producto sin CAS)"
,68916-60-9,Cypriol Coeur (Firmenich),d-Limonene,5989-27-5,IFRA_STD_186,0.1,0.5,rango,Perfumiarz: SDS W03980_FDSu_04-22.pdf,proveedor,https://perfumiarz.com/products/cypriol-heart,2026-09-30,"CAS: 5989-27-5 GHS07, GHS09, GHS08, GHS02 || 6,6-DIMETHYL-2-METHYLENE-, (1S)- Asp. Tox. 1, H304 [1] 0.1 - 0.5","rango de la sección 3 de la SDS (banda de clasificación, no una medida); CAS y % emparejados por orden en la página (mismo número de CAS y de %; la tabla maqueta mal): comprobar contra el PDF; forma ambigua, candidatas: fig:1607, fig:1608"
,,dorinia-sa-e,Geraniol,106-24-1,IFRA_STD_037,7.5,10,rango,Perfumiarz: SDS W04150_FDSu_06-24.pdf,proveedor,https://perfumiarz.com/products/dorinia-sa-e,2026-09-30,"CAS: 106-24-1 Dgr || REACH: 01-2119963921-31 Eye Irrit. 2, H319 7.5-10","rango de la sección 3 de la SDS (banda de clasificación, no una medida); CAS y % emparejados por orden en la página (mismo número de CAS y de %; la tabla maqueta mal): comprobar contra el PDF; sin fila en nombres-proveedores (producto sin CAS)"
,,dorinia-sa-e,Cinnamyl alcohol,104-54-1,IFRA_STD_017,5,7.5,rango,Perfumiarz: SDS W04150_FDSu_06-24.pdf,proveedor,https://perfumiarz.com/products/dorinia-sa-e,2026-09-30,CAS: 104-54-1 GHS07 5-7.5,"rango de la sección 3 de la SDS (banda de clasificación, no una medida); CAS y % emparejados por orden en la página (mismo número de CAS y de %; la tabla maqueta mal): comprobar contra el PDF; sin fila en nombres-proveedores (producto sin CAS)"
,,dorinia-sa-e,"(2E)-1-(2,6,6-Trimethyl-1-cyclohexen-1-yl)-2-buten-1-one",23726-91-2,IFRA_STD_077,2.5,5,rango,Perfumiarz: SDS W04150_FDSu_06-24.pdf,proveedor,https://perfumiarz.com/products/dorinia-sa-e,2026-09-30,"CAS: 23726-91-2 GHS07, GHS09 || EC: 203-212-3 Wng 2.5-5","rango de la sección 3 de la SDS (banda de clasificación, no una medida); CAS y % emparejados por orden en la página (mismo número de CAS y de %; la tabla maqueta mal): comprobar contra el PDF; sin fila en nombres-proveedores (producto sin CAS)"
,,dorinia-sa-e,dl-Citronellol,106-22-9,IFRA_STD_022,0.5,1,rango,Perfumiarz: SDS W04150_FDSu_06-24.pdf,proveedor,https://perfumiarz.com/products/dorinia-sa-e,2026-09-30,CAS: 106-22-9 GHS07 0.5-1,"rango de la sección 3 de la SDS (banda de clasificación, no una medida); CAS y % emparejados por orden en la página (mismo número de CAS y de %; la tabla maqueta mal): comprobar contra el PDF; sin fila en nombres-proveedores (producto sin CAS)"
,,dorinia-sa-e,Benzyl alcohol,100-51-6,IFRA_STD_008,0.1,0.5,rango,Perfumiarz: SDS W04150_FDSu_06-24.pdf,proveedor,https://perfumiarz.com/products/dorinia-sa-e,2026-09-30,CAS: 100-51-6 GHS07 [i] || 0.1-0.5,"rango de la sección 3 de la SDS (banda de clasificación, no una medida); CAS y % emparejados por orden en la página (mismo número de CAS y de %; la tabla maqueta mal): comprobar contra el PDF; sin fila en nombres-proveedores (producto sin CAS)"
,,dorinia-sa-e,"2,4-Dimethyl-3-cyclohexen-1-carboxaldehyde",68039-49-6,IFRA_STD_030,0.1,0.5,rango,Perfumiarz: SDS W04150_FDSu_06-24.pdf,proveedor,https://perfumiarz.com/products/dorinia-sa-e,2026-09-30,"2,4-DIMETHYL-(CAS 68039-49-6) Skin Sens. 1B, H317 || EC: 203-375-0 Wng 0.1-0.5","rango de la sección 3 de la SDS (banda de clasificación, no una medida); CAS y % emparejados por orden en la página (mismo número de CAS y de %; la tabla maqueta mal): comprobar contra el PDF; sin fila en nombres-proveedores (producto sin CAS)"
,,dorinia-sa-e,4-Methoxy-alpha-methylbenzenepropanal,5462-06-6,IFRA_STD_057,0.1,0.5,rango,Perfumiarz: SDS W04150_FDSu_06-24.pdf,proveedor,https://perfumiarz.com/products/dorinia-sa-e,2026-09-30,CAS: 5462-06-6 GHS07 || 0.1-0.5,"rango de la sección 3 de la SDS (banda de clasificación, no una medida); CAS y % emparejados por orden en la página (mismo número de CAS y de %; la tabla maqueta mal): comprobar contra el PDF; sin fila en nombres-proveedores (producto sin CAS)"
,,dorinia-sa-e,Citral,5392-40-5,IFRA_STD_021,0.1,0.5,rango,Perfumiarz: SDS W04150_FDSu_06-24.pdf,proveedor,https://perfumiarz.com/products/dorinia-sa-e,2026-09-30,CAS: 5392-40-5 GHS07 [i] || 0.1-0.5,"rango de la sección 3 de la SDS (banda de clasificación, no una medida); CAS y % emparejados por orden en la página (mismo número de CAS y de %; la tabla maqueta mal): comprobar contra el PDF; sin fila en nombres-proveedores (producto sin CAS)"
,,dorinia-sa-e,Cinnamaldehyde,104-55-2,IFRA_STD_018,0,0.1,rango,Perfumiarz: SDS W04150_FDSu_06-24.pdf,proveedor,https://perfumiarz.com/products/dorinia-sa-e,2026-09-30,"CAS: 104-55-2 GHS07 || Eye Irrit. 2, H319 0-0.1","rango de la sección 3 de la SDS (banda de clasificación, no una medida); el 0 es el borde de la banda, no una medida; CAS y % emparejados por orden en la página (mismo número de CAS y de %; la tabla maqueta mal): comprobar contra el PDF; sin fila en nombres-proveedores (producto sin CAS)"
,8046-22-8,Tonka Absolute,Coumarin,91-64-5,IFRA_STD_023,70,80,rango,Perfumiarz: SDS W06051_FDSu_11-24.pdf,proveedor,https://perfumiarz.com/products/tonka-absolute,2026-09-30,CAS: 91-64-5 GHS07 70-80,"rango de la sección 3 de la SDS (banda de clasificación, no una medida); CAS y % emparejados por orden en la página (mismo número de CAS y de %; la tabla maqueta mal): comprobar contra el PDF; CAS 8046-22-8 sin fila en el glosario"
,8046-22-8,Tonka Absolute,Dihydrocoumarin,119-84-6,IFRA_STD_029,5,7.5,rango,Perfumiarz: SDS W06051_FDSu_11-24.pdf,proveedor,https://perfumiarz.com/products/tonka-absolute,2026-09-30,CAS: 119-84-6 GHS07 5-7.5,"rango de la sección 3 de la SDS (banda de clasificación, no una medida); CAS y % emparejados por orden en la página (mismo número de CAS y de %; la tabla maqueta mal): comprobar contra el PDF; CAS 8046-22-8 sin fila en el glosario"
,90045-56-0,Immortele Absolute,d-Limonene,5989-27-5,IFRA_STD_186,0.1,0.5,rango,Perfumiarz: SDS W09010_FDSu_11-24.pdf,proveedor,https://perfumiarz.com/products/immortele-absolute,2026-09-30,"CAS: 5989-27-5 GHS02, GHS07, GHS08, GHS09 [i] 0.1-0.5","rango de la sección 3 de la SDS (banda de clasificación, no una medida); CAS y % emparejados por orden en la página (mismo número de CAS y de %; la tabla maqueta mal): comprobar contra el PDF; CAS 90045-56-0 sin fila en el glosario"
,90045-56-0,Immortele Absolute,alpha-Cedrene,469-61-4,IFRA_STD_197,0.1,0.5,rango,Perfumiarz: SDS W09010_FDSu_11-24.pdf,proveedor,https://perfumiarz.com/products/immortele-absolute,2026-09-30,"CAS: 469-61-4 GHS07, GHS09, GHS08 0.1-0.5","rango de la sección 3 de la SDS (banda de clasificación, no una medida); CAS y % emparejados por orden en la página (mismo número de CAS y de %; la tabla maqueta mal): comprobar contra el PDF; CAS 90045-56-0 sin fila en el glosario"
,8022-15-9,Lavandin Grosso Oil (France),1-Octen-3-yl acetate,2442-10-6,IFRA_STD_069,0.1,0.5,rango,Perfumiarz: SDS W12018_FDSu_04-21.pdf,proveedor,https://perfumiarz.com/products/lavandin-grosso-france,2026-09-30,CAS: 2442-10-6 GHS07 0.1 - 0.5,"rango de la sección 3 de la SDS (banda de clasificación, no una medida); CAS y % emparejados por orden en la página (mismo número de CAS y de %; la tabla maqueta mal): comprobar contra el PDF; forma ambigua, candidatas: fig:2164, fig:2166, fig:2173, fig:2174, fig:2175, tl:lavandin-abrialis-oil-low-coumarin, tl:lavandin-abrialis-oil-rectified, tl:lavandin-grosso-oil-rectified"
,8022-15-9,Lavandin Grosso Oil (France),Coumarin,91-64-5,IFRA_STD_023,0.1,0.5,rango,Perfumiarz: SDS W12018_FDSu_04-21.pdf,proveedor,https://perfumiarz.com/products/lavandin-grosso-france,2026-09-30,CAS: 91-64-5 GHS07 || EC: 219-474-7 Wng 0.1 - 0.5,"rango de la sección 3 de la SDS (banda de clasificación, no una medida); CAS y % emparejados por orden en la página (mismo número de CAS y de %; la tabla maqueta mal): comprobar contra el PDF; forma ambigua, candidatas: fig:2164, fig:2166, fig:2173, fig:2174, fig:2175, tl:lavandin-abrialis-oil-low-coumarin, tl:lavandin-abrialis-oil-rectified, tl:lavandin-grosso-oil-rectified"
,8006-90-4,Mint Piperita Oil,d-Limonene,5989-27-5,IFRA_STD_186,1,2.5,rango,Perfumiarz: SDS W13063_FDSu_08-21.pdf,proveedor,https://perfumiarz.com/products/mint-piperita,2026-09-30,"CAS: 5989-27-5 GHS02, GHS07, GHS08, GHS09 [1] 1-2.5","rango de la sección 3 de la SDS (banda de clasificación, no una medida); CAS y % emparejados por orden en la página (mismo número de CAS y de %; la tabla maqueta mal): comprobar contra el PDF; forma ambigua, candidatas: fig:2634, fig:2635"
,,mimosa-absolute-base-synthetic,Anisyl alcohol,105-13-5,IFRA_STD_006,2.5,5,rango,Perfumiarz: SDS W13082_FDSu_04-22.pdf,proveedor,https://perfumiarz.com/products/mimosa-absolute-base-synthetic,2026-09-30,CAS: 105-13-5 GHS07 2.5 - 5,"rango de la sección 3 de la SDS (banda de clasificación, no una medida); CAS y % emparejados por orden en la página (mismo número de CAS y de %; la tabla maqueta mal): comprobar contra el PDF; sin fila en nombres-proveedores (producto sin CAS)"
,,honey-provence-firabs-honey-signature,Furfural,98-01-1,IFRA_STD_098,0.1,0.5,rango,Perfumiarz: SDS W13094_FDSu_05-25.pdf,proveedor,https://perfumiarz.com/products/honey-provence-firabs-honey-signature,2026-09-30,"CAS: 98-01-1 GHS06, GHS08, GHS02 [i] 0.1-0.5","rango de la sección 3 de la SDS (banda de clasificación, no una medida); CAS y % emparejados por orden en la página (mismo número de CAS y de %; la tabla maqueta mal): comprobar contra el PDF; sin fila en nombres-proveedores (producto sin CAS)"
,,honey-provence-firabs-honey-signature,"(2E)-1-(2,6,6-Trimethyl-1,3-cyclohexadien-1-yl)-2-buten-1-one",23726-93-4,IFRA_STD_077,0.1,0.5,rango,Perfumiarz: SDS W13094_FDSu_05-25.pdf,proveedor,https://perfumiarz.com/products/honey-provence-firabs-honey-signature,2026-09-30,"CAS: 23726-93-4 GHS07, GHS09 0.1-0.5","rango de la sección 3 de la SDS (banda de clasificación, no una medida); CAS y % emparejados por orden en la página (mismo número de CAS y de %; la tabla maqueta mal): comprobar contra el PDF; sin fila en nombres-proveedores (producto sin CAS)"
,,honey-provence-firabs-honey-signature,"(2E)-1-(2,6,6-Trimethyl-1-cyclohexen-1-yl)-2-buten-1-one",23726-91-2,IFRA_STD_077,0.1,0.5,rango,Perfumiarz: SDS W13094_FDSu_05-25.pdf,proveedor,https://perfumiarz.com/products/honey-provence-firabs-honey-signature,2026-09-30,"CAS: 23726-91-2 GHS07, GHS09 0.1-0.5","rango de la sección 3 de la SDS (banda de clasificación, no una medida); CAS y % emparejados por orden en la página (mismo número de CAS y de %; la tabla maqueta mal): comprobar contra el PDF; sin fila en nombres-proveedores (producto sin CAS)"
,,honey-provence-firabs-honey-signature,"[1.alpha.(E),2.beta.]-1-(2,6,6-Trimethyl-3-cyclohexen-1-yl)-2-buten-1-one",71048-82-3,IFRA_STD_077,0.1,0.5,rango,Perfumiarz: SDS W13094_FDSu_05-25.pdf,proveedor,https://perfumiarz.com/products/honey-provence-firabs-honey-signature,2026-09-30,"CAS: 71048-82-3 GHS07, GHS09 || 0.1-0.5","rango de la sección 3 de la SDS (banda de clasificación, no una medida); CAS y % emparejados por orden en la página (mismo número de CAS y de %; la tabla maqueta mal): comprobar contra el PDF; sin fila en nombres-proveedores (producto sin CAS)"
,,narcisse-base-184092-d,Linalool,78-70-6,IFRA_STD_187,1,2.5,rango,Perfumiarz: SDS W14013_FDSu_06-23.pdf,proveedor,https://perfumiarz.com/products/narcisse-base-184092-d,2026-09-30,CAS: 78-70-6 GHS07 1-2.5,"rango de la sección 3 de la SDS (banda de clasificación, no una medida); CAS y % emparejados por orden en la página (mismo número de CAS y de %; la tabla maqueta mal): comprobar contra el PDF; sin fila en nombres-proveedores (producto sin CAS)"
,,narcisse-base-184092-d,alpha-iso-Methylionone,127-51-5,IFRA_STD_063,1,2.5,rango,Perfumiarz: SDS W14013_FDSu_06-23.pdf,proveedor,https://perfumiarz.com/products/narcisse-base-184092-d,2026-09-30,"CAS: 127-51-5 GHS09, GHS07 || 1-2.5","rango de la sección 3 de la SDS (banda de clasificación, no una medida); CAS y % emparejados por orden en la página (mismo número de CAS y de %; la tabla maqueta mal): comprobar contra el PDF; sin fila en nombres-proveedores (producto sin CAS)"
,,narcisse-base-184092-d,Geraniol,106-24-1,IFRA_STD_037,1,2.5,rango,Perfumiarz: SDS W14013_FDSu_06-23.pdf,proveedor,https://perfumiarz.com/products/narcisse-base-184092-d,2026-09-30,"CAS: 106-24-1 GHS07, GHS05 || EC: 201-134-4 Wng 1-2.5","rango de la sección 3 de la SDS (banda de clasificación, no una medida); CAS y % emparejados por orden en la página (mismo número de CAS y de %; la tabla maqueta mal): comprobar contra el PDF; sin fila en nombres-proveedores (producto sin CAS)"
,,narcisse-base-184092-d,Eugenol,97-53-0,IFRA_STD_035,0.5,1,rango,Perfumiarz: SDS W14013_FDSu_06-23.pdf,proveedor,https://perfumiarz.com/products/narcisse-base-184092-d,2026-09-30,CAS: 97-53-0 GHS07 || 0.5-1,"rango de la sección 3 de la SDS (banda de clasificación, no una medida); CAS y % emparejados por orden en la página (mismo número de CAS y de %; la tabla maqueta mal): comprobar contra el PDF; sin fila en nombres-proveedores (producto sin CAS)"
,,narcisse-base-184092-d,dl-Citronellol,106-22-9,IFRA_STD_022,0.5,1,rango,Perfumiarz: SDS W14013_FDSu_06-23.pdf,proveedor,https://perfumiarz.com/products/narcisse-base-184092-d,2026-09-30,"CAS: 106-22-9 GHS07 || REACH: 01-2119474016-42 Skin Irrit. 2, H315 0.5-1","rango de la sección 3 de la SDS (banda de clasificación, no una medida); CAS y % emparejados por orden en la página (mismo número de CAS y de %; la tabla maqueta mal): comprobar contra el PDF; sin fila en nombres-proveedores (producto sin CAS)"
,,parmantheme,alpha-iso-Methylionone,127-51-5,IFRA_STD_063,15,20,rango,Perfumiarz: SDS W16029_FDSu_05-23.pdf,proveedor,https://perfumiarz.com/products/parmantheme,2026-09-30,"CAS: 127-51-5 GHS09, GHS07 15 - 20","rango de la sección 3 de la SDS (banda de clasificación, no una medida); CAS y % emparejados por orden en la página (mismo número de CAS y de %; la tabla maqueta mal): comprobar contra el PDF; sin fila en nombres-proveedores (producto sin CAS)"
,,parmantheme,Methyl-alpha-ionone,127-42-4,IFRA_STD_063,15,20,rango,Perfumiarz: SDS W16029_FDSu_05-23.pdf,proveedor,https://perfumiarz.com/products/parmantheme,2026-09-30,"CAS: 127-42-4 GHS07, GHS09 15 - 20","rango de la sección 3 de la SDS (banda de clasificación, no una medida); CAS y % emparejados por orden en la página (mismo número de CAS y de %; la tabla maqueta mal): comprobar contra el PDF; sin fila en nombres-proveedores (producto sin CAS)"
,,parmantheme,Hydroxycitronellal,107-75-5,IFRA_STD_043,0.1,0.5,rango,Perfumiarz: SDS W16029_FDSu_05-23.pdf,proveedor,https://perfumiarz.com/products/parmantheme,2026-09-30,CAS: 107-75-5 GHS07 0.1 - 0.5,"rango de la sección 3 de la SDS (banda de clasificación, no una medida); CAS y % emparejados por orden en la página (mismo número de CAS y de %; la tabla maqueta mal): comprobar contra el PDF; sin fila en nombres-proveedores (producto sin CAS)"
,,parmantheme,Methyl 2-nonynoate,111-80-8,IFRA_STD_064,0,0.1,rango,Perfumiarz: SDS W16029_FDSu_05-23.pdf,proveedor,https://perfumiarz.com/products/parmantheme,2026-09-30,"CAS: 111-80-8 GHS07, GHS09 || EC: 203-518-7 Wng 0 - 0.1","rango de la sección 3 de la SDS (banda de clasificación, no una medida); el 0 es el borde de la banda, no una medida; CAS y % emparejados por orden en la página (mismo número de CAS y de %; la tabla maqueta mal): comprobar contra el PDF; sin fila en nombres-proveedores (producto sin CAS)"
,,sarriette-base-199618-d,"2,4-Dimethyl-3-cyclohexen-1-carboxaldehyde",68039-49-6,IFRA_STD_030,1,2.5,rango,Perfumiarz: SDS W19037_FDSu_06-23.pdf,proveedor,https://perfumiarz.com/products/sarriette-base-199618-d,2026-09-30,"2,4-DIMETHYL-(CAS 68039-49-6) Skin Sens. 1B, H317 || 1-2.5","rango de la sección 3 de la SDS (banda de clasificación, no una medida); CAS y % emparejados por orden en la página (mismo número de CAS y de %; la tabla maqueta mal): comprobar contra el PDF; sin fila en nombres-proveedores (producto sin CAS)"
,,sarriette-base-199618-d,Carvone,99-49-0,IFRA_STD_016,1,2.5,rango,Perfumiarz: SDS W19037_FDSu_06-23.pdf,proveedor,https://perfumiarz.com/products/sarriette-base-199618-d,2026-09-30,"CAS: 99-49-0 GHS07 || CYCLOHEXANONE, 1-2.5","rango de la sección 3 de la SDS (banda de clasificación, no una medida); CAS y % emparejados por orden en la página (mismo número de CAS y de %; la tabla maqueta mal): comprobar contra el PDF; sin fila en nombres-proveedores (producto sin CAS)"
,,teak,"1-(1,2,3,4,5,6,7,8-Octahydro-2,3,8,8-tetramethyl-2-naphthalenyl)ethanone",54464-57-2,IFRA_STD_068,7.5,10,rango,Perfumiarz: SDS W20037_FDSu_07-24.pdf,proveedor,https://perfumiarz.com/products/teak,2026-09-30,"CAS: 54464-57-2 GHS07, GHS09 7.5-10","rango de la sección 3 de la SDS (banda de clasificación, no una medida); CAS y % emparejados por orden en la página (mismo número de CAS y de %; la tabla maqueta mal): comprobar contra el PDF; sin fila en nombres-proveedores (producto sin CAS)"
,,teak,"1-(2,2,6-Trimethylcyclohexyl)-3-hexanol",70788-30-6,IFRA_STD_221,7.5,10,rango,Perfumiarz: SDS W20037_FDSu_07-24.pdf,proveedor,https://perfumiarz.com/products/teak,2026-09-30,CAS: 70788-30-6 GHS07 || 7.5-10,"rango de la sección 3 de la SDS (banda de clasificación, no una medida); CAS y % emparejados por orden en la página (mismo número de CAS y de %; la tabla maqueta mal): comprobar contra el PDF; sin fila en nombres-proveedores (producto sin CAS)"
,,teak,dl-Citronellol,106-22-9,IFRA_STD_022,7.5,10,rango,Perfumiarz: SDS W20037_FDSu_07-24.pdf,proveedor,https://perfumiarz.com/products/teak,2026-09-30,"CAS: 106-22-9 GHS07 || Skin Irrit. 2, H315 7.5-10","rango de la sección 3 de la SDS (banda de clasificación, no una medida); CAS y % emparejados por orden en la página (mismo número de CAS y de %; la tabla maqueta mal): comprobar contra el PDF; sin fila en nombres-proveedores (producto sin CAS)"
,,tolu-balsam-resinoide,Benzyl benzoate,120-51-4,IFRA_STD_009,2.5,5,rango,Perfumiarz: SDS W20726_FDSu_01-24.pdf,proveedor,https://perfumiarz.com/products/tolu-balsam-resinoide,2026-09-30,"CAS: 120-51-4 GHS07, GHS09 2.5-5","rango de la sección 3 de la SDS (banda de clasificación, no una medida); CAS y % emparejados por orden en la página (mismo número de CAS y de %; la tabla maqueta mal): comprobar contra el PDF; sin fila en nombres-proveedores (producto sin CAS)"
,,tolu-balsam-resinoide,Benzyl cinnamate,103-41-3,IFRA_STD_010,2.5,5,rango,Perfumiarz: SDS W20726_FDSu_01-24.pdf,proveedor,https://perfumiarz.com/products/tolu-balsam-resinoide,2026-09-30,"CAS: 103-41-3 GHS09, GHS07 2.5-5","rango de la sección 3 de la SDS (banda de clasificación, no una medida); CAS y % emparejados por orden en la página (mismo número de CAS y de %; la tabla maqueta mal): comprobar contra el PDF; sin fila en nombres-proveedores (producto sin CAS)"
,,tolu-balsam-resinoide,trans-Isoeugenol,5932-68-3,IFRA_STD_048,0,0.1,rango,Perfumiarz: SDS W20726_FDSu_01-24.pdf,proveedor,https://perfumiarz.com/products/tolu-balsam-resinoide,2026-09-30,CAS: 5932-68-3 GHS07 0-0.1,"rango de la sección 3 de la SDS (banda de clasificación, no una medida); el 0 es el borde de la banda, no una medida; CAS y % emparejados por orden en la página (mismo número de CAS y de %; la tabla maqueta mal): comprobar contra el PDF; sin fila en nombres-proveedores (producto sin CAS)"
,,tolu-balsam-resinoide,Cinnamaldehyde,104-55-2,IFRA_STD_018,0,0.1,rango,Perfumiarz: SDS W20726_FDSu_01-24.pdf,proveedor,https://perfumiarz.com/products/tolu-balsam-resinoide,2026-09-30,CAS: 104-55-2 GHS07 0-0.1,"rango de la sección 3 de la SDS (banda de clasificación, no una medida); el 0 es el borde de la banda, no una medida; CAS y % emparejados por orden en la página (mismo número de CAS y de %; la tabla maqueta mal): comprobar contra el PDF; sin fila en nombres-proveedores (producto sin CAS)"
,,vetyrisia,alpha-Cedrene,469-61-4,IFRA_STD_197,30,40,rango,Perfumiarz: SDS W22040_FDSu_04-22.pdf,proveedor,https://perfumiarz.com/products/vetyrisia,2026-09-30,"CAS: 469-61-4 GHS07, GHS09, GHS08 30-40","rango de la sección 3 de la SDS (banda de clasificación, no una medida); CAS y % emparejados por orden en la página (mismo número de CAS y de %; la tabla maqueta mal): comprobar contra el PDF; sin fila en nombres-proveedores (producto sin CAS)"
,,vetyrisia,alpha-iso-Methylionone,127-51-5,IFRA_STD_063,2.5,5,rango,Perfumiarz: SDS W22040_FDSu_04-22.pdf,proveedor,https://perfumiarz.com/products/vetyrisia,2026-09-30,"CAS: 127-51-5 GHS07, GHS09 2.5-5","rango de la sección 3 de la SDS (banda de clasificación, no una medida); CAS y % emparejados por orden en la página (mismo número de CAS y de %; la tabla maqueta mal): comprobar contra el PDF; sin fila en nombres-proveedores (producto sin CAS)"
,,vetyrisia,Methyl-alpha-ionone,127-42-4,IFRA_STD_063,2.5,5,rango,Perfumiarz: SDS W22040_FDSu_04-22.pdf,proveedor,https://perfumiarz.com/products/vetyrisia,2026-09-30,"CAS: 127-42-4 GHS07, GHS09 || 2.5-5","rango de la sección 3 de la SDS (banda de clasificación, no una medida); CAS y % emparejados por orden en la página (mismo número de CAS y de %; la tabla maqueta mal): comprobar contra el PDF; sin fila en nombres-proveedores (producto sin CAS)"
,,wardia_-184036,Benzyl alcohol,100-51-6,IFRA_STD_008,0.1,0.5,rango,Perfumiarz: SDS W23009_FDSu_05-24.pdf,proveedor,https://perfumiarz.com/products/wardia_-184036,2026-09-30,"CAS: 100-51-6 GHS07 || REACH: 01-2119990746-20 Skin Sens. 1B, H317 [i] 0.1-0.5","rango de la sección 3 de la SDS (banda de clasificación, no una medida); CAS y % emparejados por orden en la página (mismo número de CAS y de %; la tabla maqueta mal): comprobar contra el PDF; sin fila en nombres-proveedores (producto sin CAS)"
,,wardia_-184036,Citral,5392-40-5,IFRA_STD_021,0.1,0.5,rango,Perfumiarz: SDS W23009_FDSu_05-24.pdf,proveedor,https://perfumiarz.com/products/wardia_-184036,2026-09-30,CAS: 5392-40-5 GHS07 || EC: 202-859-9 Wng [i] 0.1-0.5,"rango de la sección 3 de la SDS (banda de clasificación, no una medida); CAS y % emparejados por orden en la página (mismo número de CAS y de %; la tabla maqueta mal): comprobar contra el PDF; sin fila en nombres-proveedores (producto sin CAS)"
,,yuzu-zest,d-Limonene,5989-27-5,IFRA_STD_186,25,30,rango,Perfumiarz: SDS 21007193_YUZU_ZEST_ABJ7091N_SDS_EN.pdf,proveedor,https://perfumiarz.com/products/yuzu-zest,2026-09-30,5989-27-5 || 1272/2008) >= 25 - < 30,"rango de la sección 3 de la SDS (banda de clasificación, no una medida); CAS y % emparejados por orden en la página (mismo número de CAS y de %; la tabla maqueta mal): comprobar contra el PDF; sin fila en nombres-proveedores (producto sin CAS)"
,,black-agar-givco,alpha-Cedrene,469-61-4,IFRA_STD_197,0.25,1,rango,Perfumiarz: SDS 21008947_BLACK_AGAR_GIVCO_2152_SDS_EN.pdf,proveedor,https://perfumiarz.com/products/black-agar-givco,2026-09-30,"alpha cedrene 469-61-4 Skin Irrit. 2; H315 >= 0,25 - < 1","rango de la sección 3 de la SDS (banda de clasificación, no una medida); CAS y % emparejados por orden en la página (mismo número de CAS y de %; la tabla maqueta mal): comprobar contra el PDF; sin fila en nombres-proveedores (producto sin CAS)"
,,black-agar-givco,Benzyl cinnamate,103-41-3,IFRA_STD_010,0.25,1,rango,Perfumiarz: SDS 21008947_BLACK_AGAR_GIVCO_2152_SDS_EN.pdf,proveedor,https://perfumiarz.com/products/black-agar-givco,2026-09-30,"2-propenoic acid, 3-phenyl-, 103-41-3 Acute oral toxicity: >= 0,25 - < 1","rango de la sección 3 de la SDS (banda de clasificación, no una medida); CAS y % emparejados por orden en la página (mismo número de CAS y de %; la tabla maqueta mal): comprobar contra el PDF; sin fila en nombres-proveedores (producto sin CAS)"
,91771-62-9,Cypriol Oil,Linalool,78-70-6,IFRA_STD_187,1,10,rango,Perfumiarz: SDS Cypriol_Oil_karta_charakterystyki_original_PL_05dfa30b-8ab9-4621-a531-ec4ac6d9128d.pdf,proveedor,https://perfumiarz.com/products/cypriol-oil,2026-09-30,CAS: 78-70-6 Wng 1-10,"rango de la sección 3 de la SDS (banda de clasificación, no una medida); CAS y % emparejados por orden en la página (mismo número de CAS y de %; la tabla maqueta mal): comprobar contra el PDF; CAS 91771-62-9 sin fila en el glosario"
,91771-62-9,Cypriol Oil,d-Limonene,5989-27-5,IFRA_STD_186,1,2.5,rango,Perfumiarz: SDS Cypriol_Oil_karta_charakterystyki_original_PL_05dfa30b-8ab9-4621-a531-ec4ac6d9128d.pdf,proveedor,https://perfumiarz.com/products/cypriol-oil,2026-09-30,"CAS: 5989-27-5 Eye Irrit. 2, H319 || LINALOL Skin Sens. 1B, H317 [i] 1-2.5","rango de la sección 3 de la SDS (banda de clasificación, no una medida); CAS y % emparejados por orden en la página (mismo número de CAS y de %; la tabla maqueta mal): comprobar contra el PDF; CAS 91771-62-9 sin fila en el glosario"
,8006-82-4,Black Pepper Oil (Sri Lanka),d-Limonene,5989-27-5,IFRA_STD_186,10,25,rango,Perfumiarz: SDS G16700_FDSpl_04-24.pdf,proveedor,https://perfumiarz.com/products/black-pepper-oil,2026-09-30,"CAS: 5989-27-5 GHS02, GHS07, GHS08, GHS09 [i] 10-25","rango de la sección 3 de la SDS (banda de clasificación, no una medida); CAS y % emparejados por orden en la página (mismo número de CAS y de %; la tabla maqueta mal): comprobar contra el PDF; forma ambigua, candidatas: fig:2624, fig:2625, fig:2629"
,8006-82-4,Black Pepper Oil (Sri Lanka),Linalool,78-70-6,IFRA_STD_187,0,2.5,rango,Perfumiarz: SDS G16700_FDSpl_04-24.pdf,proveedor,https://perfumiarz.com/products/black-pepper-oil,2026-09-30,CAS: 78-70-6 GHS07 || 0-2.5,"rango de la sección 3 de la SDS (banda de clasificación, no una medida); el 0 es el borde de la banda, no una medida; CAS y % emparejados por orden en la página (mismo número de CAS y de %; la tabla maqueta mal): comprobar contra el PDF; forma ambigua, candidatas: fig:2624, fig:2625, fig:2629"
,8015-73-4,Basil Grand Vert Oil (Egypt),d-Limonene,5989-27-5,IFRA_STD_186,0.25,1,rango,Perfumiarz: SDS H02020_FDSpl_06-22.pdf,proveedor,https://perfumiarz.com/products/bassil-grand-vert,2026-09-30,"CAS: 5989-27-5 GHS02, GHS07, GHS09 [1] 0.25 - 1","rango de la sección 3 de la SDS (banda de clasificación, no una medida); CAS y % emparejados por orden en la página (mismo número de CAS y de %; la tabla maqueta mal): comprobar contra el PDF; forma ambigua, candidatas: fig:1123, fig:1124, fig:1125, tl:basil-oil-chemotype-linalool-rectified"
,8015-73-4,Basil Grand Vert Oil (Egypt),Estragole,140-67-0,IFRA_STD_099,0.1,1,rango,Perfumiarz: SDS H02020_FDSpl_06-22.pdf,proveedor,https://perfumiarz.com/products/bassil-grand-vert,2026-09-30,"CAS: 140-67-0 GHS07, GHS08 [2] 0.1 - 1","rango de la sección 3 de la SDS (banda de clasificación, no una medida); CAS y % emparejados por orden en la página (mismo número de CAS y de %; la tabla maqueta mal): comprobar contra el PDF; forma ambigua, candidatas: fig:1123, fig:1124, fig:1125, tl:basil-oil-chemotype-linalool-rectified"
,8015-73-4,Basil Grand Vert Oil (Egypt),.alpha.-Bisabolol,515-69-5,IFRA_STD_192,0.1,0.25,rango,Perfumiarz: SDS H02020_FDSpl_06-22.pdf,proveedor,https://perfumiarz.com/products/bassil-grand-vert,2026-09-30,"CAS: 515-69-5 GHS09, GHS07 0.1 - 0.25","rango de la sección 3 de la SDS (banda de clasificación, no una medida); CAS y % emparejados por orden en la página (mismo número de CAS y de %; la tabla maqueta mal): comprobar contra el PDF; forma ambigua, candidatas: fig:1123, fig:1124, fig:1125, tl:basil-oil-chemotype-linalool-rectified"
,8015-73-4,Basil Grand Vert Oil (Egypt),Geraniol,106-24-1,IFRA_STD_037,0.1,1,rango,Perfumiarz: SDS H02020_FDSpl_06-22.pdf,proveedor,https://perfumiarz.com/products/bassil-grand-vert,2026-09-30,"CAS: 106-24-1 GHS07, GHS05 || 0.1 - 1","rango de la sección 3 de la SDS (banda de clasificación, no una medida); CAS y % emparejados por orden en la página (mismo número de CAS y de %; la tabla maqueta mal): comprobar contra el PDF; forma ambigua, candidatas: fig:1123, fig:1124, fig:1125, tl:basil-oil-chemotype-linalool-rectified"
,8015-73-4,Basil Grand Vert Oil (Egypt),dl-Citronellol,106-22-9,IFRA_STD_022,0.1,1,rango,Perfumiarz: SDS H02020_FDSpl_06-22.pdf,proveedor,https://perfumiarz.com/products/bassil-grand-vert,2026-09-30,CAS: 106-22-9 GHS07 || EC: 208-205-9 Wng 0.1 - 1,"rango de la sección 3 de la SDS (banda de clasificación, no una medida); CAS y % emparejados por orden en la página (mismo número de CAS y de %; la tabla maqueta mal): comprobar contra el PDF; forma ambigua, candidatas: fig:1123, fig:1124, fig:1125, tl:basil-oil-chemotype-linalool-rectified"
,8015-73-4,Basil Grand Vert Oil (Egypt),Eugenyl methyl ether,93-15-2,IFRA_STD_100,0.1,1,rango,Perfumiarz: SDS H02020_FDSpl_06-22.pdf,proveedor,https://perfumiarz.com/products/bassil-grand-vert,2026-09-30,"CAS: 93-15-2 GHS07, GHS08 [2] 0.1 - 1","rango de la sección 3 de la SDS (banda de clasificación, no una medida); CAS y % emparejados por orden en la página (mismo número de CAS y de %; la tabla maqueta mal): comprobar contra el PDF; forma ambigua, candidatas: fig:1123, fig:1124, fig:1125, tl:basil-oil-chemotype-linalool-rectified"
,8007-08-7,Ginger Oil Fresh (Madagascar),d-Limonene,5989-27-5,IFRA_STD_186,2.5,10,rango,Perfumiarz: SDS H07131_FDSpl_12-22.pdf,proveedor,https://perfumiarz.com/products/ginger-fresh-oil,2026-09-30,"CAS: 5989-27-5 GHS02, GHS07, GHS08, GHS09 [1] 2.5-10","rango de la sección 3 de la SDS (banda de clasificación, no una medida); CAS y % emparejados por orden en la página (mismo número de CAS y de %; la tabla maqueta mal): comprobar contra el PDF; forma ambigua, candidatas: fig:1938, fig:1939"
,8007-08-7,Ginger Oil Fresh (Madagascar),dl-Citronellol,106-22-9,IFRA_STD_022,1,10,rango,Perfumiarz: SDS H07131_FDSpl_12-22.pdf,proveedor,https://perfumiarz.com/products/ginger-fresh-oil,2026-09-30,CAS: 106-22-9 GHS07 1-10,"rango de la sección 3 de la SDS (banda de clasificación, no una medida); CAS y % emparejados por orden en la página (mismo número de CAS y de %; la tabla maqueta mal): comprobar contra el PDF; forma ambigua, candidatas: fig:1938, fig:1939"
,8007-08-7,Ginger Oil Fresh (Madagascar),Farnesol,4602-84-0,IFRA_STD_036,1,2.5,rango,Perfumiarz: SDS H07131_FDSpl_12-22.pdf,proveedor,https://perfumiarz.com/products/ginger-fresh-oil,2026-09-30,"CAS: 4602-84-0 GHS07, GHS09 1-2.5","rango de la sección 3 de la SDS (banda de clasificación, no una medida); CAS y % emparejados por orden en la página (mismo número de CAS y de %; la tabla maqueta mal): comprobar contra el PDF; forma ambigua, candidatas: fig:1938, fig:1939"
,8007-08-7,Ginger Oil Fresh (Madagascar),Geraniol,106-24-1,IFRA_STD_037,1,3,rango,Perfumiarz: SDS H07131_FDSpl_12-22.pdf,proveedor,https://perfumiarz.com/products/ginger-fresh-oil,2026-09-30,"CAS: 106-24-1 GHS07, GHS05 || EC: 225-004-1 Wng 1-3","rango de la sección 3 de la SDS (banda de clasificación, no una medida); CAS y % emparejados por orden en la página (mismo número de CAS y de %; la tabla maqueta mal): comprobar contra el PDF; forma ambigua, candidatas: fig:1938, fig:1939"
,8007-08-7,Ginger Oil Fresh (Madagascar),alpha-Cedrene,469-61-4,IFRA_STD_197,0.25,1,rango,Perfumiarz: SDS H07131_FDSpl_12-22.pdf,proveedor,https://perfumiarz.com/products/ginger-fresh-oil,2026-09-30,"CAS: 469-61-4 GHS07, GHS09, GHS08 || 0.25-1","rango de la sección 3 de la SDS (banda de clasificación, no una medida); CAS y % emparejados por orden en la página (mismo número de CAS y de %; la tabla maqueta mal): comprobar contra el PDF; forma ambigua, candidatas: fig:1938, fig:1939"
,61789-92-2,Mastic Absolute MD 50% TEC (Morocco),d-Limonene,5989-27-5,IFRA_STD_186,0.25,1,rango,Perfumiarz: SDS H12032_FDSpl_05-22_bf1dea27-d757-4142-a5be-1cf28bfcd66e.pdf,proveedor,https://perfumiarz.com/products/mastic-absolute-md-50-tec-maroc,2026-09-30,"CAS: 5989-27-5 GHS07, GHS09, GHS08, GHS02 [1] 0.25 - 1","rango de la sección 3 de la SDS (banda de clasificación, no una medida); CAS y % emparejados por orden en la página (mismo número de CAS y de %; la tabla maqueta mal): comprobar contra el PDF; CAS 61789-92-2 sin fila en el glosario"
,8050-07-5,Olibanum Resinoid Extra 50% (DPG),d-Limonene,5989-27-5,IFRA_STD_186,0.25,1,rango,Perfumiarz: SDS H15060_FDSpl_06-22.pdf,proveedor,https://perfumiarz.com/products/olibanum-resinoid-extra-50-dpg,2026-09-30,"CAS: 5989-27-5 Flam. Liq. 3, H226 || Skin Sens. 1B, H317 [1] 0.25 - 1","rango de la sección 3 de la SDS (banda de clasificación, no una medida); CAS y % emparejados por orden en la página (mismo número de CAS y de %; la tabla maqueta mal): comprobar contra el PDF; CAS 8050-07-5 sin fila en el glosario"
,,liffarome_,cis-3-Hexenyl methyl carbonate,67633-96-9,IFRA_STD_246,90,100,rango,Perfumiarz: SDS Karta_charakterystyki_Liffarome_ENG_BLH_wersja_16_1_z_24_11_2025.pdf,proveedor,https://perfumiarz.com/products/liffarome_,2026-09-30,CAS: 67633-96-9 GHS07 90-100,"rango de la sección 3 de la SDS (banda de clasificación, no una medida); CAS y % emparejados por orden en la página (mismo número de CAS y de %; la tabla maqueta mal): comprobar contra el PDF; sin fila en nombres-proveedores (producto sin CAS)"
,8008-57-9,Sweet Orange Oil Cold Pressed,d-Limonene,5989-27-5,IFRA_STD_186,94,98,rango,Perfumiarz: SDS Karta_charakterystyki_Sweet_Orange_Oil_Distilled.pdf,proveedor,https://perfumiarz.com/products/sweet-orange-cold-pressed,2026-09-30,"CAS 5989-27-5 Sens. 1 H317, Aquatic Acute 1 H400 M=1, Aquatic Chronic 1 H410 M=1 || (R)-p-mentha-1,8-diene 94 ≤ x < 98 Flam. Liq. 3 H226, Asp. Tox. 1 H304, Skin Irrit. 2 H315, Skin Sens. 1B H317,","rango de la sección 3 de la SDS (banda de clasificación, no una medida); CAS y % emparejados por orden en la página (mismo número de CAS y de %; la tabla maqueta mal): comprobar contra el PDF; forma ambigua, candidatas: fig:2551, fig:2554, fig:2557, fig:2559, fig:2560, fig:2562, fig:2563, tl:orange-oil-sweet-folded"
,8008-57-9,Sweet Orange Oil Cold Pressed,Linalool,78-70-6,IFRA_STD_187,0.2,0.25,rango,Perfumiarz: SDS Karta_charakterystyki_Sweet_Orange_Oil_Distilled.pdf,proveedor,https://perfumiarz.com/products/sweet-orange-cold-pressed,2026-09-30,"CAS 78-70-6 || EC 236-719-3 0,2 ≤ x < 0,25","rango de la sección 3 de la SDS (banda de clasificación, no una medida); CAS y % emparejados por orden en la página (mismo número de CAS y de %; la tabla maqueta mal): comprobar contra el PDF; forma ambigua, candidatas: fig:2551, fig:2554, fig:2557, fig:2559, fig:2560, fig:2562, fig:2563, tl:orange-oil-sweet-folded"
,,trifernal_,3-Phenylbutanal,16251-77-7,IFRA_STD_074,99,100,rango,Perfumiarz: SDS Karta_charakterystyki_Trifernal_ENG_BLH_wersja_13_1_z_03_07_2026.pdf,proveedor,https://perfumiarz.com/products/trifernal_,2026-09-30,CAS: 16251-77-7 Wng 99-100,"rango de la sección 3 de la SDS (banda de clasificación, no una medida); CAS y % emparejados por orden en la página (mismo número de CAS y de %; la tabla maqueta mal): comprobar contra el PDF; sin fila en nombres-proveedores (producto sin CAS)"
,8016-96-4,Vetiver Java MD,Isoeugenol,97-54-1,IFRA_STD_048,0.05,0.05,típico,Perfumiarz: SDS SDS_20250226_E8994-ANG.pdf,proveedor,https://perfumiarz.com/products/vetiver-java-md,2026-09-30,"CAS# 97-54-1 Isoeugenol Acute Tox. 4 (Dermal, Acute Tox. 4 SS1A (M=1) || EINECS# 201-949-5 0.050","CAS y % emparejados por orden en la página (mismo número de CAS y de %; la tabla maqueta mal): comprobar contra el PDF; forma ambigua, candidatas: fig:3081, fig:3082, fig:3083, fig:3086, fig:3087, tl:vetiver-absolute, ncs:vetiver-oil-all-origins, tl:vetiver-oil-terpeneless"
,,sweet-orange-oil-distilled,d-Limonene,5989-27-5,IFRA_STD_186,94,98,rango,Perfumiarz: SDS SDS_OLEOLIO_O.E._ARANCIA_REV03_EN_2.pdf,proveedor,https://perfumiarz.com/products/sweet-orange-oil-distilled,2026-09-30,"CAS 5989-27-5 Sens. 1 H317, Aquatic Acute 1 H400 M=1, Aquatic Chronic 1 H410 M=1 || (R)-p-mentha-1,8-diene 94 ≤ x < 98 Flam. Liq. 3 H226, Asp. Tox. 1 H304, Skin Irrit. 2 H315, Skin Sens. 1B H317,","rango de la sección 3 de la SDS (banda de clasificación, no una medida); CAS y % emparejados por orden en la página (mismo número de CAS y de %; la tabla maqueta mal): comprobar contra el PDF; sin fila en nombres-proveedores (producto sin CAS)"
,,sweet-orange-oil-distilled,Linalool,78-70-6,IFRA_STD_187,0.2,0.25,rango,Perfumiarz: SDS SDS_OLEOLIO_O.E._ARANCIA_REV03_EN_2.pdf,proveedor,https://perfumiarz.com/products/sweet-orange-oil-distilled,2026-09-30,"CAS 78-70-6 || EC 236-719-3 0,2 ≤ x < 0,25","rango de la sección 3 de la SDS (banda de clasificación, no una medida); CAS y % emparejados por orden en la página (mismo número de CAS y de %; la tabla maqueta mal): comprobar contra el PDF; sin fila en nombres-proveedores (producto sin CAS)"
,8016-23-7,Guaiacwood Oil Crude 50% (ethanol),trans-Isoeugenol,5932-68-3,IFRA_STD_048,0.1,0.5,rango,Perfumiarz: SDS W02550_FDSpl_01-23-1.pdf,proveedor,https://perfumiarz.com/products/guaiacwood-oil-crude,2026-09-30,"CAS: 5932-68-3 Wng || Identyfikacja GHS07, GHS09 0.1 - 0.5","rango de la sección 3 de la SDS (banda de clasificación, no una medida); CAS y % emparejados por orden en la página (mismo número de CAS y de %; la tabla maqueta mal): comprobar contra el PDF; forma ambigua, candidatas: fig:1957, fig:1959"
,,cassis-base-345-f,Hydroxycitronellal,107-75-5,IFRA_STD_043,0.1,0.5,rango,Perfumiarz: SDS W03050_FDSpl_04-23.pdf,proveedor,https://perfumiarz.com/products/cassis-base-345-f,2026-09-30,CAS: 107-75-5 GHS07 0.1 - 0.5,"rango de la sección 3 de la SDS (banda de clasificación, no una medida); CAS y % emparejados por orden en la página (mismo número de CAS y de %; la tabla maqueta mal): comprobar contra el PDF; sin fila en nombres-proveedores (producto sin CAS)"
,,cassis-base-345-f,"1-(5,5-Dimethyl-1-cyclohexen-1-yl)pent-4-en-1-one",56973-85-4,IFRA_STD_031,0.1,0.5,rango,Perfumiarz: SDS W03050_FDSpl_04-23.pdf,proveedor,https://perfumiarz.com/products/cassis-base-345-f,2026-09-30,"CAS: 56973-85-4 GHS09, GHS07 || 0.1 - 0.5","rango de la sección 3 de la SDS (banda de clasificación, no una medida); CAS y % emparejados por orden en la página (mismo número de CAS y de %; la tabla maqueta mal): comprobar contra el PDF; sin fila en nombres-proveedores (producto sin CAS)"
,9000-24-2,Galbanum Resinoide Super 50% (ethanol),d-Limonene,5989-27-5,IFRA_STD_186,0.5,1,rango,Perfumiarz: SDS W07015_FDSpl_02-23.pdf,proveedor,https://perfumiarz.com/products/galbanum-resinoide-super,2026-09-30,"CAS: 5989-27-5 GHS02, GHS07, GHS08, GHS09 [1] 0.5-1","rango de la sección 3 de la SDS (banda de clasificación, no una medida); CAS y % emparejados por orden en la página (mismo número de CAS y de %; la tabla maqueta mal): comprobar contra el PDF; CAS 9000-24-2 sin fila en el glosario"
,9000-24-2,Galbanum Resinoide Super 50% (ethanol),Linalool,78-70-6,IFRA_STD_187,0.1,0.5,rango,Perfumiarz: SDS W07015_FDSpl_02-23.pdf,proveedor,https://perfumiarz.com/products/galbanum-resinoide-super,2026-09-30,"CAS: 78-70-6 GHS07 || Asp. Tox. 1, H304 0.1-0.5","rango de la sección 3 de la SDS (banda de clasificación, no una medida); CAS y % emparejados por orden en la página (mismo número de CAS y de %; la tabla maqueta mal): comprobar contra el PDF; CAS 9000-24-2 sin fila en el glosario"
,8008-45-5,Nutmeg Oil SLC,d-Limonene,5989-27-5,IFRA_STD_186,5,7.5,rango,Perfumiarz: SDS W14045_FDSpl_09-22.pdf,proveedor,https://perfumiarz.com/products/nutmeg-oil-slc,2026-09-30,"CAS: 5989-27-5 M Chronic = 1 || Asp. Tox. 1, H304 [1] 5-7.5","rango de la sección 3 de la SDS (banda de clasificación, no una medida); CAS y % emparejados por orden en la página (mismo número de CAS y de %; la tabla maqueta mal): comprobar contra el PDF; forma ambigua, candidatas: fig:2472, fig:2473, fig:2474, fig:2475, tl:nutmeg-oil-folded, tl:nutmeg-oil-java-terpeneless"
,,oud-firbest,alpha-Cedrene,469-61-4,IFRA_STD_197,0,0.1,rango,Perfumiarz: SDS W15056_FDSpl_12-21.pdf,proveedor,https://perfumiarz.com/products/oud-firbest,2026-09-30,"CAS: 469-61-4 GHS08, GHS09 || 0 - 0.1","rango de la sección 3 de la SDS (banda de clasificación, no una medida); el 0 es el borde de la banda, no una medida; CAS y % emparejados por orden en la página (mismo número de CAS y de %; la tabla maqueta mal): comprobar contra el PDF; sin fila en nombres-proveedores (producto sin CAS)"
