material_id,cas,nombre,constituyente,cas_constituyente,estandar_ifra,min_pct,max_pct,tipo_valor,fuente,tipo_fuente,url,consultado,cita,notas,auditoria
fig:1200,68648-33-9,"Bergamot oil, furocoumarin free",Limonene,5989-27-5,IFRA_STD_186,25.39,25.39,típico,"SoapQueen Europe: declaración de alérgenos EO003, 2024-10-18",proveedor,https://online-zeepwinkel.be/doc/eo/all_etherische_olie_bergamot_fcf_mix-EO003.pdf,2026-09-30,Essential oil Bergamot (FCF) (mixed) - EO003. Limonene 25.39%,"Bergamot FCF (mezcla de lotes, «mix»). Declara niveles totales, añadidos más naturales. El PDF maqueta mal la tabla: valores emparejados por posición en la página. Componentes <1 ppm no se muestran.",aceptada
fig:1200,68648-33-9,"Bergamot oil, furocoumarin free",Linalool,78-70-6,IFRA_STD_187,17.49,17.49,típico,"SoapQueen Europe: declaración de alérgenos EO003, 2024-10-18",proveedor,https://online-zeepwinkel.be/doc/eo/all_etherische_olie_bergamot_fcf_mix-EO003.pdf,2026-09-30,Linalool 78-70-6 17.49%,"Bergamot FCF (mezcla de lotes, «mix»). Declara niveles totales, añadidos más naturales. El PDF maqueta mal la tabla: valores emparejados por posición en la página. Componentes <1 ppm no se muestran.",aceptada
fig:1200,68648-33-9,"Bergamot oil, furocoumarin free",Citral,5392-40-5,IFRA_STD_021,0.253,0.253,típico,"SoapQueen Europe: declaración de alérgenos EO003, 2024-10-18",proveedor,https://online-zeepwinkel.be/doc/eo/all_etherische_olie_bergamot_fcf_mix-EO003.pdf,2026-09-30,"Citral (5392-40-5, 141-27-5, 106-26-3) 0.253%","Bergamot FCF (mezcla de lotes, «mix»). Declara niveles totales, añadidos más naturales. El PDF maqueta mal la tabla: valores emparejados por posición en la página. Componentes <1 ppm no se muestran.",aceptada
fig:1200,68648-33-9,"Bergamot oil, furocoumarin free",Carvone,99-49-0,IFRA_STD_016,0.0013,0.0013,típico,"SoapQueen Europe: declaración de alérgenos EO003, 2024-10-18",proveedor,https://online-zeepwinkel.be/doc/eo/all_etherische_olie_bergamot_fcf_mix-EO003.pdf,2026-09-30,"Carvone (99-49-0, 6485-40-1, 2244-16-8) 0.0013%","Bergamot FCF (mezcla de lotes, «mix»). Declara niveles totales, añadidos más naturales. El PDF maqueta mal la tabla: valores emparejados por posición en la página. Componentes <1 ppm no se muestran. La carvona está en IFRA_STD_016.",aceptada
fig:1200,68648-33-9,"Bergamot oil, furocoumarin free",Limonene,5989-27-5,IFRA_STD_186,34.2,34.2,típico,"Madar Corporation: declaración de alérgenos, Bergamot Oil FCF, 2023-02-21",proveedor,https://www.madarcorporation.com/spec-sheets/essential-oil/bergamot-bergaptene-free/Bergamot%20Bergaptene%20Free%20-%204546302%20All%20docs.pdf,2026-09-30,Bergamot Oil FCF. d-Limonene 5989-27-5 34.2%,"PDF de 18 páginas («All docs») del lote 4546302, Bergamot Bergaptene Free. Declaración según la Séptima Enmienda de la Directiva de cosméticos (76/768/CEE); niveles totales añadidos más naturales.",aceptada
fig:1200,68648-33-9,"Bergamot oil, furocoumarin free",Linalool,78-70-6,IFRA_STD_187,10,10,típico,"Madar Corporation: declaración de alérgenos, Bergamot Oil FCF, 2023-02-21",proveedor,https://www.madarcorporation.com/spec-sheets/essential-oil/bergamot-bergaptene-free/Bergamot%20Bergaptene%20Free%20-%204546302%20All%20docs.pdf,2026-09-30,Linalool 78-70-6 10%,"PDF de 18 páginas («All docs») del lote 4546302, Bergamot Bergaptene Free. Declaración según la Séptima Enmienda de la Directiva de cosméticos (76/768/CEE); niveles totales añadidos más naturales.",aceptada
fig:1200,68648-33-9,"Bergamot oil, furocoumarin free",Citral,5392-40-5,IFRA_STD_021,0.2,0.2,típico,"Madar Corporation: declaración de alérgenos, Bergamot Oil FCF, 2023-02-21",proveedor,https://www.madarcorporation.com/spec-sheets/essential-oil/bergamot-bergaptene-free/Bergamot%20Bergaptene%20Free%20-%204546302%20All%20docs.pdf,2026-09-30,Citral 5392-40-5 0.2%,"PDF de 18 páginas («All docs») del lote 4546302, Bergamot Bergaptene Free. Declaración según la Séptima Enmienda de la Directiva de cosméticos (76/768/CEE); niveles totales añadidos más naturales.",aceptada
fig:1200,68648-33-9,"Bergamot oil, furocoumarin free",Limonene,5989-27-5,IFRA_STD_186,,47.0,máximo,"Opella AB: MSDS Bergamot (FCF) essential oil, organic, E1004",proveedor,"https://opella.se/dokument/MSDS%20-%20Bergamot%20(FCF),%20essential%20oil,%20organic-%20E1004.pdf",2026-09-30,Section 3: Composition. Limonene 47.0% 5989-27-5,"SDS sección 3, columna «Volym %». Da una sola cifra por componente y no marca si es tope o típico; el texto extraído del PDF no muestra signo ≤. Producto orgánico. Bergapteno >0.0005% libre.","corregida: la SDS da ≤, son máximos"
fig:1200,68648-33-9,"Bergamot oil, furocoumarin free",Linalool,78-70-6,IFRA_STD_187,,15.0,máximo,"Opella AB: MSDS Bergamot (FCF) essential oil, organic, E1004",proveedor,"https://opella.se/dokument/MSDS%20-%20Bergamot%20(FCF),%20essential%20oil,%20organic-%20E1004.pdf",2026-09-30,Linalool 15.0% 78-70-6,"SDS sección 3, columna «Volym %». Da una sola cifra por componente y no marca si es tope o típico; el texto extraído del PDF no muestra signo ≤. Producto orgánico. Bergapteno >0.0005% libre.","corregida: la SDS da ≤, son máximos"
fig:1200,68648-33-9,"Bergamot oil, furocoumarin free",Citral,5392-40-5,IFRA_STD_021,,0.7,máximo,"Opella AB: MSDS Bergamot (FCF) essential oil, organic, E1004",proveedor,"https://opella.se/dokument/MSDS%20-%20Bergamot%20(FCF),%20essential%20oil,%20organic-%20E1004.pdf",2026-09-30,Citral 0.7% 5392-40-5,"SDS sección 3, columna «Volym %». Da una sola cifra por componente y no marca si es tope o típico; el texto extraído del PDF no muestra signo ≤. Producto orgánico. Bergapteno >0.0005% libre.","corregida: la SDS da ≤, son máximos"
fig:1200,68648-33-9,"Bergamot oil, furocoumarin free",Limonene,5989-27-5,IFRA_STD_186,,39.0,máximo,"NHR Organic Oils: SDS Bergamot Oil FCF Organic, rev. 2015-08-21",proveedor,https://www.nhrorganicoils.com/uploads/20160817124803e_Bergamot_Bergapten_Free_SDS.pdf,2026-09-30,<39.0% Limonene CAS-No.: 5989-27-5,"SDS sección 3, cifras dadas como «menos de». Producto orgánico, bergapteno libre.",aceptada
fig:1200,68648-33-9,"Bergamot oil, furocoumarin free",Linalool,78-70-6,IFRA_STD_187,,12.0,máximo,"NHR Organic Oils: SDS Bergamot Oil FCF Organic, rev. 2015-08-21",proveedor,https://www.nhrorganicoils.com/uploads/20160817124803e_Bergamot_Bergapten_Free_SDS.pdf,2026-09-30,<12.0% Linalool CAS-No.: 78-70-6,"SDS sección 3, cifras dadas como «menos de». Producto orgánico, bergapteno libre.",aceptada
fig:1200,68648-33-9,"Bergamot oil, furocoumarin free",Limonene,5989-27-5,IFRA_STD_186,20,50,rango,"Freshskin Beauty: SDS Bergamot Essential Oil FCF, 2020-10-03",proveedor,https://freshskin.co.uk/wp-content/uploads/2015/01/Bergamot-Essential-Oil-CLP-Safety-Data-Sheet-Banded.pdf,2026-09-30,Bergamot Essential Oil FCF. Limonene 5989-27-5 20-<50%,"Bandas de clasificación CLP («20-<50%», el tope es exclusivo), no análisis. El CAS de identificación de la SDS es 89957-91-5, el del exprimido, aunque el título dice FCF. El cítrico 1-<5% es muy ancho frente a las otras fuentes.","banda CLP: intervalo de clasificación, no una medida"
fig:1200,68648-33-9,"Bergamot oil, furocoumarin free",Linalool,78-70-6,IFRA_STD_187,10,20,rango,"Freshskin Beauty: SDS Bergamot Essential Oil FCF, 2020-10-03",proveedor,https://freshskin.co.uk/wp-content/uploads/2015/01/Bergamot-Essential-Oil-CLP-Safety-Data-Sheet-Banded.pdf,2026-09-30,Linalool 78-70-6 10-<20%,"Bandas de clasificación CLP («20-<50%», el tope es exclusivo), no análisis. El CAS de identificación de la SDS es 89957-91-5, el del exprimido, aunque el título dice FCF. El cítrico 1-<5% es muy ancho frente a las otras fuentes.","banda CLP: intervalo de clasificación, no una medida"
fig:1200,68648-33-9,"Bergamot oil, furocoumarin free",Citral,5392-40-5,IFRA_STD_021,1,5,rango,"Freshskin Beauty: SDS Bergamot Essential Oil FCF, 2020-10-03",proveedor,https://freshskin.co.uk/wp-content/uploads/2015/01/Bergamot-Essential-Oil-CLP-Safety-Data-Sheet-Banded.pdf,2026-09-30,Citral 5392-40-5 1-<5%,"Bandas de clasificación CLP («20-<50%», el tope es exclusivo), no análisis. El CAS de identificación de la SDS es 89957-91-5, el del exprimido, aunque el título dice FCF. El cítrico 1-<5% es muy ancho frente a las otras fuentes.","banda CLP: intervalo de clasificación, no una medida"
fig:1200,68648-33-9,"Bergamot oil, furocoumarin free",Limonene,5989-27-5,IFRA_STD_186,35,35,típico,"EO Calc: calculadora de aceites esenciales, Bergamot (FCF)",base-de-datos,https://www.eocalc.com/essential-oils/bergamot/,2026-09-30,Bergamot FCF IFRA. Limonene 35%,"NO es un análisis: son cifras de entrada de una calculadora, que la propia página dice «pesadas en el rango alto» para cubrir restricciones. Útil solo como contraste. La cita es de la tabla de la página, recogida por extracción automática: verificar en la fuente.","excluida: cifras de entrada de una calculadora, no un análisis"
fig:1200,68648-33-9,"Bergamot oil, furocoumarin free",Linalool,78-70-6,IFRA_STD_187,12,12,típico,"EO Calc: calculadora de aceites esenciales, Bergamot (FCF)",base-de-datos,https://www.eocalc.com/essential-oils/bergamot/,2026-09-30,Linalool 12%,"NO es un análisis: son cifras de entrada de una calculadora, que la propia página dice «pesadas en el rango alto» para cubrir restricciones. Útil solo como contraste. La cita es de la tabla de la página, recogida por extracción automática: verificar en la fuente.","excluida: cifras de entrada de una calculadora, no un análisis"
fig:1200,68648-33-9,"Bergamot oil, furocoumarin free",Citral,5392-40-5,IFRA_STD_021,3,3,típico,"EO Calc: calculadora de aceites esenciales, Bergamot (FCF)",base-de-datos,https://www.eocalc.com/essential-oils/bergamot/,2026-09-30,Citral 3%,"NO es un análisis: son cifras de entrada de una calculadora, que la propia página dice «pesadas en el rango alto» para cubrir restricciones. Útil solo como contraste. La cita es de la tabla de la página, recogida por extracción automática: verificar en la fuente.","excluida: cifras de entrada de una calculadora, no un análisis"
fig:1200,68648-33-9,"Bergamot oil, furocoumarin free",Citral,5392-40-5,IFRA_STD_021,,0.43,máximo,TGSC: bergamot oil bergaptene reduced Italy,base-de-datos,https://www.thegoodscentscompany.com/data/es1001871.html,2026-09-30,Citral. Max. Found: 0.43 % and Reason: Sensitization,"TGSC lo presenta como «IFRA restricted components (non-analysis max. level reference only)», es decir, un techo de referencia que TGSC toma del anexo de IFRA de una enmienda anterior, no un análisis. Verificar la cita en la página. La cifra de geraniol (0.1) es de una fuente que no es IFRA 51: por P37 no debe entrar como cifra IFRA.","excluida: techos de un anexo de IFRA anterior, no un análisis (P37)"
fig:1200,68648-33-9,"Bergamot oil, furocoumarin free",Geraniol,106-24-1,IFRA_STD_037,,0.1,máximo,TGSC: bergamot oil bergaptene reduced Italy,base-de-datos,https://www.thegoodscentscompany.com/data/es1001871.html,2026-09-30,Geraniol. Max. Found: 0.1 % and Reason: Sensitization,"TGSC lo presenta como «IFRA restricted components (non-analysis max. level reference only)», es decir, un techo de referencia que TGSC toma del anexo de IFRA de una enmienda anterior, no un análisis. Verificar la cita en la página. La cifra de geraniol (0.1) es de una fuente que no es IFRA 51: por P37 no debe entrar como cifra IFRA.","excluida: techos de un anexo de IFRA anterior, no un análisis (P37)"
fig:1200,68648-33-9,"Bergamot oil, furocoumarin free",ninguno declarado (alérgenos EU),,,,,sin-cifra,"NHR Organic Oils: declaración de alérgenos Bergamot Oil NON FCF Organic, 2015-10-13",proveedor,https://www.nhrorganicoils.com/uploads/20170505113206e_Bergamot_Allergens_Dec.pdf,2026-09-30,Product Name: Bergamot Oil Non FCF Organic,"DESCARTADA: es la forma con furocumarinas (Non FCF), no la del glosario. Además la tabla está mal maquetada: aparecen eugenol 1.30, benzoato de bencilo 7.0-15.0 y 2-octinoato de metilo 33.0-45.0, valores imposibles para bergamota, y limonene y linalool en blanco.",sin cifra: no vale cero (§1.2)
fig:2599,8014-09-3,Patchouli oil,Coumarin,91-64-5,IFRA_STD_023,0.1,0.1,típico,"Freshskin Beauty: declaración de alérgenos, Patchouli Essential Oil, 2020-10-14",proveedor,https://www.freshskin.co.uk/wp-content/uploads/2015/01/Patchouli-Essential-Oil-Allergen-Declaration.pdf,2026-09-30,Patchouli Essential Oil. Coumarin 91-64-5 0.1%,"Niveles totales añadidos más naturales, según el propio documento. Contradice a la declaración de Ingredi (que solo da Lilial) y a la de Madar (sin alérgenos). Cumarina 0.1% en pachulí es inusualmente alta: auditar.","aislada: transcripción verificada, pero la contradicen tres declaraciones «sin alérgenos»; confianza baja"
fig:2599,8014-09-3,Patchouli oil,Eugenol,97-53-0,IFRA_STD_035,0.1,0.1,típico,"Freshskin Beauty: declaración de alérgenos, Patchouli Essential Oil, 2020-10-14",proveedor,https://www.freshskin.co.uk/wp-content/uploads/2015/01/Patchouli-Essential-Oil-Allergen-Declaration.pdf,2026-09-30,Eugenol 97-53-0 0.1%,"Niveles totales añadidos más naturales, según el propio documento. Contradice a la declaración de Ingredi (que solo da Lilial) y a la de Madar (sin alérgenos).","aislada: transcripción verificada, pero la contradicen tres declaraciones «sin alérgenos»; confianza baja"
fig:2599,8014-09-3,Patchouli oil,Limonene,5989-27-5,IFRA_STD_186,0.05,0.05,típico,"Freshskin Beauty: declaración de alérgenos, Patchouli Essential Oil, 2020-10-14",proveedor,https://www.freshskin.co.uk/wp-content/uploads/2015/01/Patchouli-Essential-Oil-Allergen-Declaration.pdf,2026-09-30,Limonene 5989-27-5 0.05%,"Niveles totales añadidos más naturales, según el propio documento. Contradice a la declaración de Ingredi (que solo da Lilial) y a la de Madar (sin alérgenos).","aislada: transcripción verificada, pero la contradicen tres declaraciones «sin alérgenos»; confianza baja"
fig:2599,8014-09-3,Patchouli oil,Cinnamic aldehyde (cinnamal),104-55-2,IFRA_STD_018,0.05,0.05,típico,"Freshskin Beauty: declaración de alérgenos, Patchouli Essential Oil, 2020-10-14",proveedor,https://www.freshskin.co.uk/wp-content/uploads/2015/01/Patchouli-Essential-Oil-Allergen-Declaration.pdf,2026-09-30,Cinnamal 104-55-2 0.05%,"Niveles totales añadidos más naturales, según el propio documento. Contradice a la declaración de Ingredi (que solo da Lilial) y a la de Madar (sin alérgenos).","aislada: transcripción verificada, pero la contradicen tres declaraciones «sin alérgenos»; confianza baja"
fig:2599,8014-09-3,Patchouli oil,Linalool,78-70-6,IFRA_STD_187,0.03,0.03,típico,"Freshskin Beauty: declaración de alérgenos, Patchouli Essential Oil, 2020-10-14",proveedor,https://www.freshskin.co.uk/wp-content/uploads/2015/01/Patchouli-Essential-Oil-Allergen-Declaration.pdf,2026-09-30,Linalool 78-70-6 0.03%,"Niveles totales añadidos más naturales, según el propio documento. Contradice a la declaración de Ingredi (que solo da Lilial) y a la de Madar (sin alérgenos).","aislada: transcripción verificada, pero la contradicen tres declaraciones «sin alérgenos»; confianza baja"
fig:2599,8014-09-3,Patchouli oil,Citral,5392-40-5,IFRA_STD_021,0.02,0.02,típico,"Freshskin Beauty: declaración de alérgenos, Patchouli Essential Oil, 2020-10-14",proveedor,https://www.freshskin.co.uk/wp-content/uploads/2015/01/Patchouli-Essential-Oil-Allergen-Declaration.pdf,2026-09-30,Citral 5392-40-5 0.02%,"Niveles totales añadidos más naturales, según el propio documento. Contradice a la declaración de Ingredi (que solo da Lilial) y a la de Madar (sin alérgenos).","aislada: transcripción verificada, pero la contradicen tres declaraciones «sin alérgenos»; confianza baja"
fig:2599,8014-09-3,Patchouli oil,Coumarin,91-64-5,IFRA_STD_023,0.1,1,rango,"Freshskin Beauty: SDS Patchouli Essential Oil, 2020-10-14",proveedor,https://www.freshskin.co.uk/wp-content/uploads/2015/01/Patchouli-Essential-Oil-CLP-Safety-Data-Sheet-Banded.pdf,2026-09-30,Coumarin 91-64-5 0.1-<1%,"Bandas de clasificación CLP (el tope es exclusivo), no análisis. Mismo proveedor y misma fecha que su declaración de alérgenos: coinciden en el orden de magnitud (0.1).","aislada: transcripción verificada, pero la contradicen tres declaraciones «sin alérgenos»; confianza baja"
fig:2599,8014-09-3,Patchouli oil,Eugenol,97-53-0,IFRA_STD_035,0.1,1,rango,"Freshskin Beauty: SDS Patchouli Essential Oil, 2020-10-14",proveedor,https://www.freshskin.co.uk/wp-content/uploads/2015/01/Patchouli-Essential-Oil-CLP-Safety-Data-Sheet-Banded.pdf,2026-09-30,Eugenol 97-53-0 0.1-<1%,"Bandas de clasificación CLP (el tope es exclusivo), no análisis. Mismo proveedor y misma fecha que su declaración de alérgenos: coinciden en el orden de magnitud (0.1).","aislada: transcripción verificada, pero la contradicen tres declaraciones «sin alérgenos»; confianza baja"
fig:2599,8014-09-3,Patchouli oil,Cinnamic aldehyde (cinnamal),104-55-2,IFRA_STD_018,,0.1,máximo,"Freshskin Beauty: SDS Patchouli Essential Oil, 2020-10-14",proveedor,https://www.freshskin.co.uk/wp-content/uploads/2015/01/Patchouli-Essential-Oil-CLP-Safety-Data-Sheet-Banded.pdf,2026-09-30,Cinnamal 104-55-2 <0.1%,"Bandas de clasificación CLP (el tope es exclusivo), no análisis. Mismo proveedor y misma fecha que su declaración de alérgenos: coinciden en el orden de magnitud (0.1).","aislada: transcripción verificada, pero la contradicen tres declaraciones «sin alérgenos»; confianza baja"
fig:2599,8014-09-3,Patchouli oil,"p-tert-Butyl-alpha-methylhydrocinnamic aldehyde (Lilial, p-BMHCA)",80-54-6,IFRA_STD_015,0.0219,0.0219,típico,"Ingredi (Phoenix Aromas): EU Fragrance Allergen Statement, Patchouli Oil PAT0001, 2022-06-21",proveedor,https://ingredi.com/content/pdfs/Patchouli%20Oil%20PAT0001_EU%20Fragrance%20Allergens.pdf,2026-09-30,PATCHOULI OIL PAT0001. Butylphenyl methylpropional (Lilial) 80-54-6 III / 83 0.0219,"Es la única cifra del documento; el resto de la lista (eugenol, limonene, linalool, cumarina, etc.) está en blanco y el pie dice «Blank means <1ppm or not detectable». Contradice a Freshskin. El Lilial está prohibido en IFRA (STD_015): auditar; la tabla del PDF está desalineada.","rechazada: el enlace da 404, no se puede verificar"
fig:2599,8014-09-3,Patchouli oil,ninguno declarado (alérgenos EU),,,,,sin-cifra,"Madar Corporation: declaración de alérgenos CF0064 Patchouli Oil, 2021-10-19",proveedor,https://www.madarcorporation.com/spec-sheets/essential-oil/patchouli/Patchouli%20-%204508902%20-%20All%20docs.pdf,2026-09-30,CF0064 Patchouli Oil. There are no allergens.,Certificado de análisis del lote 4508902 (Indonesia). Sin cifra: «no hay alérgenos» no es un 0 medido; no se apunta como 0.,sin cifra: no vale cero (§1.2)
fig:2599,8014-09-3,Patchouli oil,ninguno declarado (alérgenos EU),,,,,sin-cifra,"NHR Organic Oils: declaración de alérgenos Patchouli dark organic, 2015-04-27",proveedor,https://www.nhrorganicoils.com/uploads/20170613150625e_Patchouli_Allergens.pdf,2026-09-30,Patchouli oil Dark Organic. *Nil Allergens*,Lista toda la relación de alérgenos con guiones y «Nil Allergens». Sin cifra.,sin cifra: no vale cero (§1.2)
fig:2599,8014-09-3,Patchouli oil,ninguno declarado (alérgenos EU),,,,,sin-cifra,Avena Lab: EU allergens declaration Patchouli Essential Oil (Regulación UE 2023/1545),proveedor,https://www.avenalab.com/images/0001DOKUMENTACIJA/Alergeni2023/Patchouli_Essential_Oil_lista_alergena.pdf,2026-09-30,"Concentrations indicated as ""-"" indicate that the substances are <1ppm and generally below the level of detection","Toda la lista de 82 alérgenos con «-». Sin cifra: es «<1 ppm», no un cero.",sin cifra: no vale cero (§1.2)
fig:2982,8037-19-2,Tobacco leaf absolute,Coumarin,91-64-5,IFRA_STD_023,,0.30,máximo,TGSC: tobacco leaf absolute,base-de-datos,https://www.thegoodscentscompany.com/data/ab1029151.html,2026-09-30,coumarin. Max. Found: <0.30 % and Reason: Sensitization,"TGSC lo presenta como «IFRA (Annex) restricted components (non-analysis max. level reference only)»: techo de referencia tomado del anexo de una enmienda anterior, no un análisis. El anexo de la 51 no trae el tabaco (por eso el glosario lo da sin-dato). Por P37 esta cifra no puede entrar como IFRA.","excluida: techos de un anexo de IFRA anterior, no un análisis (P37)"
fig:2982,8037-19-2,Tobacco leaf absolute,ninguno declarado (alérgenos EU),,,,,sin-cifra,ScenTree: Tobacco absolute,base-de-datos,https://www.scentree.co/en/Tobacco_absolute.html,2026-09-30,This ingredient does not contain any allergen.,"ScenTree dice también que no está restringido en la 51 enmienda y lista como componentes principales nicotina, ácido palmítico y linoleico, sin cifras. Sin cifra.",sin cifra: no vale cero (§1.2)
fig:2982,8037-19-2,Tobacco leaf absolute,metil nicotinato (sin estándar IFRA),93-60-7,,10,25,rango,"Berje: SDS Tobacco Absolute, 2020-05-18",proveedor,https://shop.perfumersapprentice.com/msds/9348.pdf,2026-09-30,Mixtures. Methyl nicotinate (CAS-No.) 93-60-7 10 - 25,"SDS de Berje, distribuida por Perfumer's Apprentice. Solo declara metil nicotinato, que no tiene estándar IFRA: no aporta a ningún componente IFRA. Clasificada H310 (mortal en contacto con la piel) por ese motivo. Se apunta por ser la única cifra de composición de la forma 8037-19-2.",aceptada
tl:tobacco-absolute-low-nicotine,73138-76-8,Tobacco absolute (low nicotine),ninguno declarado (alérgenos EU),,,,,sin-cifra,"Eden Botanicals: SDS ítem 963 Tobacco Absolute, rev. 2025-05-29",proveedor,https://docs.edenbotanicals.com/SDS/963_Tobacco_Absolute_SDS.pdf,2026-09-30,EU Allergens: None 0.00%,"INCI Nicotiana Tabacum Leaf Extract; CAS TSCA 73138-76-8 y EINECS 84961-66-0, es decir, la forma baja en nicotina, no el 8037-19-2. Sin cifra: «None 0.00%» es una declaración del proveedor, no una medida.",sin cifra: no vale cero (§1.2)
tl:tobacco-absolute-low-nicotine,73138-76-8,Tobacco absolute (low nicotine),ninguno declarado (alérgenos EU),,,,,sin-cifra,"Biolandes: SDS Tobacco Low Nicotine Absolute F2951, 2017-05-16",proveedor,https://biolandes.com/wp-content/uploads/fiche-securite-F2951.pdf,2026-09-30,TOBACCO LOW NICOTINE ABSOLUTE. 73138-76-8 Nicotiana tabacum extr. Dangerous components: EU,La sección 3 no enumera ningún componente peligroso. SDS de 2017. Sin cifra.,sin cifra: no vale cero (§1.2)
fig:1343,8023-83-4,Castoreum absolute,ninguno declarado (alérgenos EU),,,,,sin-cifra,"Perfumer's Apprentice: SDS 00220122 Castoreum Absolute, rev. 2020-08-07",proveedor,https://shop.perfumersapprentice.com/msds/9548.pdf,2026-09-30,Ethyl alcohol 64-17-5 1.0 - 5.0. The exact percentage (concentration) of composition has been withheld as a trade secret.,La sección 3 solo nombra el etanol y declara el resto secreto comercial: no sirve para ningún componente IFRA.,sin cifra: no vale cero (§1.2)
fig:1346,8023-83-4,Castoreum resinoid,ninguno declarado (alérgenos EU),,,,,sin-cifra,ScenTree: Castoreum resinoid,base-de-datos,https://www.scentree.co/en/Castoreum_resinoid.html,2026-09-30,This ingredient does not contain any allergen.,"Componentes principales sin cifras: ácido benzoico, guayacol, creosol, castorina, ácido cinámico. Dice también que no está restringido en la 51 enmienda. Sin cifra.",sin cifra: no vale cero (§1.2)
fig:1343,8023-83-4,Castoreum absolute,(todos),,,,,sin-cifra,no encontrado,,,2026-09-30,,"Buscado: SDS y declaraciones de alérgenos de castóreo (absoluto, resinoide, tintura) en Perfumer's Apprentice, Echemi, Berje, Fraterworks, Ventos, TGSC y ScenTree; literatura: Perfumer & Flavorist «Animal notes in perfumery: castoreum» (solo cualitativa: p-cresol, guayacol, ácido benzoico, alcohol bencílico, sin %). Fraterworks lo vende al 50% en benzoato de bencilo (no es el natural solo). Ninguna fuente da % de una sustancia con estándar IFRA; el p-cresol (IFRA_STD_260) aparece solo como nombre.",sin cifra: no vale cero (§1.2)
fig:1069,8038-65-1,Ambergris tincture,(todos),,,,,sin-cifra,no encontrado,,,2026-09-30,,"Buscado: SDS, declaraciones de alérgenos y análisis de tintura de ámbar gris (TGSC, Maese Lab, IFF Oliffac, Pell Wall, Fraterworks, literatura GC-MS). Maese Lab vende «Ambreina pureza 80% diluida al 10% en bioetanol» (INCI Alcohol, Ambergris extract) y no da alérgenos; el SDS de IFF (Ambergris T Oliffac) oculta la composición como secreto comercial; TGSC no tiene sección de restringidos; la literatura analítica (ambrein hasta 97% del extracto de diclorometano, esteroles) es del ámbar gris en bruto, no de la tintura, y no cita sustancias con estándar IFRA. Fraterworks «Absolute Ambergris» es sintético: descartado.",sin cifra: no vale cero (§1.2)
