orden,material_id,cas,nombre,franja,min_pct,max_pct,base,url,cita,fuente,notas
1,fig:2338,4707-47-5,Methyl atrarate,trazas,0.05,0.5,concentrado,,Powdery Floral fragrances: 0.05 - 0.5%,resumen (scentspiracy.com probable),solo resumen; en florales polvorientos
1,fig:2338,4707-47-5,Methyl atrarate,estandar,0.1,2.0,concentrado,,Modern Chypre fragrances: 0.1 - 2.0%,resumen (scentspiracy.com probable),solo resumen; chipre moderno; fougere 0.1-1.0
1,fig:2338,4707-47-5,Methyl atrarate,techo,,5.9,concentrado,,ranges from 0.11% to 5.9%,resumen (scentspiracy.com probable),"solo resumen; otra fuente dice hasta 10%, otra 0.5-5%; min 0 no es cifra, techo = 5.9"
3,fig:96,70788-30-6,"1-(2,2,6-Trimethylcyclohexyl)-3-hexanol",techo,,2,concentrado,,up to 2% in the fragrance concentrate,resumen (hekserij.nl/perfumerflavorist.com probable),"solo resumen; ""usually less""; comercial al 10%"
4,fig:604,36306-87-3,"3,3,5,5-Tetramethyl-4-ethoxyvinylcyclohexanone",trazas,0.3,,concentrado,,from 0.300% minimum to 10.000% maximum,resumen (scentspiracy.com probable),solo resumen; minimo de rango
4,fig:604,36306-87-3,"3,3,5,5-Tetramethyl-4-ethoxyvinylcyclohexanone",estandar,2,5,concentrado,,typically used between 2 – 5% of a total formula,resumen,solo resumen; media 3% segun otra fuente; 1-8% otra
4,fig:604,36306-87-3,"3,3,5,5-Tetramethyl-4-ethoxyvinylcyclohexanone",techo,,8,concentrado,,recommended for use at up to 8% of the concentrate,resumen,solo resumen; otra fuente max 10%
5,fig:726,55066-48-3,3-Methyl-5-phenylpentanol,techo,,20,concentrado,,IFF specifies typical use level up to 20%,iff.com,"solo resumen; otras fuentes 10% y 5% del concentrado; <5x, sin contradiccion; ""efectivo a ~1% en fine fragrance"" (base dudosa) solo en notas"
6,fig:774,5471-51-2,4-(p-Hydroxyphenyl)-2-butanone,,,,,,,,"sin segunda fuente en concentrado: cifras 0.1-2% y 0.05-0.5% ""in fine fragrance"" sin base clara (solo notas); 10% DPG obligado para pesar"
2,tl:504-63-2,504-63-2,"1,3-Propanediol",,,,,,,,"sin segunda fuente: es disolvente/diluyente (rangos de patente 0.1-99% de mezcla, no uso olfativo)"
7,fig:818,211299-54-6,"4H-4a,9-Methanoazuleno[5,6-d]-1,3-dioxole, octahydro-2,2,5,8,8,9a-hexamethyl-,",estandar,0.1,2.0,concentrado,,Fine Fragrance Concentrates: 0.1% to 2%,resumen (scentspiracy.com probable),"solo resumen; ""traces up to 2%"" en perfumeria general; jabon 0.82% en compuesto no usado"
7,fig:818,211299-54-6,"4H-4a,9-Methanoazuleno[5,6-d]-1,3-dioxole, octahydro-2,2,5,8,8,9a-hexamethyl-,",techo,,2.0,concentrado,,Use level: Traces up to 2%,resumen,solo resumen
8,fig:830,39212-23-2,4-Hydroxy-3-methyloctanoic acid lactone,,,,,,,,"sin segunda fuente: solo ""hasta 10.00%"" con formato tipo TGSC, posible copia; no anotado"
9,fig:944,28940-11-6,"7-Methyl-2H-benzo-1,5-dioxepin-3(4H)-one",estandar,0.1,1.0,concentrado,,typical usage is 0.1 to 1.0% of total compound weight,resumen,solo resumen; acuaticos 0.1-0.5% tambien; comercial 10% o 1% DPG
9,fig:944,28940-11-6,"7-Methyl-2H-benzo-1,5-dioxepin-3(4H)-one",techo,,2.0,concentrado,,sometimes up to 2 percent in sport aquatic,resumen,solo resumen
10,fig:991,32388-55-9,Acetyl cedrene,trazas,0.5,,concentrado,,Usual dosage: 0.5 to 5%,resumen,solo resumen; rango 1-20% en otra fuente
10,fig:991,32388-55-9,Acetyl cedrene,estandar,2,8,concentrado,,in practice 2–8% is usual,resumen (iff.com probable),solo resumen
10,fig:991,32388-55-9,Acetyl cedrene,techo,,10,concentrado,,IFF gives a typical dosage of up to 10%,resumen (iff.com),solo resumen; otra fuente sugiere hasta 20%
11,fig:1378,19870-74-7,Cedrol methyl ether,estandar,,2,concentrado,,recommended for use at up to 2% in the perfume concentrate,resumen,solo resumen
11,fig:1378,19870-74-7,Cedrol methyl ether,techo,,10,concentrado,,up to 10% in fragrance concentrate,resumen,"solo resumen; 10 vs 2 = 5x, en el limite; otra cifra 5.3% con formato posible de TGSC, no anotada"
12,fig:1601,198404-98-7,"Cyclopropanemethanol, 1-methyl-2-[(1,2,2-trimethylbicyclo[3.1.0]hex-3-yl)methyl]-",trazas,0.02,0.1,concentrado,,"trace levels of 0.02–0.1%, it functions as a radiance booster",resumen (scentspiracy.com probable),solo resumen
12,fig:1601,198404-98-7,"Cyclopropanemethanol, 1-methyl-2-[(1,2,2-trimethylbicyclo[3.1.0]hex-3-yl)methyl]-",estandar,0.5,2,concentrado,,work with Javanol at 0.5–2% of your concentrate,resumen (scentspiracy.com probable),solo resumen
12,fig:1601,198404-98-7,"Cyclopropanemethanol, 1-methyl-2-[(1,2,2-trimethylbicyclo[3.1.0]hex-3-yl)methyl]-",techo,,20,concentrado,,up to 20% in specialized sandalwood soliflores,resumen (scentspiracy.com probable),"solo resumen; contradiccion: otra fuente da techo ""traces - 2%"" (10x)"
13,fig:1627,112-31-2,Decanal,trazas,0.01,0.1,concentrado,,Usual dosage is between 0.01 and 0.1%,resumen,solo resumen; se recomienda dilucion 1% o 10%
13,fig:1627,112-31-2,Decanal,techo,,1,concentrado,,up to 1% of total concentrate,resumen,"solo resumen; ""a menudo <0.5%""; rango 0.020-3.6% con formato tipo TGSC, no anotado"
14,fig:2161,112-54-9,Lauric aldehyde,trazas,0.01,0.1,concentrado,,Use it at 0.01-0.1% dilution,resumen,"solo resumen; ambiguo: ""dilucion"""
14,fig:2161,112-54-9,Lauric aldehyde,estandar,,0.2,concentrado,,commonly dosed below 0.2%,resumen,solo resumen
14,fig:2161,112-54-9,Lauric aldehyde,techo,,2,concentrado,,up to 2% of total concentrate,resumen,solo resumen; limite IFRA 0.1-0.3% segun aplicacion citado solo como nota
15,fig:2526,106-02-5,omega-Pentadecalactone,estandar,0.5,5,concentrado,,typical use is 0.5–5% in fine fragrance concentrates,resumen (scentspiracy.com probable),"solo resumen; ""fine fragrance 0.1-3%"" y funcional 1-5% sin base clara, solo notas; IFRA 2.4% cat.4 solo nota"
15,fig:2526,106-02-5,omega-Pentadecalactone,techo,,8,concentrado,,effective at up to 8% and beyond,resumen,solo resumen
16,fig:2579,34902-57-3,Oxacyclohexadecen-2-one,trazas,0.2,,concentrado,,between 0.2% and 10% in the fragrance composition,resumen,solo resumen; minimo del rango
16,fig:2579,34902-57-3,Oxacyclohexadecen-2-one,estandar,0.5,5,concentrado,,0.5 to 5 percent in fine fragrance concentrates,resumen (scentspiracy.com probable),solo resumen; optimo 1-3%
16,fig:2579,34902-57-3,Oxacyclohexadecen-2-one,techo,,10,concentrado,,between 0.2% and 10% in the fragrance composition,resumen,solo resumen; >8% da ceras segun otra fuente; media 3% con formato TGSC no anotada
17,fig:2593,8014-09-3,Patchouli,estandar,3,8,concentrado,,Chypré compositions: 3–8%,resumen,"solo resumen; oriental/ambar 2-10%; busqueda generica del aceite, no de la calidad Coeur/Light"
17,fig:2593,8014-09-3,Patchouli,techo,,10,concentrado,,up to 10% concentration in fragrance concentrates,resumen,"solo resumen; atribuido a IFRA pero IFRA no restringe patchuli: dudoso, solo orientativo"
18,fig:2594,8014-09-3,Patchouli,estandar,3,8,concentrado,,Chypré compositions: 3–8%,resumen,"solo resumen; oriental/ambar 2-10%; mismo CAS 8014-09-3 que orden 17, cifras identicas"
18,fig:2594,8014-09-3,Patchouli,techo,,10,concentrado,,up to 10% concentration in fragrance concentrates,resumen,"solo resumen; atribuido a IFRA pero IFRA no restringe patchuli: dudoso, solo orientativo"
19,cas:90028-68-5,90028-68-5,Oakmoss extracts,,,,,,,,"sin segunda fuente en franja: ""0.05-0.10% en concentrado EDP"" es una recomendacion tipo limite IFRA (solo notas, no franja); en tienda Darren Alan/similares"
20,fig:93,68155-67-9,"1-(1,2,3,4,6,7,8,8a-Octahydro-2,3,8,8-tetramethyl-2-naphthyl)ethan-1-one",trazas,5,10,concentrado,,"Lower levels (5–10%), it adds subtle body and smoothness",resumen (getperfumelab.com/unravelperfumery.com probables),solo resumen; busqueda con CAS 54464-57-2 y 68155-66-8 (mezcla comercial)
20,fig:93,68155-67-9,"1-(1,2,3,4,6,7,8,8a-Octahydro-2,3,8,8-tetramethyl-2-naphthyl)ethan-1-one",estandar,10,20,concentrado,,Many modern woody scents use it at 10–20%,resumen,solo resumen
20,fig:93,68155-67-9,"1-(1,2,3,4,6,7,8,8a-Octahydro-2,3,8,8-tetramethyl-2-naphthyl)ethan-1-one",techo,,50,concentrado,,Many niche fragrances use 25-50% of the concentrate,resumen,solo resumen; algunos 100% (Molecule 01); otro rango 5-30%+
21,fig:94,68155-66-8,"1-(1,2,3,5,6,7,8,8a-Octahydro-2,3,8,8-tetramethyl-2-naphthyl)ethan-1-one",trazas,5,10,concentrado,,"Lower levels (5–10%), it adds subtle body and smoothness",resumen (getperfumelab.com/unravelperfumery.com probables),"solo resumen; mismo material en orden 20 y 21 (isomeros), busqueda hecha una vez con ambos CAS"
21,fig:94,68155-66-8,"1-(1,2,3,5,6,7,8,8a-Octahydro-2,3,8,8-tetramethyl-2-naphthyl)ethan-1-one",estandar,10,20,concentrado,,Many modern woody scents use it at 10–20%,resumen,solo resumen
21,fig:94,68155-66-8,"1-(1,2,3,5,6,7,8,8a-Octahydro-2,3,8,8-tetramethyl-2-naphthyl)ethan-1-one",techo,,50,concentrado,,Many niche fragrances use 25-50% of the concentrate,resumen,solo resumen; algunos 100% (Molecule 01); otro rango 5-30%+
22,fig:114,1506-02-1,"1-(5,6,7,8-Tetrahydro-3,5,5,6,8,8-hexamethyl-2-naphthyl)ethan-1-one (Fixolid)",techo,,10,concentrado,,Can use up to 10% of total concentrate,resumen,"solo resumen; otra fuente sugiere inicio 1-15% del concentrado; ""0.1-1%"" sin base clara solo nota; ejemplos comerciales 3%, 5.5%, 8% no son franja"
23,fig:176,112-45-8,10-Undecenal,,,,,,,,"sin segunda fuente en concentrado: ""hasta 1% / 0.1-2% in finished fragrance"" sin base clara (solo notas); otras cifras (0.25-12%, media 0.15%) con formato tipo TGSC no anotadas"
24,fig:320,68039-49-6,"2,4-Dimethyl-3-cyclohexen-1-carboxaldehyde",,,,,,,,"sin segunda fuente en concentrado: cifras ""0.5-1% / 0.1-0.65% in fine fragrance"" y 0.05-0.2% en acordes sin base clara; 2.5% es tope IFRA cat.4 (solo notas)"
25,fig:359,106-72-9,"2,6-Dimethyl-5-heptenal",techo,,1,concentrado,,best used below 1% in concentrates,resumen,"solo resumen; ""traces to 0.2%"" tipico sin base clara (nota); sobre 1% se vuelve agresivamente verde"
27,fig:507,19009-56-4,2-Methyldecanal,techo,,2,concentrado,,recommended use level is traces up to 2%,resumen,"solo resumen; ""hasta 1.0% en concentrados"" ligado a IFRA, solo notas; dosis por producto Symrise (EDT 4%, jabon 1.2%...) son producto final, no franja"
28,fig:524,110-41-8,2-Methylundecanal,estandar,0.1,0.5,concentrado,,use it in trace quantities between 0.1% and 0.5%,resumen,solo resumen
28,fig:524,110-41-8,2-Methylundecanal,techo,,2,concentrado,,up to 2% in the total concentrate,resumen,solo resumen; media 0.25% con formato TGSC no anotada; 0.01-0.1% ambiguo (C12 generico)
29,fig:587,3407-42-9,"3-(5,5,6-Trimethylbicyclo[2.2.1]hept-2-yl)cyclohexan-1-ol",estandar,5,15,concentrado,,used at 5–15% of a formula to extend and anchor,resumen (scentspiracy.com probable),"solo resumen; base ""de una formula"" interpretada como concentrado, dudosa"
29,fig:587,3407-42-9,"3-(5,5,6-Trimethylbicyclo[2.2.1]hept-2-yl)cyclohexan-1-ol",techo,,20,concentrado,,One suggested use is 20% in the fragrance concentrate,resumen,"solo resumen; hasta 50% de una base de sandalo funcional (base, no concentrado); 1-25% con formato tipo TGSC no anotado"
30,fig:736,82356-51-2,3-Methylcyclopentadecenone,trazas,0.05,0.5,concentrado,,"At low dosages (0.05 to 0.5%), it is a fragrance enhancer",resumen (scentspiracy.com/hekserij.nl probables),solo resumen
30,fig:736,82356-51-2,3-Methylcyclopentadecenone,estandar,0.1,3,concentrado,,between 0.1% and 3% of this substance in the fragrance composition,resumen,solo resumen
30,fig:736,82356-51-2,3-Methylcyclopentadecenone,techo,,5,concentrado,,The use level can go up to 5%,resumen,solo resumen
31,fig:750,122-97-4,3-Phenyl-1-propanol,trazas,0.5,,concentrado,,suggested starting range is 0.50% to 10.00% of the fragrance concentrate,resumen (probable tienda tipo Perfumer Supply),solo resumen; minimo del rango
31,fig:750,122-97-4,3-Phenyl-1-propanol,techo,,10,concentrado,,suggested starting range is 0.50% to 10.00% of the fragrance concentrate,resumen,solo resumen; sin restricciones IFRA segun la fuente
32,fig:807,13171-00-1,"4-Acetyl-6-t-butyl-1,1-dimethylindan",techo,,8,concentrado,,can be used up to 8% of total concentrate,resumen,"solo resumen; ""0.5-3% en perfumes finos"" sin base clara, solo notas; media 0.5-3% con formato TGSC no anotada"
26,fig:483,103-95-7,2-Methyl-3-(p-isopropylphenyl)propionaldehyde,estandar,0.5,3.0,concentrado,,typical dosing ranges from 0.5% to 3.0% of the fragrance concentrate,resumen,solo resumen; otra cifra tipica 0.2-2%
26,fig:483,103-95-7,2-Methyl-3-(p-isopropylphenyl)propionaldehyde,techo,,8,concentrado,,up to 8% of total concentrate,resumen (shop.perfumersapprentice.com segun el resumen),solo resumen; contradiccion: perfumeextract.co.uk da maximo 0.95% del concentrado (8.4x); 0.95% coincide con el limite IFRA en producto final; 1-15% con formato tipo TGSC no anotado
33,fig:848,81782-77-6,4-Methyl-3-decen-5-ol,trazas,0.05,,concentrado,,used to enhance floral notes at 0.05-5% in fragrance compositions,resumen,solo resumen; minimo del rango
33,fig:848,81782-77-6,4-Methyl-3-decen-5-ol,estandar,0.1,3,concentrado,,typical usage range in perfume compounds is 0.1% (minimum) to 3% (maximum),resumen,solo resumen
33,fig:848,81782-77-6,4-Methyl-3-decen-5-ol,techo,,5,concentrado,,recommended for use at up to 5% in the perfume concentrate,resumen,solo resumen
34,fig:911,4927-36-0,5-Methyl-5-phenyl-3-hexanone,techo,,5,concentrado,,typical use level of traces to 5%,resumen (probable shop.perfumersapprentice.com),"solo resumen; el buscador devolvio tambien Romascone (otro material, CAS distinto): sus cifras no se anotan"
35,fig:981,144020-22-4,"Acetic acid, anhydride, reaction products with 1,5,10-trimethyl-1,5,9-cyclododecatriene",estandar,0.02,0.5,concentrado,,dosage of 0.02–0.50% for use as a powerful amber-woody fixer,resumen,"solo resumen; base ""bases modernas"" no explicita, usada como concentrado con reserva"
35,fig:981,144020-22-4,"Acetic acid, anhydride, reaction products with 1,5,10-trimethyl-1,5,9-cyclododecatriene",techo,,5,concentrado,,typical use level up to 5% in fragrance compositions,resumen (IFF),"solo resumen; 5/0.5 = 10x entre techo IFF y rango estandar, no contradiccion: franjas distintas"
36,fig:994,22047-25-2,Acetylpyrazine,,,,,,,,"sin segunda fuente: solo ppm en sabor y dilucion al 0.1% TEC, sin % de concentrado"
37,fig:1055,1205-17-0,"alpha-Methyl-1,3-benzodioxole-5-propionaldehyde",estandar,0.1,1,concentrado,,typically dosed at 0.1–1% of concentrate,resumen (scentspiracy.com probable),solo resumen
37,fig:1055,1205-17-0,"alpha-Methyl-1,3-benzodioxole-5-propionaldehyde",techo,,2,concentrado,,often 0.1% to 2% of the concentrate,resumen,"solo resumen; IFRA 2.6% solo nota; ""fine fragrance 0.5-3%"" sin base clara"
38,fig:1057,98-85-1,alpha-Methylbenzyl alcohol,,,,,,,,"sin segunda fuente en concentrado: ""0.4-8.3% (mediana 6.6%) en formulas de fine fragrance"" y ""<=5% en producto final"" (patente) sin base clara de concentrado; solo notas"
39,fig:1067,98-55-5,alpha-Terpineol,,,,,,,,"sin segunda fuente en concentrado: 0.5-5% ""in fine fragrance"" y 1-10% funcional sin base clara; 5.7% ""max en concentrado"" ligado a nivel IFRA en piel (limite, solo notas)"
40,fig:1208,14901-07-6,beta-Ionone,trazas,0.1,0.5,concentrado,,Beta Ionone can be incorporated at 0.1-0.5% concentration in woody fragrances,resumen,"solo resumen; base ""en fragancias amaderadas"" dudosa"
40,fig:1208,14901-07-6,beta-Ionone,estandar,0.5,5,concentrado,,Typical usage of beta-ionone runs 0.5-5% of a formula,resumen,"solo resumen; base ""de una formula"" interpretada como concentrado, con reserva"
40,fig:1208,14901-07-6,beta-Ionone,techo,,20,concentrado,,between 0.1% and 20% is typically used in fragrance compositions,resumen (probable hekserij.nl),"solo resumen; 20/5 = 4x, sin contradiccion; ""0.5%-20% sugerido"" con formato tipo TGSC no anotado"
41,fig:1245,94333-88-7,"Bulnesia sarmienti, ext., acetate",techo,,10,concentrado,,can be used up to 10% of total concentrate,resumen (probable shop.perfumersapprentice.com),"solo resumen; media 1.8% con formato TGSC no anotada; es un acetato tecnico de guayaco (mezcla), no puro"
42,fig:1409,104-54-1,Cinnamyl alcohol,techo,,4,concentrado,,can be used up to 4% of total fragrance concentrate,resumen (probable shop.perfumersapprentice.com),solo resumen; 1.2% cat.4 IFRA solo nota; media 2% con formato TGSC no anotada
43,fig:1659,33673-62-0,Dihydro-4-methyl-5-pentylfuran-2(3H)-one,trazas,0.1,0.5,concentrado,,effective use typically ranges from 0.1–0.5%,resumen,solo resumen; base concentrado segun el resumen
43,fig:1659,33673-62-0,Dihydro-4-methyl-5-pentylfuran-2(3H)-one,estandar,0.5,1.0,concentrado,,dosages around 0.5-1% in concentrate,resumen (probable scentspiracy.com/fraterworks.com),"solo resumen; ""IFRA permite hasta 1.0% en concentrado"" solo nota, no franja; 0.5% sustituye ~2% de absoluto de tuberosa"
44,fig:1664,17283-81-7,Dihydro-beta-ionone,estandar,0.5,5,concentrado,,usage levels typically range from 0.5% to 5% of the compound,resumen (probable scentspiracy.com/givaudan.com),solo resumen; media 0.72% con formato TGSC no anotada; flavor 10 ppm irrelevante
45,fig:1693,106-22-9,dl-Citronellol,estandar,0.1,8,concentrado,,General Perfume Compounds: From 0.100 – 8%,resumen,"solo resumen; formato de 3 decimales, posible derivado de TGSC (dudoso); ""fine fragrance 0.05-3%"" sin base clara"
45,fig:1693,106-22-9,dl-Citronellol,techo,,50,concentrado,,can be used up to 50% of total fragrance concentrate,resumen (probable shop.perfumersapprentice.com),"solo resumen; ""hasta 12%"" con formato tipo TGSC no anotado; 50/8 = 6x entre techo y estandar max, franjas distintas"
46,fig:1696,138-86-3,dl-Limonene (racemic),,,,,,,,sin segunda fuente: solo un analisis de 11% en muestras (no franja) y fichas de seguridad; sin dosis de uso
47,fig:1701,57345-19-4,"Dodecahydro-3,8,8,11a-tetramethyl-5H-3,5a-epoxynaphth[2,1-c]oxepin",,,,,,,,"sin segunda fuente en concentrado: ""0.6-2% en fine fragrance"" y ""0.1-1.5% en acordes amaderados ambar"" sin base clara; confusion de diluciones (10 MIP hasta 10% vs HD limite 1%); material tienda es dilucion en IPM, no puro"
48,fig:1745,6413-10-1,"Ethyl 2-methyl-1,3-dioxolane-2-acetate",techo,,30,concentrado,,it can be used up to 30% of total concentrate,resumen (probable shop.perfumersapprentice.com),solo resumen; rango 0.130-10% con formato tipo TGSC no anotado; no restringido por IFRA
49,fig:1788,77-83-8,Ethyl methylphenylglycidate,estandar,0.2,3,concentrado,,for perfumes the recommended usage level is 0.2–3%,resumen (probable scentspiracy.com),"solo resumen; base ""perfumes"" interpretada como concentrado, con reserva; ""0.1-1%"" dosis muy baja; jabon 0.2-1.5% son producto final"
50,fig:1814,121-32-4,Ethyl vanillin,estandar,0.1,2.0,concentrado,,Typical level in fine fragrance concentrate is 0.1–2.0%,resumen (probable scentspiracy.com),solo resumen; gourmands/ambar/chocolate 3-5%
50,fig:1814,121-32-4,Ethyl vanillin,techo,,5,concentrado,,usage can range from a trace to about 5 percent of the concentrate,resumen,solo resumen; otra fuente: hasta 8% del concentrado; 0.020-4.300% con formato TGSC no anotado
51,fig:1820,470-82-6,Eucalyptol,techo,,20,concentrado,,recommended for use at up to 20% in the fragrance concentrate,resumen (probable shop.perfumersapprentice.com),"solo resumen; ""1-5% en fragancias"" sin base clara, solo notas; colonias 2-5% y panuelo 15-30% son datos de producto/patente"
52,fig:1867,58567-11-6,Formaldehyde cyclododecyl ethyl acetal,trazas,1,,concentrado,,The recommended dosage for Boisambrene Forte is 1-15%,resumen (probable chemical.kao.com),solo resumen; minimo del rango
52,fig:1867,58567-11-6,Formaldehyde cyclododecyl ethyl acetal,techo,,15,concentrado,,The recommended dosage for Boisambrene Forte is 1-15%,resumen (probable chemical.kao.com),"solo resumen; otra fuente: hasta 5% del concentrado (3x, sin contradiccion); IFRA 1.5% producto final solo nota; media 0.9% formato TGSC no anotada"
53,fig:1917,105-87-3,Geranyl acetate,estandar,0.1,5,concentrado,,0.1–2% in fine fragrance concentrates; one to five percent in the concentrated perfume oil,resumen (probable scentspiracy.com),solo resumen; unido dos rangos (0.1-2% y 1-5%); rosas 0.5-2%
53,fig:1917,105-87-3,Geranyl acetate,techo,,12,concentrado,,up to 12% in functional fragrance bases,resumen (probable scentspiracy.com),"solo resumen; ""12% maximo por IFRA en concentrado"" solo nota; 0.12/1.2/12% con formato TGSC no anotado"
54,fig:1987,66-25-1,Hexanal,,,,,,,,"sin segunda fuente en concentrado: 0.01-0.1% ""in fine fragrances"" y >0.5% ""harsh"" sin base clara (solo notas); ppm de sabor irrelevante"
55,fig:2026,89-43-0,Hydroxycitronellal-methyl anthranilate (Schiff base),techo,,8,concentrado,,recommended for use at up to 8% in the perfume concentrate,resumen (probable shop.perfumersapprentice.com),"solo resumen; Givaudan: ""trazas a 5%"" (nivel de uso, base no indicada); IFRA 4.86% solo nota; media 1% formato TGSC no anotada"
56,fig:2097,23787-90-8,Isolongifolene ketone,estandar,0.1,2,concentrado,,usually used pure and is commonly seen in the 0.1-2% range,resumen (probable perfumeextract.co.uk),"solo resumen; base no explicita, con reserva; techo 15% y media 2.3% con formato TGSC no anotados"
57,fig:2223,115-95-7,Linalyl acetate,,,,,,,,"sin segunda fuente en concentrado: solo ""0.100-25%"" con formato TGSC dudoso y ""15% del concentrado"" que viene de sabores"
58,fig:2293,89-78-1,Menthol,trazas,0.01,0.5,concentrado,,Subliminal Dosing: 0.01-0.5%,resumen (probable scentspiracy.com),solo resumen; subliminal en composiciones frescas
58,fig:2293,89-78-1,Menthol,estandar,0.5,2.5,concentrado,,typical dosage in perfume concentrates is 0.5-2.5%,resumen (probable scentspiracy.com),"solo resumen; el resultado de la fuente es para CAS 2216-51-5 (l-mentol), se usa por equivalencia de uso"
58,fig:2293,89-78-1,Menthol,techo,,5,concentrado,,up to 5% in functional applications,resumen (probable scentspiracy.com),"solo resumen; funcional, no fina; tipico <3%"
59,fig:2337,134-20-3,Methyl anthranilate,estandar,0.05,0.5,concentrado,,suggested use level is 0.05–0.50% in concentrate,resumen (probable scentspiracy.com),"solo resumen; ""0.05-1% en bases"" sin base clara; ""hasta 10%"" con formato tipo TGSC no anotado; hay que anadir despacio"
60,fig:2357,1335-46-2,Methyl ionone (mixture of isomers),trazas,0.5,,concentrado,,effective range of 0.5-25% in fragrance concentrate,resumen (probable scentspiracy.com),solo resumen; minimo del rango
60,fig:2357,1335-46-2,Methyl ionone (mixture of isomers),estandar,1,10,concentrado,,IRALIA is used at a concentration varying from 1 to 10%,resumen (probable dsm-firmenich.com),solo resumen
60,fig:2357,1335-46-2,Methyl ionone (mixture of isomers),techo,,25,concentrado,,"in certain cases, up to 20-25%",resumen (probable dsm-firmenich.com),solo resumen; en reconstrucciones de orris 15-40% (otra fuente): techo 40 no anotado como franja
61,fig:2426,3738-00-9,"Naphtho[2,1-b]furan, dodecahydro-3a,6,6,9a-tetramethyl-",trazas,0.1,0.2,concentrado,,Fine Fragrance & Cosmetics: Typically 0.1% – 0.2% in essence,resumen (probable myuchem.com),"solo resumen; ""in essence"" interpretado como concentrado, con reserva"
61,fig:2426,3738-00-9,"Naphtho[2,1-b]furan, dodecahydro-3a,6,6,9a-tetramethyl-",estandar,0.5,3,concentrado,,Usually 0.5-3% in fragrance concentrates,resumen (probable myuchem.com),solo resumen
61,fig:2426,3738-00-9,"Naphtho[2,1-b]furan, dodecahydro-3a,6,6,9a-tetramethyl-",techo,,5,concentrado,,Maximum Use Level: Up to 5%,resumen (probable myuchem.com),solo resumen
62,fig:2433,106-25-2,Nerol,techo,,20,concentrado,,recommended usage level up to 20% in the fragrance concentrate,resumen (probable shop.perfumersapprentice.com/scentspiracy.com),"solo resumen; ""permite IFRA hasta 20%"" solo nota; ""1-2% en citricos, lila, mimosa"" y ""0.1-5% fine fragrance"" sin base clara; ""1-10% fine"" mas alto al reconstruir rosa"
63,fig:2490,23333-91-7,"Octahydro-4,8a-dimethyl-4a(2H)-naphthol",trazas,0.01,0.1,concentrado,,typically 0.01% to 0.1% in the concentrate,resumen (probable scentspiracy.com),solo resumen
63,fig:2490,23333-91-7,"Octahydro-4,8a-dimethyl-4a(2H)-naphthol",techo,,0.1,concentrado,,often used at 0.1% or even 0.01% in fragrances and blends,resumen,solo resumen; otra fuente: recomendado hasta 0.05% del concentrado; rango 0.050-1.000% con formato TGSC no anotado; material tienda es dilucion 1%
64,fig:2497,124-13-0,Octanal,,,,,,,,"sin segunda fuente en concentrado: solo ""dosis bien por debajo del 1%"" y solucion 1% (sin franja numerica del concentrado); media 0.11% con formato TGSC no anotada"
65,fig:2573,28645-51-4,Oxacycloheptadec-10-ene-2-one,techo,,2,concentrado,,Traces to 2% is the typical use level according to IFF,resumen (iff.com),"solo resumen; variante HC Supreme ""trazas a 20%"" (otro grado, 10x, no mezclar); 0.010-5% con formato TGSC no anotado"
66,fig:2596,5986-55-0,Patchouli alcohol,trazas,0.5,,concentrado,,Clearwood use level ranges from 0.5% to 20%,resumen (probable shop.perfumersapprentice.com),"solo resumen; ATENCION: Clearwood es un derivado de patchuli (mezcla), no alcohol de patchuli puro"
66,fig:2596,5986-55-0,Patchouli alcohol,techo,,40,concentrado,,patchoulol crystals: typical use level is 40% in the fragrance concentrate,resumen (probable shop.perfumersapprentice.com),solo resumen; Clearwood tope 20%; la cifra de Healingwood/Clearwood Prisma concreta no salio
67,fig:2688,56011-02-0,Phenylethyl isoamyl ether,estandar,0.1,0.1,concentrado,,The use level is 0.1% in the fragrance concentrate,resumen (probable shop.perfumersapprentice.com),"solo resumen; cifra unica, sin rango"
68,fig:2979,89-83-8,Thymol,trazas,,0.1,concentrado,,used at very low concentrations (below 0.1%) to add authentic thyme character,resumen (probable scentspiracy.com),solo resumen; fine fragrance
68,fig:2979,89-83-8,Thymol,techo,,2,concentrado,,trace amounts (< 0.1%) to approximately 2%,resumen (probable scentspiracy.com),"solo resumen; caso especial 12% en un masculino clasico, no tipico; fuerte fenolico, mas comun en funcional"
69,fig:3052,112-44-7,Undecanal,estandar,0.1,1,concentrado,,typical use in fine fragrance concentrates is 0.1–1%,resumen (probable scentspiracy.com),"solo resumen; limite IFRA/RIFM 1% en concentrado solo nota; EDP 0.1-0.5% y EDT son producto final; ""0.1-2% in finished fragrance"" sin base"
70,tl:64-17-5,64-17-5,Ethyl alcohol,,,,,,,,"sin segunda fuente: el CAS 64-17-5 es etanol, no corresponde a los nombres de tienda (absolutos de cacao/tabaco en dilucion); busqueda hecha sobre absolutos de cacao y tabaco, cifras solo informativas: cacao 0.1-0.5% del concentrado (max IFRA 2% solo nota), tabaco 0.5-3% de una formula; no se registran como franja de etanol"
71,fig:18,10138-32-6,"(±)-Bicyclo[2.2.1]hept-5-ene-2-carboxylic acid, ethyl ester",techo,,0.2,concentrado,,typical use level for Tropicalia is traces to 0.2%,resumen (probable iff.com/fraterworks.com),solo resumen; ultra potente; se vende 10% dilucion
72,fig:43,24720-09-0,"(E)-1-(2,6,6-Trimethyl-2-cyclohexen-1-yl)-2-buten-1-one",trazas,0.01,,concentrado,,typically used from 0.01% up to 0.2% of the fragrance formula,resumen (probable scentspiracy.com),"solo resumen; minimo del rango; base ""formula"" con reserva"
72,fig:43,24720-09-0,"(E)-1-(2,6,6-Trimethyl-2-cyclohexen-1-yl)-2-buten-1-one",techo,,0.2,concentrado,,typically used from 0.01% up to 0.2% of the fragrance formula,resumen (probable scentspiracy.com),solo resumen; IFRA cetonas de rosa 0.043% en fragancia fina y 0.02% recomendado: solo notas; resultado de Scentspiracy es CAS 43052-87-5
73,fig:49,81786-74-5,"(E)-3,4,5,6,6-Pentamethylhept-3-en-2-one",estandar,1,10,concentrado,,used at 1-10% to enhance amber accords,resumen (probable iff.com),solo resumen
73,fig:49,81786-74-5,"(E)-3,4,5,6,6-Pentamethylhept-3-en-2-one",techo,,30,concentrado,,higher levels (up to 30%) to create powerful aldehydic-pine effects,resumen (probable iff.com),solo resumen; IFRA 1.9% producto final solo nota; media 2.4% formato TGSC no anotada
74,fig:54,79-77-6,(E)-beta-Ionone,techo,,20,concentrado,,typical use level for Ionone beta in fine fragrance is up to 20%,resumen (probable shop.perfumersapprentice.com),"solo resumen; base ""fine fragrance"" con reserva; mismo uso que orden 40 (CAS distinto 14901-07-6 vs 79-77-6, mismo compuesto)"
75,fig:63,81786-73-4,"(Z)-3,4,5,6,6-Pentamethylhept-3-en-2-one",estandar,1,10,concentrado,,used at 1-10% to enhance amber accords,resumen (probable iff.com),"solo resumen; mismo resultado que orden 73 (Koavone E/Z, misma ficha)"
75,fig:63,81786-73-4,"(Z)-3,4,5,6,6-Pentamethylhept-3-en-2-one",techo,,30,concentrado,,higher levels (up to 30%) to create powerful aldehydic-pine effects,resumen (probable iff.com),solo resumen
