material_id,cas,nombre,cat4_certificado,url,cita,estado_glosario,marca,nota
fig:1210,55066-49-4,beta-Methyl-benzenepentanal,no restringido,https://perfumiarz.com/products/mefranal,Givaudan: «no safety limits have been established» (ninguna categoría) [0010593_MEFRANAL_IFRA_51_Certificate_20240503.pdf],sin-estandar,coincide,
fig:860,224031-70-3,"4-Penten-1-one, 1-spiro[4.5]dec-7-en-7-yl-","0,010 %",https://perfumiarz.com/products/spirogalbanone,Category 4 0.010 100.000 [0010703_SPIROGALBANONE_PURE_IFRA_51_Certificate_20231019.pdf],sin-estandar,discrepancia,el certificado dice que no lleva sustancias restringidas por IFRA o que el límite es de evaluación propia del proveedor: no es un estándar IFRA
fig:2723,6658-48-6,p-Isobutyl-alpha-methyl hydrocinnamaldehyde,"0,800 %",https://perfumiarz.com/products/silvial,Category 4 0.800 100.000 [0012543_SILVIAL_IFRA_51_Certificate_20240704.pdf],con-techo,coincide,el certificado dice que no lleva sustancias restringidas por IFRA o que el límite es de evaluación propia del proveedor: no es un estándar IFRA
fig:189,16510-27-3,1-Cyclopropylmethyl-4-methoxybenzene,"0,450 %",https://perfumiarz.com/products/toscanol,Category 4 0.450 100.000 [0014203_TOSCANOL_IFRA_51_Certificate_20240426.pdf],sin-estandar,discrepancia,el certificado dice que no lleva sustancias restringidas por IFRA o que el límite es de evaluación propia del proveedor: no es un estándar IFRA
fig:295,54440-17-4,"2,3,3-Trimethylindanone",no restringido,https://perfumiarz.com/products/safraleine,Givaudan: «no safety limits have been established» (ninguna categoría) [0015893_SAFRALEINE_IFRA_51_Certificate_20250416.pdf],sin-estandar,coincide,
fig:1247,406488-30-0,"Butanamide, 2-ethyl-N-methyl-N-(3-methylphenyl)-","0,210 %",https://perfumiarz.com/products/paradisamide,Category 4 0.210 100.000 [0025633_PARADISAMIDE_IFRA_51_Certificate_20250721.pdf],sin-estandar,discrepancia,el certificado dice que no lleva sustancias restringidas por IFRA o que el límite es de evaluación propia del proveedor: no es un estándar IFRA
fig:407,2563-07-7,2-Ethoxy-4-methylphenol,"0,02 %",https://perfumiarz.com/products/ultravanil,Category 4 0.02 100.00 [0027553_ULTRAVANIL_80DPG_IFRA_51_Certificate_20250520.pdf],con-techo,coincide,
fig:342,141-13-9,"2,6,10-Trimethyl-9-undecenal","0,150 %",https://perfumiarz.com/products/adoxal,Category 4 0.150 100.000 [1028001_ADOXAL_IFRA_51_Certificate_20231019.pdf],sin-estandar,discrepancia,el certificado dice que no lleva sustancias restringidas por IFRA o que el límite es de evaluación propia del proveedor: no es un estándar IFRA
fig:890,37609-25-9,5-Cyclohexadecen-1-one,"0,680 %",https://perfumiarz.com/products/velvione,Category 4 0.680 100.000 [1382293_VELVIONE_IFRA_51_Certificate_20240621.pdf],sin-estandar,discrepancia,el certificado dice que no lleva sustancias restringidas por IFRA o que el límite es de evaluación propia del proveedor: no es un estándar IFRA
fig:2423,84434-18-4,"N,2-Dimethyl-N-phenylbutyramide",no restringido,https://perfumiarz.com/products/gardamide,Givaudan: «no safety limits have been established» (ninguna categoría) [1390623_GARDAMIDE_IFRA_51_Certificate_20231019.pdf],sin-estandar,coincide,el certificado dice que no lleva sustancias restringidas por IFRA o que el límite es de evaluación propia del proveedor: no es un estándar IFRA
fig:3075,20665-85-4,Vanillin isobutyrate,no restringido,https://perfumiarz.com/products/isobutavan,Givaudan: «no safety limits have been established» (ninguna categoría) [1465543_ISOBUTAVAN_IFRA_51_Certificate_20231019.pdf],sin-estandar,coincide,el certificado dice que no lleva sustancias restringidas por IFRA o que el límite es de evaluación propia del proveedor: no es un estándar IFRA
tl:1637294-12-2,1637294-12-2,3-(4-isobutyl-2-methylphenyl)propanal,"0,950 %",https://perfumiarz.com/products/nympheal,Category 4 0.950 100.000 [1489703_NYMPHEAL_IFRA_51_Certificate_20240111.pdf],sin-estandar,discrepancia,el certificado dice que no lleva sustancias restringidas por IFRA o que el límite es de evaluación propia del proveedor: no es un estándar IFRA
fig:1601,198404-98-7,"Cyclopropanemethanol, 1-methyl-2-[(1,2,2-trimethylbicyclo[3.1.0]hex-3-yl)methyl]-",no restringido,https://perfumiarz.com/products/javanol-super,Givaudan: «no safety limits have been established» (ninguna categoría) [1493163_JAVANOL_SUPER_IFRA_51_Certificate_20231019.pdf],sin-estandar,coincide,el certificado dice que no lleva sustancias restringidas por IFRA o que el límite es de evaluación propia del proveedor: no es un estándar IFRA
fig:483,103-95-7,2-Methyl-3-(p-isopropylphenyl)propionaldehyde,"0,038 %",https://perfumiarz.com/products/cyclamen-aldehyde-extra,Category 4 0.038 100.000 [1534001_CYCLAMEN_ALDEHYDE_EXTRA_IFRA_51_Certificate_20240830.pdf],con-techo,coincide,
,,orris-givco,"40,08 %",https://perfumiarz.com/products/orris-givco,Category 4 40.08 100.00 [21000663_ORRIS_GIVCO_204220_IFRA_51_Certificate_20250603.pdf],sin fila: sin fila en nombres-proveedores (producto sin CAS),sin-glosario,
,,yuzu-zest,"2,14 %",https://perfumiarz.com/products/yuzu-zest,Category 4 2.14 100.00 [21007193_YUZU_ZEST_ABJ7091N_IFRA_51_Certificate_20231019.pdf],sin fila: sin fila en nombres-proveedores (producto sin CAS),sin-glosario,
,,dewfruit-tec-ab-2927r-3,"1,21 %",https://perfumiarz.com/products/dewfruit-tec-ab-2927r-3,Category 4 1.21 100.00 [21008613_DEWFRUIT_TEC_AB_2927R2_IFRA_51_Certificate_20240920.pdf],sin fila: sin fila en nombres-proveedores (producto sin CAS),sin-glosario,
,,black-agar-givco,"1,67 %",https://perfumiarz.com/products/black-agar-givco,Category 4 1.67 100.00 [21008947_BLACK_AGAR_GIVCO_2152_IFRA_51_Certificate_20231019.pdf],sin fila: sin fila en nombres-proveedores (producto sin CAS),sin-glosario,
,,rose-givco,"8,47 %",https://perfumiarz.com/products/rose-givco,Category 4 8.47 100.00 [21008999_ROSE_GIVCO_217_WO_LYRAL_IFRA_51_Certificate_20240111.pdf],sin fila: sin fila en nombres-proveedores (producto sin CAS),sin-glosario,
,8016-96-4,Vetiver Oil Haiti SIGNature,no restringido,https://perfumiarz.com/products/vetiver-haiti,Category 4 100.000 100.000 [21009690_VETIVER_OIL_HAITI_SIGNATURE_IFRA_51_Certificate_20240702.pdf],"sin fila: forma ambigua, candidatas: fig:3083, fig:3086, fig:3087, ncs:vetiver-oil-all-origins, tl:vetiver-oil-terpeneless",sin-glosario,el certificado dice que no lleva sustancias restringidas por IFRA o que el límite es de evaluación propia del proveedor: no es un estándar IFRA
,,sandalwood-givco,"5,47 %",https://perfumiarz.com/products/sandalwood-givco,Category 4 5.47 100.00 [21221123_SANDALWOOD_GIVCO_20320_IFRA_51_Certificate_20231019.pdf],sin fila: sin fila en nombres-proveedores (producto sin CAS),sin-glosario,
fig:2026,89-43-0,Hydroxycitronellal-methyl anthranilate (Schiff base),"4,078 %",https://perfumiarz.com/products/aurantiol,Category 4 4.078 100.000 [2365901_AURANTIOL_PURE_IFRA_51_Certificate_20240301.pdf],por-constituyentes,coincide,el certificado dice que no lleva sustancias restringidas por IFRA o que el límite es de evaluación propia del proveedor: no es un estándar IFRA
fig:404,68845-00-1,"2-Ethoxy-2,6,6-trimethyl-9-methylenebicyclo[3.3.1]nonane",no restringido,https://perfumiarz.com/products/boisiris,Givaudan: «no safety limits have been established» (ninguna categoría) [2786903_BOISIRIS_IFRA_51_Certificate_20250506.pdf],sin-estandar,coincide,el certificado dice que no lleva sustancias restringidas por IFRA o que el límite es de evaluación propia del proveedor: no es un estándar IFRA
fig:521,109-08-0,2-Methylpyrazine,no restringido,https://perfumiarz.com/products/2-methyl-pyrazine,CLASS 4 100 [2MP1C_IFRA51.pdf],sin-estandar,coincide,
fig:930,34131-98-1,6-Isopropyl-2(1H)-octahydronaphthalenone,no restringido,https://perfumiarz.com/products/decatone,Givaudan: «no safety limits have been established» (ninguna categoría) [4356101_DECATONE_IFRA_51_Certificate_20231019.pdf],sin-estandar,coincide,el certificado dice que no lleva sustancias restringidas por IFRA o que el límite es de evaluación propia del proveedor: no es un estándar IFRA
fig:1664,17283-81-7,Dihydro-beta-ionone,no restringido,https://perfumiarz.com/products/dihydro-ionone-beta,Givaudan: «no safety limits have been established» (ninguna categoría) [4508403_DIHYDRO_IONONE_BETA_IFRA_51_Certificate_20231019.pdf],sin-estandar,coincide,el certificado dice que no lleva sustancias restringidas por IFRA o que el límite es de evaluación propia del proveedor: no es un estándar IFRA
fig:289,7392-19-0,"2,2,6-Trimethyl-6-vinyltetrahydropyran",no restringido,https://perfumiarz.com/products/limetol,Givaudan: «no safety limits have been established» (ninguna categoría) [4523001_LIMETOL_IFRA_51_Certificate_20240805.pdf],sin-estandar,coincide,el certificado dice que no lleva sustancias restringidas por IFRA o que el límite es de evaluación propia del proveedor: no es un estándar IFRA
fig:796,2550-11-0,"4,7-Dimethyloct-6-en-3-one","0,370 %",https://perfumiarz.com/products/dimethyl-octenone,Category 4 0.370 100.000 [4591003_DIMETHYL_OCTENONE_IFRA_51_Certificate_20231019.pdf],con-techo,coincide,el certificado dice que no lleva sustancias restringidas por IFRA o que el límite es de evaluación propia del proveedor: no es un estándar IFRA
fig:869,30168-23-1,4-Tricyclodecylidene butanal,"0,024 %",https://perfumiarz.com/products/dupical,Category 4 0.024 100.000 [4685003_DUPICAL_IFRA_51_Certificate_20240805.pdf],sin-estandar,discrepancia,el certificado dice que no lleva sustancias restringidas por IFRA o que el límite es de evaluación propia del proveedor: no es un estándar IFRA
fig:722,67801-20-1,"3-Methyl-5-(2,2,3-trimethyl-3-cyclopenten-1-yl)pent-4-en-2-ol",no restringido,https://perfumiarz.com/products/ebanol,Givaudan: «no safety limits have been established» (ninguna categoría) [4697403_EBANOL_IFRA_51_Certificate_20231019.pdf],sin-estandar,coincide,el certificado dice que no lleva sustancias restringidas por IFRA o que el límite es de evaluación propia del proveedor: no es un estándar IFRA
fig:1841,4602-84-0,Farnesol,"1,214 %",https://perfumiarz.com/products/farnesol,Category 4 1.214 100.000 [5052003_FARNESOL_SYNTHETIC_IFRA_51_Certificate_20231019.pdf],con-techo,coincide,
fig:136,65405-72-3,"1,2,3,4,4a,7,8,8a-Octahydro-2,4a,5,8a-tetramethyl-1-naphthyl formate",no restringido,https://perfumiarz.com/products/oxyoctaline-formate,Givaudan: «no safety limits have been established» (ninguna categoría) [5166003_OXYOCTALINE_FORMATE_IFRA_51_Certificate_20240612.pdf],sin-estandar,coincide,el certificado dice que no lleva sustancias restringidas por IFRA o que el límite es de evaluación propia del proveedor: no es un estándar IFRA
fig:563,14765-30-1,2-sec-Butylcyclohexanone,no restringido,https://perfumiarz.com/products/freskomenthe,Givaudan: «no safety limits have been established» (ninguna categoría) [5202703_FRESKOMENTHE_IFRA_51_Certificate_20240625.pdf],sin-estandar,coincide,el certificado dice que no lleva sustancias restringidas por IFRA o que el límite es de evaluación propia del proveedor: no es un estándar IFRA
tl:50373-36-9,50373-36-9,"Cyclohexanol, 5-methyl-2-(1-methylethenyl)-, (1.alpha.,2.beta.,5.alpha.)-(.+-.)-","1,463 %",https://perfumiarz.com/products/geranodyle,Category 4 1.463 100.000 [5464203_GERANODYLE_IFRA_51_Certificate_20240827.pdf],sin-estandar,discrepancia,el certificado dice que no lleva sustancias restringidas por IFRA o que el límite es de evaluación propia del proveedor: no es un estándar IFRA
fig:375,68901-32-6,"2-[8-Isopropyl-6-methylbicyclo[2.2.2]oct-5-en-2-yl]-1,3-dioxolane",no restringido,https://perfumiarz.com/products/glycolierral,Givaudan: «no safety limits have been established» (ninguna categoría) [5631203_GLYCOLIERRAL_IFRA_51_Certificate_20240909.pdf],sin-estandar,coincide,el certificado dice que no lleva sustancias restringidas por IFRA o que el límite es de evaluación propia del proveedor: no es un estándar IFRA
fig:392,54546-26-8,"2-Butyl-4,4,6-trimethyl-1,3-dioxane",no restringido,https://perfumiarz.com/products/herboxane,Givaudan: «no safety limits have been established» (ninguna categoría) [5698353_HERBOXANE_IFRA_51_Certificate_20240627.pdf],sin-estandar,coincide,el certificado dice que no lleva sustancias restringidas por IFRA o que el límite es de evaluación propia del proveedor: no es un estándar IFRA
fig:2688,56011-02-0,Phenylethyl isoamyl ether,no restringido,https://perfumiarz.com/products/anther-5-ml,Givaudan: «no safety limits have been established» (ninguna categoría) [5846393_ANTHER_IFRA_51_Certificate_20240206.pdf],sin-estandar,coincide,
fig:54,79-77-6,(E)-beta-Ionone,no restringido,https://perfumiarz.com/products/ionone-beta,Givaudan: «no safety limits have been established» (ninguna categoría) [5992503_IONONE_BETA_IFRA_51_Certificate_20231019.pdf],sin-estandar,coincide,el certificado dice que no lleva sustancias restringidas por IFRA o que el límite es de evaluación propia del proveedor: no es un estándar IFRA
fig:604,36306-87-3,"3,3,5,5-Tetramethyl-4-ethoxyvinylcyclohexanone",no restringido,https://perfumiarz.com/products/kephalis,Givaudan: «no safety limits have been established» (ninguna categoría) [6378003_KEPHALIS_IFRA_51_Certificate_20240830.pdf],sin-estandar,coincide,el certificado dice que no lleva sustancias restringidas por IFRA o que el límite es de evaluación propia del proveedor: no es un estándar IFRA
fig:1752,39255-32-8,Ethyl 2-methylpentanoate,no restringido,https://perfumiarz.com/products/manzanate,Givaudan: «no safety limits have been established» (ninguna categoría) [6702803_MANZANATE_IFRA_51_Certificate_20240830.pdf],sin-estandar,coincide,el certificado dice que no lleva sustancias restringidas por IFRA o que el límite es de evaluación propia del proveedor: no es un estándar IFRA
fig:405,5595-79-9,2-Ethoxy-4-(methoxymethyl)phenol,"0,690 %",https://perfumiarz.com/products/methyl-diantilis,Category 4 0.690 100.000 [6906203_METHYL_DIANTILIS_IFRA_51_Certificate_20240930.pdf],sin-estandar,discrepancia,el certificado dice que no lleva sustancias restringidas por IFRA o que el límite es de evaluación propia del proveedor: no es un estándar IFRA
fig:935,110-93-0,6-Methyl-5-hepten-2-one,"0,330 %",https://perfumiarz.com/products/methyl-heptenone,Category 4 0.330 100.000 [6937003_METHYL_HEPTENONE_PURE_IFRA_51_Certificate_20231019.pdf],sin-estandar,discrepancia,el certificado dice que no lleva sustancias restringidas por IFRA o que el límite es de evaluación propia del proveedor: no es un estándar IFRA
fig:230,94201-19-1,"1-Oxaspiro[4.5]decan-2-one, 8-methyl-",no restringido,https://perfumiarz.com/products/methyl-laitone-10,Givaudan: «no safety limits have been established» (ninguna categoría) [6978468_METHYL_LAITONE_10DPG_IFRA_51_Certificate_20250723.pdf],sin-estandar,coincide,el certificado dice que no lleva sustancias restringidas por IFRA o que el límite es de evaluación propia del proveedor: no es un estándar IFRA
fig:1654,68845-36-3,Diethyldimethylcyclohex-2-en-1-one,no restringido,https://perfumiarz.com/products/azarbre,Givaudan: «no safety limits have been established» (ninguna categoría) [7043003_AZARBRE_IFRA_51_Certificate_20241118.pdf],sin-estandar,coincide,el certificado dice que no lleva sustancias restringidas por IFRA o que el límite es de evaluación propia del proveedor: no es un estándar IFRA
fig:181,6707-60-4,12-Oxahexadecanolide,no restringido,https://perfumiarz.com/products/cervolide,Givaudan: «no safety limits have been established» (ninguna categoría) [7225001_CERVOLIDE_IFRA_51_Certificate_20250317.pdf],sin-estandar,coincide,el certificado dice que no lleva sustancias restringidas por IFRA o que el límite es de evaluación propia del proveedor: no es un estándar IFRA
fig:319,131812-67-4,"2,4-Dimethyl-2-(5,6,7,8-tetrahydro-5,5,8,8-tetramethyl-2-naphthalenyl)-1,3-dioxolane",no restringido,https://perfumiarz.com/products/okoumal,Givaudan: «no safety limits have been established» (ninguna categoría) [7622363_OKOUMAL_IFRA_51_Certificate_20231019.pdf],sin-estandar,coincide,el certificado dice que no lleva sustancias restringidas por IFRA o que el límite es de evaluación propia del proveedor: no es un estándar IFRA
fig:936,91-62-3,6-Methylquinoline,"0,200 %",https://perfumiarz.com/products/6-methyl-quinoline,Category 4 0.200 100.000 [7989003_METHYL_QUINOLINE_PARA_IFRA_51_Certificate_20231019.pdf],sin-estandar,discrepancia,el certificado dice que no lleva sustancias restringidas por IFRA o que el límite es de evaluación propia del proveedor: no es un estándar IFRA
fig:1046,10461-98-0,alpha-Cyclohexylidene benzeneacetonitrile,"0,470 %",https://perfumiarz.com/products/peonile,Category 4 0.470 100.000 [8753253_PEONILE_IFRA_51_Certificate_20240805.pdf],con-techo,coincide,el certificado dice que no lleva sustancias restringidas por IFRA o que el límite es de evaluación propia del proveedor: no es un estándar IFRA
fig:1601,198404-98-7,"Cyclopropanemethanol, 1-methyl-2-[(1,2,2-trimethylbicyclo[3.1.0]hex-3-yl)methyl]-",no restringido,https://perfumiarz.com/products/javanol,Givaudan: «no safety limits have been established» (ninguna categoría) [8754013_JAVANOL_IFRA_51_Certificate_20240516.pdf],sin-estandar,coincide,el certificado dice que no lleva sustancias restringidas por IFRA o que el límite es de evaluación propia del proveedor: no es un estándar IFRA
fig:1735,35044-59-8,"Ethyl 2,6,6-trimethylcyclohexa-1,3-ene-1-carboxylate","1,000 %",https://perfumiarz.com/products/ethyl-safranate,Category 4 1.000 100.000 [8802603_ETHYL_SAFRANATE_IFRA_51_Certificate_20250123_a7e084fa-990b-49ab-ab37-21caeb4b3eb4.pdf],sin-estandar,discrepancia,el certificado dice que no lleva sustancias restringidas por IFRA o que el límite es de evaluación propia del proveedor: no es un estándar IFRA
fig:1082,2050-08-0,Amyl salicylate,no restringido,https://perfumiarz.com/products/amyl-salicylate,Givaudan: «no safety limits have been established» (ninguna categoría) [8810001_AMYL_SALICYLATE_IFRA_51_Certificate_20241008.pdf],sin-estandar,coincide,el certificado dice que no lleva sustancias restringidas por IFRA o que el límite es de evaluación propia del proveedor: no es un estándar IFRA
fig:587,3407-42-9,"3-(5,5,6-Trimethylbicyclo[2.2.1]hept-2-yl)cyclohexan-1-ol",no restringido,https://perfumiarz.com/products/sandela-85-ipm,Givaudan: «no safety limits have been established» (ninguna categoría) [8850203_SANDELA_85IPM_GIV_IFRA_51_Certificate_20241209.pdf],sin-estandar,coincide,el certificado dice que no lleva sustancias restringidas por IFRA o que el límite es de evaluación propia del proveedor: no es un estándar IFRA
tl:38303-23-0,38303-23-0,"4,5,6,7,8,9,10,11,12,13-Decahydrocyclododecaoxazole","2,00 %",https://perfumiarz.com/products/sclarene,Category 4 2.00 100.00 [8892308_SCLARENE_80DPG_IFRA_51_Certificate_20240522.pdf],sin-estandar,discrepancia,el certificado dice que no lleva sustancias restringidas por IFRA o que el límite es de evaluación propia del proveedor: no es un estándar IFRA
fig:910,22457-23-4,5-Methyl-3-heptanone oxime,"13,790 %",https://perfumiarz.com/products/stemone,Category 4 13.790 100.000 [9023501_STEMONE_IFRA_51_Certificate_20231019.pdf],sin-estandar,discrepancia,el certificado dice que no lleva sustancias restringidas por IFRA o que el límite es de evaluación propia del proveedor: no es un estándar IFRA
fig:887,68140-48-7,"5-Acetyl-3-isopropyl-1,1,2,6-tetramethylindane",no restringido,https://perfumiarz.com/products/traseolide,Givaudan: «no safety limits have been established» (ninguna categoría) [9366993_TRASEOLIDE_IFRA_51_Certificate_20240729.pdf],sin-estandar,coincide,el certificado dice que no lleva sustancias restringidas por IFRA o que el límite es de evaluación propia del proveedor: no es un estándar IFRA
fig:1659,33673-62-0,Dihydro-4-methyl-5-pentylfuran-2(3H)-one,no restringido,https://perfumiarz.com/products/methyl-tuberate-pure,Givaudan: «no safety limits have been established» (ninguna categoría) [9411003_METHYL_TUBERATE_PURE_IFRA_51_Certificate_20231019.pdf],sin-estandar,coincide,el certificado dice que no lleva sustancias restringidas por IFRA o que el límite es de evaluación propia del proveedor: no es un estándar IFRA
fig:848,81782-77-6,4-Methyl-3-decen-5-ol,"1,550 %",https://perfumiarz.com/products/undecavertol,Category 4 1.550 100.000 [9449903_UNDECAVERTOL_IFRA_51_Certificate_20231019.pdf],sin-estandar,discrepancia,el certificado dice que no lleva sustancias restringidas por IFRA o que el límite es de evaluación propia del proveedor: no es un estándar IFRA
,,vernaldehyde_,"0,100 %",https://perfumiarz.com/products/vernaldehyde_,Category 4 0.100 100.000 [9644601_VERNALDEHYDE_IFRA_51_Certificate_20240516.pdf],sin fila: sin fila en nombres-proveedores (producto sin CAS),sin-glosario,el certificado dice que no lleva sustancias restringidas por IFRA o que el límite es de evaluación propia del proveedor: no es un estándar IFRA
fig:2739,123-11-5,p-Methoxybenzaldehyde,"1,4 %",https://perfumiarz.com/products/anis-aldehyde,CLASS 4 1.4 [AA2I_IFRA51.pdf],con-techo,coincide,
fig:3101,8008-93-3,Wormwood oil,"2,333333 %",https://perfumiarz.com/products/wormwood-oil,CLASS 4 2.333333 [ABS1R_IFRA51.pdf],por-constituyentes,coincide,
fig:1138,100-52-7,Benzaldehyde,"0,25 %",https://perfumiarz.com/products/benzaldehyde,CLASS 4 0.25 [ALDB1S_IFRA51.pdf],con-techo,coincide,
fig:3017,4180-23-8,trans-Anethole,"7,368421 %",https://perfumiarz.com/products/anethole-natural,CLASS 4 7.368421 [ANETNAT1J_IFRA51.pdf],sin-estandar,discrepancia,
fig:2657,60-12-8,Phenethyl alcohol,no restringido,https://perfumiarz.com/products/phenyl-ethyl-alcohol,CLASS 4 100 [APE1Y_-_IFRA51_-_2023-10.pdf],sin-estandar,coincide,
,91722-19-9,Black Spruce Oil (Canada),no restringido,https://perfumiarz.com/products/black-spruce-oil,Category : 4 100.00% [B05525_IFRA_11-23.pdf],sin fila: CAS 91722-19-9 sin fila en el glosario,sin-glosario,
fig:1179,120-51-4,Benzyl benzoate,"4,8 %",https://perfumiarz.com/products/benzyl-benzoate,CLASS 4 4.8 [BDB2L_IFRA51.pdf],con-techo,coincide,
fig:1177,2550-26-7,Benzyl acetone,no restringido,https://perfumiarz.com/products/benzyl-acetone,CLASS 4 100 [BENZA1V_IFRA51.pdf],sin-estandar,coincide,
fig:1193,118-58-1,Benzyl salicylate,"7,3 %",https://perfumiarz.com/products/benzyl-salicylate,CLASS 4 7.3 [BENZYL_SALICYLATE_SBE1E_IF.pdf],con-techo,coincide,
fig:1231,8001-88-5,"Birch tar oil, rectified","4,4 %",https://perfumiarz.com/products/birch-tar-rectified,CLASS 4 4.4 [BOUR1L_IFRA51.pdf],condicion,coincide,
fig:1280,68188-03-4,Cabreuva oil,60 %,https://perfumiarz.com/products/cabreuva-oil,CLASS 4 60 [CABREUVA_ESSENCE_-_CABREUVA_WOOD_EO_-_CABESS1Q_-_IFRA50_-_2022-03.pdf],por-constituyentes,coincide,
fig:1427,928-96-1,cis-3-Hexenol,no restringido,https://perfumiarz.com/products/cis-3-hexenol,CLASS 4 100 [CIS3H1N_IFRA51.pdf],sin-estandar,coincide,
,8016-26-0,Cistus Oil (Spain),"0,420 %",https://perfumiarz.com/products/cistus-oil,Category 4 0.420 5.000 [CISFEEEHEP_CISTUS_OIL_SPAIN_IFRA_51_Certificate_20240425.pdf],"sin fila: forma ambigua, candidatas: fig:1466, fig:1467, fig:1468, fig:2150",sin-glosario,
fig:1534,91-64-5,Coumarin,"1,5 %",https://perfumiarz.com/products/coumarin,CLASS 4 1.5 [CO2E_-_IFRA51_-_2023-11.pdf],con-techo,coincide,
fig:1379,77-54-3,Cedryl acetate,"13,6 %",https://perfumiarz.com/products/cedryl-acetate,"4 Hydroalcoholic and non-hydroalcoholic fine fragrance, Fragranced bracelets, Scent strips for 13.6 [Cedryl_Acetate_IFRA_original.pdf]",sin-estandar,discrepancia,el certificado dice que no lleva sustancias restringidas por IFRA o que el límite es de evaluación propia del proveedor: no es un estándar IFRA
fig:1689,101-84-8,Diphenyl ether,no restringido,https://perfumiarz.com/products/diphenyl-oxide-50-ipm,CLASS 4 100 [DIO1L_IFRA51.pdf],sin-estandar,coincide,
fig:132,151-05-3,"1,1-Dimethyl-2-phenylethyl acetate",no restringido,https://perfumiarz.com/products/dimethyl-benzyl-carbinyl-acetate,CLASS 4 100 [DMBC2B_IFRA51.pdf],sin-estandar,coincide,
fig:1033,10094-34-5,"alpha,alpha-Dimethylphenethyl butyrate",no restringido,https://perfumiarz.com/products/dimethyl-benzyl-carbinyl-butyrate,CLASS 4 100 [DMBCB2B_IFRA51.pdf],sin-estandar,coincide,
,8022-96-6,Jasmin Grandiflorum Absolute (Egypt),"0,60 %",https://perfumiarz.com/products/jasmin-grandiflorum-absolute-egypt,Category : 4 0.60% [F10100_IFRA_05-25.pdf],"sin fila: forma ambigua, candidatas: fig:2123, ncs:jasmine-grandiflorum-absolute",sin-glosario,
fig:3093,8024-08-6,Violet leaf absolute,no restringido,https://perfumiarz.com/products/violet-leaf-absolute,Category : 4 100.00% [F22500_IFRA_05-25.pdf],por-constituyentes,coincide,
,8006-82-4,Black Pepper Oil (Sri Lanka),no restringido,https://perfumiarz.com/products/black-pepper-oil,Category : 4 100.00% [G16700_IFRA_04-24.pdf],"sin fila: forma ambigua, candidatas: fig:2624, fig:2625, fig:2629",sin-glosario,
fig:1484,150-84-5,Citronellyl acetate,"2,7 %",https://perfumiarz.com/products/citronellyl-acetate,"4 Hydroalcoholic and non-hydroalcoholic fine fragrance, Fragranced bracelets, Scent strips for 2.7 [H01052_IFRA_10-24.pdf]",con-techo,coincide,el certificado dice que no lleva sustancias restringidas por IFRA o que el límite es de evaluación propia del proveedor: no es un estándar IFRA
fig:2093,37677-14-8,Isohexenyl cyclohexenyl carboxaldehyde,"40,0 %",https://perfumiarz.com/products/myrac-aldehyde,"4 Hydroalcoholic and non-hydroalcoholic fine fragrance, Fragranced bracelets, Scent strips for 40.0 [H01332_IFRA_08-24.pdf]",sin-estandar,discrepancia,el certificado dice que no lleva sustancias restringidas por IFRA o que el límite es de evaluación propia del proveedor: no es un estándar IFRA
tienda:63286-42-0,63286-42-0,Ambrettolide,"3,2 %",https://perfumiarz.com/products/ambrettolide,"4 Hydroalcoholic and non-hydroalcoholic fine fragrance, Fragranced bracelets, Scent strips for 3.2 [H01388_IFRA_02-24.pdf]",sin-estandar,discrepancia,el certificado dice que no lleva sustancias restringidas por IFRA o que el límite es de evaluación propia del proveedor: no es un estándar IFRA
fig:838,4621-04-9,4-Isopropylcyclohexanol,"40,0 %",https://perfumiarz.com/products/apo-patchone-coeur,"4 Hydroalcoholic and non-hydroalcoholic fine fragrance, Fragranced bracelets, Scent strips for 40.0 [H01432_IFRA_11-23.pdf]",sin-estandar,discrepancia,el certificado dice que no lleva sustancias restringidas por IFRA o que el límite es de evaluación propia del proveedor: no es un estándar IFRA
fig:1703,2437-25-4,Dodecanenitrile,"40,0 %",https://perfumiarz.com/products/clonal,"4 Hydroalcoholic and non-hydroalcoholic fine fragrance, Fragranced bracelets, Scent strips for 40.0 [H03240_IFRA_03-24.pdf]",sin-estandar,discrepancia,el certificado dice que no lleva sustancias restringidas por IFRA o que el límite es de evaluación propia del proveedor: no es un estándar IFRA
fig:975,2556-10-7,Acetaldehyde ethyl phenylethyl acetal,"40,0 %",https://perfumiarz.com/products/corps-jacinthe,"4 Hydroalcoholic and non-hydroalcoholic fine fragrance, Fragranced bracelets, Scent strips for 40.0 [H03262_IFRA_02-24.pdf]",sin-estandar,discrepancia,el certificado dice que no lleva sustancias restringidas por IFRA o que el límite es de evaluación propia del proveedor: no es un estándar IFRA
,,costus-oliffac,"40,0 %",https://perfumiarz.com/products/costus-oliffac,"4 Hydroalcoholic and non-hydroalcoholic fine fragrance, Fragranced bracelets, Scent strips for 40.0 [H03289_IFRA_04-24.pdf]",sin fila: sin fila en nombres-proveedores (producto sin CAS),sin-glosario,el certificado dice que no lleva sustancias restringidas por IFRA o que el límite es de evaluación propia del proveedor: no es un estándar IFRA
,,fir-balsam-oliffac,"40,0 %",https://perfumiarz.com/products/fir-balsam-oliffac,"4 Hydroalcoholic and non-hydroalcoholic fine fragrance, Fragranced bracelets, Scent strips for 40.0 [H06059_IFRA_03-24.pdf]",sin fila: sin fila en nombres-proveedores (producto sin CAS),sin-glosario,el certificado dice que no lleva sustancias restringidas por IFRA o que el límite es de evaluación propia del proveedor: no es un estándar IFRA
fig:2490,23333-91-7,"Octahydro-4,8a-dimethyl-4a(2H)-naphthol","40,0 %",https://perfumiarz.com/products/geosmin-1-dpg,"4 Hydroalcoholic and non-hydroalcoholic fine fragrance, Fragranced bracelets, Scent strips for 40.0 [H07098_IFRA_01-25.pdf]",sin-estandar,discrepancia,el certificado dice que no lleva sustancias restringidas por IFRA o que el límite es de evaluación propia del proveedor: no es un estándar IFRA
fig:2085,1335-66-6,Isocyclocitral,"3,0 %",https://perfumiarz.com/products/isocyclocitral,"4 Hydroalcoholic and non-hydroalcoholic fine fragrance, Fragranced bracelets, Scent strips for 3.0 [H09172_IFRA_02-24.pdf]",con-techo,coincide,el certificado dice que no lleva sustancias restringidas por IFRA o que el límite es de evaluación propia del proveedor: no es un estándar IFRA
fig:806,18871-14-2,4-Acetoxy-3-pentyltetrahydropyran,"40,0 %",https://perfumiarz.com/products/jasmal,"4 Hydroalcoholic and non-hydroalcoholic fine fragrance, Fragranced bracelets, Scent strips for 40.0 [H10012_IFRA_02-24.pdf]",sin-estandar,discrepancia,el certificado dice que no lleva sustancias restringidas por IFRA o que el límite es de evaluación propia del proveedor: no es un estándar IFRA
fig:63,81786-73-4,"(Z)-3,4,5,6,6-Pentamethylhept-3-en-2-one","1,9 %",https://perfumiarz.com/products/koavone,"4 Hydroalcoholic and non-hydroalcoholic fine fragrance, Fragranced bracelets, Scent strips for 1.9 [H11090_IFRA_06-24.pdf]",con-techo,coincide,el certificado dice que no lleva sustancias restringidas por IFRA o que el límite es de evaluación propia del proveedor: no es un estándar IFRA
,8000-28-0,Lavender Oil (Bulgaria),"40,0 %",https://perfumiarz.com/products/lavender-bulgaria,"4 Hydroalcoholic and non-hydroalcoholic fine fragrance, Fragranced bracelets, Scent strips for 40.0 [H12006_IFRA_06-24.pdf]","sin fila: forma ambigua, candidatas: fig:2183, fig:2184, fig:2185, tl:lavender-oil-lavandula-angustifolia-lavandula-angustifolia-a, tl:lavender-oil-terpeneless",sin-glosario,el certificado dice que no lleva sustancias restringidas por IFRA o que el límite es de evaluación propia del proveedor: no es un estándar IFRA
fig:638,13877-91-3,"3,7-Dimethyl-1,3,6-octatriene","40,0 %",https://perfumiarz.com/products/ocimene,"4 Hydroalcoholic and non-hydroalcoholic fine fragrance, Fragranced bracelets, Scent strips for 40.0 [H15025_IFRA_04-24.pdf]",sin-estandar,discrepancia,el certificado dice que no lleva sustancias restringidas por IFRA o que el límite es de evaluación propia del proveedor: no es un estándar IFRA
,8050-07-5,Olibanum Resinoid Extra 50% (DPG),"40,0 %",https://perfumiarz.com/products/olibanum-resinoid-extra-50-dpg,"4 Hydroalcoholic and non-hydroalcoholic fine fragrance, Fragranced bracelets, Scent strips for 40.0 [H15060_IFRA_08-25.pdf]",sin fila: CAS 8050-07-5 sin fila en el glosario,sin-glosario,el certificado dice que no lleva sustancias restringidas por IFRA o que el límite es de evaluación propia del proveedor: no es un estándar IFRA
fig:864,16587-71-6,4-t-Amylcyclohexanone,"0,1 %",https://perfumiarz.com/products/orivone,"4 Hydroalcoholic and non-hydroalcoholic fine fragrance, Fragranced bracelets, Scent strips for 0.1 [H15080_IFRA_11-23.pdf]",con-techo,coincide,el certificado dice que no lleva sustancias restringidas por IFRA o que el límite es de evaluación propia del proveedor: no es un estándar IFRA
,8014-09-3,Patchouli Oil MD (Indonesia),"40,0 %",https://perfumiarz.com/products/patchouli-md,"4 Hydroalcoholic and non-hydroalcoholic fine fragrance, Fragranced bracelets, Scent strips for 40.0 [H16035_IFRA_05-24.pdf]","sin fila: forma ambigua, candidatas: fig:2599, fig:2600, fig:2601, fig:2602",sin-glosario,el certificado dice que no lleva sustancias restringidas por IFRA o que el límite es de evaluación propia del proveedor: no es un estándar IFRA
fig:2097,23787-90-8,Isolongifolene ketone,"40,0 %",https://perfumiarz.com/products/piconia,"4 Hydroalcoholic and non-hydroalcoholic fine fragrance, Fragranced bracelets, Scent strips for 40.0 [H16151_IFRA_01-24.pdf]",sin-estandar,discrepancia,el certificado dice que no lleva sustancias restringidas por IFRA o que el límite es de evaluación propia del proveedor: no es un estándar IFRA
fig:2065,2756-56-1,Isobornyl propionate,"40,0 %",https://perfumiarz.com/products/isobornyl-propionate,"4 Hydroalcoholic and non-hydroalcoholic fine fragrance, Fragranced bracelets, Scent strips for 40.0 [H16240_IFRA_04-24.pdf]",sin-estandar,discrepancia,el certificado dice que no lleva sustancias restringidas por IFRA o que el límite es de evaluación propia del proveedor: no es un estándar IFRA
fig:320,68039-49-6,"2,4-Dimethyl-3-cyclohexen-1-carboxaldehyde","2,5 %",https://perfumiarz.com/products/triplal,"4 Hydroalcoholic and non-hydroalcoholic fine fragrance, Fragranced bracelets, Scent strips for 2.5 [H20162_IFRA_12-23.pdf]",con-techo,coincide,el certificado dice que no lleva sustancias restringidas por IFRA o que el límite es de evaluación propia del proveedor: no es un estándar IFRA
,94334-35-7,Tuberose Absolute,"2,2 %",https://perfumiarz.com/products/tuberose-absolute,"4 Hydroalcoholic and non-hydroalcoholic fine fragrance, Fragranced bracelets, Scent strips for 2.2 [H20220_IFRA_09-24.pdf]",sin fila: CAS 94334-35-7 sin fila en el glosario,sin-glosario,el certificado dice que no lleva sustancias restringidas por IFRA o que el límite es de evaluación propia del proveedor: no es un estándar IFRA
fig:1590,87731-18-8,Cyclooct-4-en-1-yl methyl carbonate,"3,2 %",https://perfumiarz.com/products/violiff,"4 Hydroalcoholic and non-hydroalcoholic fine fragrance, Fragranced bracelets, Scent strips for 3.2 [H22162_IFRA_11-23.pdf]",sin-estandar,discrepancia,el certificado dice que no lleva sustancias restringidas por IFRA o que el límite es de evaluación propia del proveedor: no es un estándar IFRA
fig:1159,89-71-4,"Benzoic acid, 2-methyl-, methyl ester","40,0 %",https://perfumiarz.com/products/ylanganate,"4 Hydroalcoholic and non-hydroalcoholic fine fragrance, Fragranced bracelets, Scent strips for 40.0 [H26100_IFRA_07-24.pdf]",sin-estandar,discrepancia,el certificado dice que no lleva sustancias restringidas por IFRA o que el límite es de evaluación propia del proveedor: no es un estándar IFRA
,,algenone-sp,"5,68 %",https://perfumiarz.com/products/algenone-sp,CLASS 4 - limited to : 5.68% [I01330_IFRA_10-23.pdf],sin fila: sin fila en nombres-proveedores (producto sin CAS),sin-glosario,
,,ambrarome-50-dpg,"1,63 %",https://perfumiarz.com/products/ambrarome-50-dpg,CLASS 4 - limited to : 1.63% [I01410_IFRA_10-23.pdf],sin fila: sin fila en nombres-proveedores (producto sin CAS),sin-glosario,
,,animalis-1745-03-5-ml,"9,62 %",https://perfumiarz.com/products/animalis-1745-03-5-ml,CLASS 4 - limited to : 9.62% [I01600_IFRA_02-24.pdf],sin fila: sin fila en nombres-proveedores (producto sin CAS),sin-glosario,
,,cuir-hf-601648,"11,43 %",https://perfumiarz.com/products/cuir-hf-601648,CLASS 4 - limited to : 11.43% [I03900_IFRA_02-24.pdf],sin fila: sin fila en nombres-proveedores (producto sin CAS),sin-glosario,
,,oakmossarome,75 %,https://perfumiarz.com/products/oakmossarome,CLASS 4 - limited to : 75% [I15050_IFRA_01-24.pdf],sin fila: sin fila en nombres-proveedores (producto sin CAS),sin-glosario,
,8007-20-3,Cedar Leaf Oil Extra,"2,333 %",https://perfumiarz.com/products/cedar-leaf-oil-extra,4 2.333 9 [IFRA51_20250227_E1570.pdf],"sin fila: forma ambigua, candidatas: fig:1348, fig:1351",sin-glosario,
fig:1619,8016-03-3,Davana oil,"25,000 %",https://perfumiarz.com/products/davana-oil-extra,4 25.000 9 [IFRA51_20250227_E2230.pdf],por-constituyentes,coincide,
,8016-96-4,Vetiver Java MD,"20,000 %",https://perfumiarz.com/products/vetiver-java-md,4 20.000 9 [IFRA51_20250227_E8994.pdf],"sin fila: forma ambigua, candidatas: fig:3081, fig:3082, fig:3083, fig:3086, fig:3087, tl:vetiver-absolute, ncs:vetiver-oil-all-origins, tl:vetiver-oil-terpeneless",sin-glosario,
,,fleur-de-cuir,"5,035 %",https://perfumiarz.com/products/fleur-de-cuir,4 5.035 9 [IFRA51_20250227_F7009.pdf],sin fila: sin fila en nombres-proveedores (producto sin CAS),sin-glosario,
fig:2622,8006-82-4,"Pepper, black, absolute",no restringido,https://perfumiarz.com/products/black-pepper-absolute,4 Products related to fine fragrance No Restriction [IFRA_Black_Pepper_Absolute.pdf],sin-dato,coincide,
fig:464,63500-71-0,2-Isobutyl-4-methyltetrahydro-2H-pyran-4-ol (Pyranol),no restringido,https://perfumiarz.com/products/florol,4 Products applied to the face/body using fingertips No Restriction [IFRA_Florol.pdf],sin-estandar,coincide,
fig:2596,5986-55-0,Patchouli alcohol,"40,0 %",https://perfumiarz.com/products/healingwood-indonesia,"4 Hydroalcoholic and non-hydroalcoholic fine fragrance, Fragranced bracelets, Scent strips for 40.0 [IFRA_Healingwood.pdf]",sin-estandar,discrepancia,el certificado dice que no lleva sustancias restringidas por IFRA o que el límite es de evaluación propia del proveedor: no es un estándar IFRA
,,magnolys_,"10,3901 %",https://perfumiarz.com/products/magnolys_,4 Products applied to the face/body using fingertips 10.3901% [IFRA_Magnolys.pdf],sin fila: sin fila en nombres-proveedores (producto sin CAS),sin-glosario,
,,orbitone_-t,20 %,https://perfumiarz.com/products/orbitone_-t,Class 4 20 [IFRA_Orbitone_T.pdf],sin fila: sin fila en nombres-proveedores (producto sin CAS),sin-glosario,el certificado dice que no lleva sustancias restringidas por IFRA o que el límite es de evaluación propia del proveedor: no es un estándar IFRA
,,liffarome_,"0,5 %",https://perfumiarz.com/products/liffarome_,"4 Hydroalcoholic and non-hydroalcoholic fine fragrance, Fragranced bracelets, Scent strips for 0.5 [IFRA_liffarome.pdf]",sin fila: sin fila en nombres-proveedores (producto sin CAS),sin-glosario,el certificado dice que no lleva sustancias restringidas por IFRA o que el límite es de evaluación propia del proveedor: no es un estándar IFRA
fig:2087,97-54-1,Isoeugenol,"0,11 %",https://perfumiarz.com/products/isoeugenol,CLASS 4 0.11 [ISOE1F_IFRA51.pdf],con-techo,coincide,
fig:2402,81-14-1,Musk ketone,no restringido,https://perfumiarz.com/products/musk-ketone,CLASS 4 100 [MC1H_IFRA51.pdf],condicion,coincide,
fig:359,106-72-9,"2,6-Dimethyl-5-heptenal",no restringido,https://perfumiarz.com/products/melonal,CLASS 4 100 [MEL1B_IFRA51.pdf],sin-estandar,coincide,
fig:866,98-52-2,4-tert-Butylcyclohexanol,30 %,https://perfumiarz.com/products/patchouli-hexanol,CLASS 4 30 [PATCH1E_-_IFRA51_-_2025-08.pdf],sin-estandar,discrepancia,
fig:774,5471-51-2,4-(p-Hydroxyphenyl)-2-butanone,1 %,https://perfumiarz.com/products/raspberry-ketone,CLASS 4 1 [RASK1N_IFRA51.pdf],con-techo,coincide,
fig:3028,90-17-5,Trichloromethyl phenyl carbinyl acetate,no restringido,https://perfumiarz.com/products/rose-crystals,CLASS 4 100 [ROS1T_IFRA51.pdf],sin-estandar,coincide,
fig:2466,128-51-8,Nopyl acetate,no restringido,https://perfumiarz.com/products/nopyl-acetate,4 Products related to fine fragrance No Restriction [T01180_IFRA_11-23.pdf],sin-estandar,coincide,
fig:2950,8007-35-0,Terpinyl acetate (Isomer mixture),no restringido,https://perfumiarz.com/products/terpinyl-acetate,4 Products related to fine fragrance No Restriction [T01220_IFRA_11-23.pdf],sin-estandar,coincide,
fig:1218,127-91-3,beta-Pinene,no restringido,https://perfumiarz.com/products/beta-pinene,4 Products related to fine fragrance No Restriction [T02150_IFRA_11-23.pdf],condicion,coincide,
fig:1672,18479-58-8,Dihydromyrcenol,no restringido,https://perfumiarz.com/products/dihydromyrcenol,4 Products related to fine fragrance No Restriction [T04300_IFRA_01-24.pdf],sin-estandar,coincide,
fig:273,60047-17-8,2-(Tetrahydro-5-methyl-5-vinyl-2-furyl)propan-2-ol,no restringido,https://perfumiarz.com/products/linalyl-oxide,4 Products related to fine fragrance No Restriction [T15900_IFRA_01-24.pdf],sin-estandar,coincide,
fig:92,54464-57-2,"1-(1,2,3,4,5,6,7,8-Octahydro-2,3,8,8-tetramethyl-2-naphthalenyl)ethanone","20,0000 %",https://perfumiarz.com/products/sylvamber-2,4 Products related to fine fragrance 20.0000% [T19950_IFRA_11-23.pdf],con-techo,coincide,
,,tamarine-base-41310-g,"1,0000 %",https://perfumiarz.com/products/tamarine-base-41310-g,4 Products applied to the face/body using fingertips 1.0000% [Tamarine_Base_IFRA_original_eng.pdf],sin fila: sin fila en nombres-proveedores (producto sin CAS),sin-glosario,
,,ultrazur,"2,96 %",https://perfumiarz.com/products/ultrazur,Category 4 2.96 100.00 [Ultrazur_certyfikat_IFRA.pdf],sin fila: sin fila en nombres-proveedores (producto sin CAS),sin-glosario,el certificado dice que no lleva sustancias restringidas por IFRA o que el límite es de evaluación propia del proveedor: no es un estándar IFRA
fig:2454,124-19-6,Nonanal,no restringido,https://perfumiarz.com/products/aldehyde-c9-nonanal,4 Products applied to the face/body using fingertips No Restriction [W01032_IFRA_09-23.pdf],sin-estandar,coincide,
fig:524,110-41-8,2-Methylundecanal,no restringido,https://perfumiarz.com/products/aldehyde-c12-mna,4 Products applied to the face/body using fingertips No Restriction [W01035_IFRA_09-23.pdf],sin-estandar,coincide,
,,black-agar-296985,"9,6296 %",https://perfumiarz.com/products/black-agar-296985,4 Products applied to the face/body using fingertips 9.6296% [W02033_IFRA_10-23.pdf],sin fila: sin fila en nombres-proveedores (producto sin CAS),sin-glosario,
,,bois-dore-013041,"7,9022 %",https://perfumiarz.com/products/bois-dore-013041,4 Products applied to the face/body using fingertips 7.9022% [W02040_IFRA_09-23.pdf],sin fila: sin fila en nombres-proveedores (producto sin CAS),sin-glosario,
,8016-23-7,Guaiacwood Oil Crude 50% (ethanol),"52,8592 %",https://perfumiarz.com/products/guaiacwood-oil-crude,4 Products applied to the face/body using fingertips 52.8592% [W02550_IFRA_09-23-1.pdf],"sin fila: forma ambigua, candidatas: fig:1957, fig:1959",sin-glosario,
fig:493,103-05-9,2-Methyl-4-phenyl-2-butanol,no restringido,https://perfumiarz.com/products/dimethyl-phenyl-ethyl-carbinol,4 Products applied to the face/body using fingertips No Restriction [W03005_IFRA_10-23.pdf],sin-estandar,coincide,
fig:437,950919-28-5,"2H-1,5-Benzodioxepin-3(4H)-one, 7-(1-methylethyl)-","0,5626 %",https://perfumiarz.com/products/cascalone,4 Products applied to the face/body using fingertips 0.5626% [W03021_IFRA_09-23.pdf],sin-estandar,discrepancia,
fig:2510,1450625-49-6,"Oils, Patchouli, patchoulol synthase-modified Saccharomyces cerevisiae-fermented,",no restringido,https://perfumiarz.com/products/clearwood,4 Products related to fine fragrance No Restriction [W03207_IFRA_12-23.pdf],sin-dato,coincide,
fig:811,83926-73-2,4-Cyclohexyl-2-methyl-2-butanol,no restringido,https://perfumiarz.com/products/coranol,4 Products applied to the face/body using fingertips No Restriction [W03218_IFRA_09-23.pdf],sin-estandar,coincide,
,,cuir-base-184028-e,"12,3076 %",https://perfumiarz.com/products/cuir-base-184028-e,4 Products applied to the face/body using fingertips 12.3076% [W03263_IFRA_10-23.pdf],sin fila: sin fila en nombres-proveedores (producto sin CAS),sin-glosario,
tl:natural-hickory-smoke-flavor,74113-74-9,Natural Hickory Smoke Flavor,"1,4285 %",https://perfumiarz.com/products/cuir-md,4 Products applied to the face/body using fingertips 1.4285% [W03267_IFRA_09-23.pdf],sin-dato,hueco,
fig:583,15760-18-6,3-(4-Methyl-3-cyclohexenyl)butanol,no restringido,https://perfumiarz.com/products/cyclomethyle-citronellol,4 Products applied to the face/body using fingertips No Restriction [W03280_IFRA_09-23.pdf],sin-estandar,coincide,
fig:2021,107-75-5,Hydroxycitronellal,"2,2105 %",https://perfumiarz.com/products/cyclosia,4 Products applied to the face/body using fingertips 2.2105% [W03300_IFRA_10-23.pdf],con-techo,coincide,
fig:43,24720-09-0,"(E)-1-(2,6,6-Trimethyl-2-cyclohexen-1-yl)-2-buten-1-one","0,0429 %",https://perfumiarz.com/products/damascone-alpha,4 Products applied to the face/body using fingertips 0.0429% [W04060_IFRA_09-23.pdf],con-techo,coincide,
fig:543,84560-00-9,2-Pentylcyclopentan-1-ol,no restringido,https://perfumiarz.com/products/delphol-hc,4 Products applied to the face/body using fingertips No Restriction [W04098_IFRA_09-23.pdf],sin-estandar,coincide,
,,dorinia-sa-e,"1,6527 %",https://perfumiarz.com/products/dorinia-sa-e,4 Products applied to the face/body using fingertips 1.6527% [W04150_IFRA_09-23.pdf],sin fila: sin fila en nombres-proveedores (producto sin CAS),sin-glosario,
,,dreamwood-base,"9,8359 %",https://perfumiarz.com/products/dreamwood-base,4 Products applied to the face/body using fingertips 9.8359% [W04160_IFRA_10-23.pdf],sin fila: sin fila en nombres-proveedores (producto sin CAS),sin-glosario,
fig:2526,106-02-5,omega-Pentadecalactone,"2,4000 %",https://perfumiarz.com/products/exaltolide-50-dpg,4 Products applied to the face/body using fingertips 2.4000% [W05100_IFRA_09-23.pdf],con-techo,coincide,
fig:1591,502-72-7,Cyclopentadecanone,no restringido,https://perfumiarz.com/products/exaltone,4 Products applied to the face/body using fingertips No Restriction [W05200_IFRA_09-23.pdf],sin-estandar,coincide,
fig:1650,72903-27-6,"Diethyl 1,4-cyclohexane dicarboxylate",no restringido,https://perfumiarz.com/products/fructalate,4 Products applied to the face/body using fingertips No Restriction [W06187_IFRA_09-23.pdf],sin-estandar,coincide,
,,jasmophore,"15,1758 %",https://perfumiarz.com/products/jasmophore,4 Products applied to the face/body using fingertips 15.1758% [W10040_IFRA_10-23.pdf],sin fila: sin fila en nombres-proveedores (producto sin CAS),sin-glosario,
,,leather-oud,"3,5712 %",https://perfumiarz.com/products/leather-oud,4 Products applied to the face/body using fingertips 3.5712% [W12020_IFRA_10-23.pdf],sin fila: sin fila en nombres-proveedores (producto sin CAS),sin-glosario,
,,limbwood-base,"13,0000 %",https://perfumiarz.com/products/limbwood-base,4 Products applied to the face/body using fingertips 13.0000% [W12043_IFRA_10-23.pdf],sin fila: sin fila en nombres-proveedores (producto sin CAS),sin-glosario,
cas:5502-75-0,5502-75-0,"cis,trans-4-(Isopropyl)cyclohexanemethanol","4,7236 %",https://perfumiarz.com/products/mayol,4 Products applied to the face/body using fingertips 4.7236% [W13040_IFRA_09-23.pdf],con-techo,coincide,
fig:2276,68916-96-1,Mate absolute,"7,6923 %",https://perfumiarz.com/products/mate-absolute,4 Products applied to the face/body using fingertips 7.6923% [W13044_IFRA_09-23.pdf],sin-dato,hueco,
,,mimosa-absolute-base-synthetic,"7,7770 %",https://perfumiarz.com/products/mimosa-absolute-base-synthetic,4 Products applied to the face/body using fingertips 7.7770% [W13082_IFRA_10-23.pdf],sin fila: sin fila en nombres-proveedores (producto sin CAS),sin-glosario,
tl:1226911-69-8,1226911-69-8,"4-Pentenal, 4-methyl-5-(4-methylphenyl)-, (4E)-","1,5249 %",https://perfumiarz.com/products/mimosal,4 Products applied to the face/body using fingertips 1.5249% [W13088_IFRA_09-23.pdf],sin-estandar,discrepancia,
,,mirabelle-2000-f,"40,7333 %",https://perfumiarz.com/products/mirabelle-2000-f,4 Products applied to the face/body using fingertips 40.7333% [W13092_IFRA_10-23.pdf],sin fila: sin fila en nombres-proveedores (producto sin CAS),sin-glosario,
fig:736,82356-51-2,3-Methylcyclopentadecenone,"4,2950 %",https://perfumiarz.com/products/muscenone,4 Products applied to the face/body using fingertips 4.2950% [W13110_IFRA_09-23.pdf],sin-estandar,discrepancia,
fig:708,541-91-3,3-Methyl-1-cyclopentadecanone,no restringido,https://perfumiarz.com/products/muscone,4 Products applied to the face/body using fingertips No Restriction [W13120_IFRA_09-23.pdf],sin-estandar,coincide,
fig:291,69103-20-4,"2,2-Dimethyl-3-(3-methyl-2,4-pentadienyl)oxirane",no restringido,https://perfumiarz.com/products/myroxyde,4 Products applied to the face/body using fingertips No Restriction [W13140_IFRA_09-23.pdf],sin-estandar,coincide,
fig:2415,8016-37-3,Myrrh oil rectified,no restringido,https://perfumiarz.com/products/myrrh-oil,4 Products applied to the face/body using fingertips No Restriction [W13900_IFRA_10-23.pdf],sin-dato,coincide,
fig:2410,8016-37-3,Myrrh absolute,no restringido,https://perfumiarz.com/products/myrrh-resinoide-absolute-super-50,4 Products applied to the face/body using fingertips No Restriction [W13905_IFRA_10-23.pdf],sin-dato,coincide,
,,narcisse-base-184092-d,"38,0893 %",https://perfumiarz.com/products/narcisse-base-184092-d,4 Products applied to the face/body using fingertips 38.0893% [W14013_IFRA_10-23.pdf],sin fila: sin fila en nombres-proveedores (producto sin CAS),sin-glosario,
,8008-45-5,Nutmeg Oil SLC,"20,0000 %",https://perfumiarz.com/products/nutmeg-oil-slc,4 Products applied to the face/body using fingertips 20.0000% [W14045_IFRA_09-23.pdf],"sin fila: forma ambigua, candidatas: fig:2472, fig:2473, fig:2474, fig:2475, tl:nutmeg-oil-folded, tl:nutmeg-oil-java-terpeneless",sin-glosario,
ncs:olibanum-sacra-oil,89957-98-2,Olibanum sacra oil,"13,3333 %",https://perfumiarz.com/products/olibanum-resinoide-vulcain-50-ipm,4 Products applied to the face/body using fingertips 13.3333% [W15028_IFRA_10-23.pdf],por-constituyentes,coincide,
,,oud-synthetic-184007-d,"9,6969 %",https://perfumiarz.com/products/oud-synthetic-184007-d,4 Products applied to the face/body using fingertips 9.6969% [W15070_IFRA_10-23.pdf],sin fila: sin fila en nombres-proveedores (producto sin CAS),sin-glosario,
fig:541,107-87-9,2-Pentanone,no restringido,https://perfumiarz.com/products/2-pentanone,4 Products applied to the face/body using fingertips No Restriction [W16062_IFRA_09-23.pdf],sin-estandar,coincide,
fig:726,55066-48-3,3-Methyl-5-phenylpentanol,no restringido,https://perfumiarz.com/products/phenylhexanol,4 Products applied to the face/body using fingertips No Restriction [W16070_IFRA_09-23.pdf],sin-estandar,coincide,
fig:607,107898-54-4,"3,3-Dimethyl-5-(2,2,3-trimethyl-3-cyclopenten-1-yl)-4-penten-2-ol",no restringido,https://perfumiarz.com/products/polysantol,4 Products applied to the face/body using fingertips No Restriction [W16070_IFRA_09-23_8d6b15d7-e998-4d6d-9c97-dbb0cd705085.pdf],con-techo,discrepancia,
,84012-35-1,Pine Absolute 50% (ethanol),"15,7142 %",https://perfumiarz.com/products/pine-absolute-50,4 Products applied to the face/body using fingertips 15.7142% [W16076_IFRA_09-23.pdf],sin fila: CAS 84012-35-1 sin fila en el glosario,sin-glosario,
tl:sichuan-pepper-co2-extract-schinifolium,97927-05-4,Sichuan pepper CO2 extract (schinifolium),"42,7777 %",https://perfumiarz.com/products/sichuan-pepper-sfe,4 Products applied to the face/body using fingertips 42.7777% [W16095_IFRA_09-23.pdf],sin-dato,hueco,
fig:1119,8007-00-9,"Balsam resinoid, Peru","0,4100 %",https://perfumiarz.com/products/peru-balsam-resinoide,4 Products applied to the face/body using fingertips 0.4100% [W16295_IFRA_09-23.pdf],con-techo,coincide,
fig:84,68039-73-6,"[1,1'-Bicyclopentyl]-2-yl 2-butenoate","0,4100 %",https://perfumiarz.com/products/pyroprunat,4 Products applied to the face/body using fingertips 0.4100% [W16295_IFRA_09-23_44bc1f6d-d4db-419d-8ba9-6fa401f649cd.pdf],sin-estandar,discrepancia,
,,rhubofix_,no restringido,https://perfumiarz.com/products/rhubofix_,4 Products applied to the face/body using fingertips No Restriction [W18070_IFRA_09-23.pdf],sin fila: sin fila en nombres-proveedores (producto sin CAS),sin-glosario,
fig:929,93939-86-7,"6-Ethylideneoctahydro-5,8-methano-2H-benzo-1-pyran",no restringido,https://perfumiarz.com/products/rhuboflor,4 Products applied to the face/body using fingertips No Restriction [W18072_IFRA_09-23.pdf],sin-estandar,coincide,
fig:911,4927-36-0,5-Methyl-5-phenyl-3-hexanone,no restringido,https://perfumiarz.com/products/romascone,4 Products applied to the face/body using fingertips No Restriction [W18090_IFRA_09-23.pdf],sin-estandar,coincide,
fig:1145,130786-09-3,"Benzeneacetonitrile, a-butylidene-, (Z)","1,2289 %",https://perfumiarz.com/products/salicynile,4 Products applied to the face/body using fingertips 1.2289% [W19016_IFRA_09-23.pdf],sin-estandar,discrepancia,
fig:2756,319002-92-1,"Propyl (2S)-2-(1,1-dimethylpropoxy)-propanoate",no restringido,https://perfumiarz.com/products/sclareolate,4 Products applied to the face/body using fingertips No Restriction [W19045_IFRA_09-23.pdf],sin-estandar,coincide,
fig:2867,8008-74-0,Sesame seed CO2 extract,no restringido,https://perfumiarz.com/products/sesame-sfe-abs,4 Products applied to the face/body using fingertips No Restriction [W19050_IFRA_09-23.pdf],sin-dato,coincide,
fig:2914,8046-19-3,Styrax resinoid,"0,6400 %",https://perfumiarz.com/products/styrax-resinoide-vulcain,4 Products applied to the face/body using fingertips 0.6400% [W19840_IFRA_09-23.pdf],con-techo,coincide,
,,tubereuse-184108,"52,2813 %",https://perfumiarz.com/products/tubereuse-184108,4 Products applied to the face/body using fingertips 52.2813% [W20160_IFRA_10-23.pdf],sin fila: sin fila en nombres-proveedores (producto sin CAS),sin-glosario,
,,tolu-balsam-resinoide,"4,1000 %",https://perfumiarz.com/products/tolu-balsam-resinoide,4 Products related to fine fragrance 4.1000% [W20726_IFRA_01-24.pdf],sin fila: sin fila en nombres-proveedores (producto sin CAS),sin-glosario,
,,veloutone_,no restringido,https://perfumiarz.com/products/veloutone_,4 Products applied to the face/body using fingertips No Restriction [W22020_IFRA_09-23.pdf],sin fila: sin fila en nombres-proveedores (producto sin CAS),sin-glosario,
,,vetyrisia,"4,4791 %",https://perfumiarz.com/products/vetyrisia,4 Products applied to the face/body using fingertips 4.4791% [W22040_IFRA_10-23.pdf],sin fila: sin fila en nombres-proveedores (producto sin CAS),sin-glosario,
,,wardia_-184036,"57,5393 %",https://perfumiarz.com/products/wardia_-184036,4 Products applied to the face/body using fingertips 57.5393% [W23009_IFRA_10-23.pdf],sin fila: sin fila en nombres-proveedores (producto sin CAS),sin-glosario,
fig:1221,116126-82-0,"Bicyclo[2.2.1]hept-5-ene-2-carboxylic acid, 3-(1-methylethyl)-, ethyl ester, (2-exo,3-","0,450 %",https://perfumiarz.com/products/herbanate,Category 4 0.450 100.000 [herbanate-IFRA_1.pdf],con-techo,coincide,el certificado dice que no lleva sustancias restringidas por IFRA o que el límite es de evaluación propia del proveedor: no es un estándar IFRA
