producto,conflicto,frase,documento,pagina
Black Agar 296985,tipo,"SDS §3 (mezcla): 14 ingredientes: 2-BUTANONE, 4-(2,6,6-TRIMETHYL-1-CYCLOHEXEN-1 (17283-81-7) 10-15 %; PHÉNOL, MÉTHOXY-2, PRODUITS DE RÉACTION A VEC (70955-71-4) 7.5-10 %; 1-(1,2,3,4,5,6,7,8-OCTAHYDRO-2,3,8,8-TETR AME (54464-57-2) 5-7.5 %; PA TCHOULI ALCOHOL (5986-55-0) 2.5-5 %; PHENOL, 3-PROPYL- (621-27-2) 1-2.5 %; D-LIMONENE (5989-27-5) 1-2.5 %; AZULENE, 1,2,3,4,5,6,7,8-OCTAHYDRO-1,4-DIMETH (3691-12-1) 1-2.5 %; AZULENE, 1,2,3,5,6,7,8,8A-OCTAHYDRO-1,4-DIMET (3691-11-0) 1-2.5 % …",datos/glosario/.cache/proveedores/perfumiarz/documentos/W02033_FDSu_05-23.pdf,2-4
Black Agar 296985,tipo,certificado §2.2: 15 sustancias declaradas; las mayores: TRIMETHYLCYCLOHEXYLHEXANOL 70788-30-6 13.5000 %; ACETYLTETRAMETHYLOCTALINE 54464-57-2 9.9000 %; BENZYL CINNAMATE 103-41-3 0.4998 %; CREOSOL 93-51-6 0.0200 %,datos/glosario/.cache/proveedores/perfumiarz/documentos/W02033_IFRA_10-23.pdf,2
Black Pepper Absolute,documento-diluido,"[no se sabe] SDS §3 (mezcla): disolvente etanol: ETHANOL 1-2.5 % | PIPERIDINE, 1-[5-(1,3-BENZODIOXOL-5-YL)- 40-50 %; CARYOPHYLLENE 2.5-5 %; ETHANOL 1-2.5 %; LIMONENE 0.1-0.5 %; BICYCLO[3.1.1]HEPTANE, 6,6-DIMETHYL-2-ME 0.1-0.5 % | suma de los mínimos listados 43.8 %: lo no listado, hasta 56.2 %",datos/glosario/.cache/proveedores/perfumiarz/documentos/Karta_charakterystyki_Black_Pepper_Absolute_ENG_wersja_7_1_z_28_04_2022.pdf,2-3
Black Pepper Absolute,forma,"SDS §3, contexto: disolvente etanol: ETHANOL 1-2.5 % | PIPERIDINE, 1-[5-(1,3-BENZODIOXOL-5-YL)- 40-50 %; CARYOPHYLLENE 2.5-5 %; ETHANOL 1-2.5 %; LIMONENE 0.1-0.5 %; BICYCLO[3.1.1]HEPTANE, 6,6-DIMETHYL-2-ME 0.1-0.5 % | suma de los mínimos listados 43.8 %: lo no listado, hasta 56.2 %",datos/glosario/.cache/proveedores/perfumiarz/documentos/Karta_charakterystyki_Black_Pepper_Absolute_ENG_wersja_7_1_z_28_04_2022.pdf,2-3
Maritima,origen,no lo dice,"datos/glosario/.cache/proveedores/perfumiarz/documentos/H13021_IFRA_09-23.pdf, datos/glosario/.cache/proveedores/perfumiarz/documentos/H13021_FDSu_10-24.pdf",
Styrallyl Acetate,origen,no lo dice,"datos/glosario/.cache/proveedores/perfumiarz/documentos/E01110_IFRA_11-23.pdf, datos/glosario/.cache/proveedores/perfumiarz/documentos/E01110_FDSu_11-21.pdf",
Geranyl Acetate Pure,origen,no lo dice,"datos/glosario/.cache/proveedores/perfumiarz/documentos/H01122_IFRA_02-22.pdf, datos/glosario/.cache/proveedores/perfumiarz/documentos/H01122_FDSu_09-21.pdf",
Cedramber,origen,no lo dice,"datos/glosario/.cache/proveedores/perfumiarz/documentos/H03100_IFRA_02-22.pdf, datos/glosario/.cache/proveedores/perfumiarz/documentos/H03100_FDSu_04-25.pdf",
Cassis Base 345 B,tipo,"SDS §3 (mezcla): 8 ingredientes: BICYCLO[3.1.1]HEPTANE, 6,6-DIMETHYL-2-METHYLE (18172-67-3) 10-15 %; 6-OCTEN-1-OL, 3,7-DIMETHYL- (106-22-9) 1-2.5 %; CYCLOPENTANONE, 2,2,5-TRIMETHYL-5-PENTYL- (65443-14-3) 1-2.5 %; BICYCLO[3.1.1]HEPT-2-ENE, 2,6,6-TRIMETHYL-, ( (7785-26-4) 0.5-1 %; 1,6-OCTADIENE, 7-METHYL-3-METHYLENE- (123-35-3) 0.1-0.5 %; METHYL A TRARA TE (4707-47-5) 0.1-0.5 %; 4-PENTEN-1-ONE, 1-(5,5-DIMETHYL-1-CYCLOHEXEN- (56973-85-4) 0.1-0.5 %; 2H-PYRAN, TETRAHYDRO-4-METHYL-2-(2-METHYL-1-  (16409-43-1) 0.1-0.5 %",datos/glosario/.cache/proveedores/perfumiarz/documentos/W03040_FDSu_04-24.pdf,2-3
Cassis Base 345 B,tipo,certificado §2.2: 6 sustancias declaradas; las mayores: CITRONELLOL 106-22-9 3.0000 %; DIMETHYLCYCLOHEX-3-ENE-1-CARBALDEHYDE 68737-61-1 1.2500 %; DIMETHYL-CYCLOHEXENE-PENTENONE 56973-85-4 0.1249 %; GERANIOL 106-24-1 0.0210 %,datos/glosario/.cache/proveedores/perfumiarz/documentos/W03040_IFRA_10-23.pdf,2
Ambrinol S,origen,no lo dice,"datos/glosario/.cache/proveedores/perfumiarz/documentos/E01460_IFRA_11-23.pdf, datos/glosario/.cache/proveedores/perfumiarz/documentos/E01460_FDSu_12-24.pdf",
Methyl Cinnamate 50%,origen,no lo dice,"datos/glosario/.cache/proveedores/perfumiarz/documentos/E03130_IFRA_11-23.pdf, datos/glosario/.cache/proveedores/perfumiarz/documentos/E03130_FDSu_10-24.pdf",
Cyclosia (Hydroxycitronellal),origen,no lo dice,"datos/glosario/.cache/proveedores/perfumiarz/documentos/W03300_IFRA_10-23.pdf, datos/glosario/.cache/proveedores/perfumiarz/documentos/W03300_FDSu_04-24.pdf",
Ionone beta,origen,no lo dice,"datos/glosario/.cache/proveedores/perfumiarz/documentos/5992503_IONONE_BETA_IFRA_51_Certificate_20231019.pdf, datos/glosario/.cache/proveedores/perfumiarz/documentos/5992503_Ionone_Beta_SDS_EN.pdf",
Ambrettolide,origen,no lo dice,"datos/glosario/.cache/proveedores/perfumiarz/documentos/H01388_IFRA_02-24.pdf, datos/glosario/.cache/proveedores/perfumiarz/documentos/H01388_FDSu_04-23.pdf",
Eucalyptol Natural,origen,no lo dice,"datos/glosario/.cache/proveedores/perfumiarz/documentos/E05046_IFRA_04-20_4ce340cc-3ade-4782-94f9-ee7441fb43ea.pdf, datos/glosario/.cache/proveedores/perfumiarz/documentos/E05046_FDSu_11-20.pdf",
Cis-3-hexenol,origen,no lo dice,"datos/glosario/.cache/proveedores/perfumiarz/documentos/CIS3H1N_IFRA51.pdf, datos/glosario/.cache/proveedores/perfumiarz/documentos/CIS3H1N_SDS.pdf",
Geosmin 1% in DPG,origen,no lo dice,"datos/glosario/.cache/proveedores/perfumiarz/documentos/H07098_IFRA_01-25.pdf, datos/glosario/.cache/proveedores/perfumiarz/documentos/H07098_FDSu_08-24.pdf",
Linalyl Acetate,origen,no lo dice,"datos/glosario/.cache/proveedores/perfumiarz/documentos/IFRA_LINALYL_ACETATE_BASF.pdf, datos/glosario/.cache/proveedores/perfumiarz/documentos/SDS_LINALYL_ACETATE_BASF.pdf",
Habanolide,origen,no lo dice,"docs/proveedores/certificados/firmenich-habanolide-947303-ifra51.pdf, datos/glosario/.cache/proveedores/perfumiarz/documentos/SDS_HABANOLIDE_FIRMENICH_947303.pdf",
Kephalis,origen,no lo dice,"datos/glosario/.cache/proveedores/perfumiarz/documentos/6378003_KEPHALIS_IFRA_51_Certificate_20240830.pdf, datos/glosario/.cache/proveedores/perfumiarz/documentos/6378003_KEPHALIS_SDS_EN.pdf",
Tolu Balsam Resinoide,tipo,"SDS §3 (mezcla): 6 ingredientes: 2-PROPENOIC ACID, 3-PHENYL (621-82-9) 50-60 %; BENZOIC ACID (65-85-0) 7.5-10 %; BENZYL BENZOA TE (120-51-4) 2.5-5 %; 2-PROPENOIC ACID, 3-PHENYL-, PHENYLMETHYL EST (103-41-3) 2.5-5 %; (E)-2-METHOXY-4-(PROP-1-ENYL)PHENOL (5932-68-3) 0-0.1 %; 2-PROPENAL, 3-PHENYL- (104-55-2) 0-0.1 %",datos/glosario/.cache/proveedores/perfumiarz/documentos/W20726_FDSu_01-24.pdf,2
Tolu Balsam Resinoide,tipo,certificado §2.2: 14 sustancias declaradas; las mayores: PERU BALSAM OIL 8007-00-9 10.0000 %; BENZYL BENZOATE 120-51-4 3.5964 %; BENZYL CINNAMATE 103-41-3 3.5028 %; CINNAMIC ALDEHYDE 104-55-2 0.0869 %,datos/glosario/.cache/proveedores/perfumiarz/documentos/W20726_IFRA_01-24.pdf,2
Tolu Balsam Resinoide,tipo,certificado §2.2: declara otro natural: PERU BALSAM OIL 8007-00-9 10.0000 %,datos/glosario/.cache/proveedores/perfumiarz/documentos/W20726_IFRA_01-24.pdf,2
Terpinyl Acetate,origen,no lo dice,"datos/glosario/.cache/proveedores/perfumiarz/documentos/T01220_IFRA_11-23.pdf, datos/glosario/.cache/proveedores/perfumiarz/documentos/T01220_FDSu_06-25.pdf",
