id_grupo,id_miembro,subgrupo,notas
G00001,S00001,,índice de IFRA 51
G00001,S00732,,"D15, estandar-por-evidencia: el nombre «3,7-Dimethyl-2,6-octadien-1-ol», sin estereoquímica, es el de «trans-3,7-Dimethyl-2,6-octadien-1-ol» en los datos de IFRA del IFRA_STD_037: la misma sustancia con la estereoquímica sin especificar"
G00002,S00002,,índice de IFRA 51
G00002,S01488,,índice de IFRA 51
G00002,S01798,,índice de IFRA 51
G00003,S00003,,índice de IFRA 51
G00004,S00004,,índice de IFRA 51
G00004,S01662,,índice de IFRA 51
G00004,S02278,,índice de IFRA 51
G00005,S00006,,índice de IFRA 51
G00006,M00006,,índice de IFRA 51: limitado como tal
G00006,M03621,,índice de IFRA 51: limitado como tal
G00006,M03622,,índice de IFRA 51: limitado como tal
G00007,S00009,,índice de IFRA 51
G00008,S00010,,índice de IFRA 51
G00008,S01144,,índice de IFRA 51
G00009,S00011,,índice de IFRA 51
G00010,S00012,,índice de IFRA 51
G00011,S00013,,índice de IFRA 51
G00012,S00014,,índice de IFRA 51
G00012,S02291,,índice de IFRA 51
G00012,S02292,,índice de IFRA 51
G00012,S02349,,índice de IFRA 51
G00012,S02355,,índice de IFRA 51
G00012,S02357,,índice de IFRA 51
G00013,S00015,,índice de IFRA 51
G00013,S01008,,índice de IFRA 51
G00013,S01012,,índice de IFRA 51
G00014,S00016,,índice de IFRA 51
G00014,S00063,,índice de IFRA 51
G00014,S00081,,índice de IFRA 51
G00015,S00017,,índice de IFRA 51
G00016,S00018,,índice de IFRA 51
G00017,S00019,,índice de IFRA 51
G00018,S00020,,índice de IFRA 51
G00019,S00021,,índice de IFRA 51
G00020,S00022,,índice de IFRA 51
G00021,S00023,,índice de IFRA 51
G00021,S02198,,índice de IFRA 51
G00022,S00024,,índice de IFRA 51
G00022,S02279,,índice de IFRA 51
G00022,S02287,,índice de IFRA 51
G00023,S00025,,índice de IFRA 51
G00024,S00026,,índice de IFRA 51
G00024,S01009,,índice de IFRA 51
G00025,S00027,,índice de IFRA 51
G00026,S00028,,índice de IFRA 51
G00026,S00080,,índice de IFRA 51
G00026,S02257,,índice de IFRA 51
G00026,S02353,,índice de IFRA 51
G00027,S00031,,índice de IFRA 51
G00027,S01111,,"D15, estandar-por-evidencia: el glosario dice: «es otra estereoquímica del CAS 122-40-7 (alpha-Amylcinnamaldehyde), que IFRA sí lista» y IFRA_STD_005 lista el CAS 122-40-7"
G00028,S00034,,índice de IFRA 51
G00029,S00035,,índice de IFRA 51
G00030,S00042,,índice de IFRA 51
G00030,S00209,,índice de IFRA 51
G00030,S01740,,índice de IFRA 51
G00030,S01873,,índice de IFRA 51
G00030,S01900,,índice de IFRA 51
G00030,S01901,,índice de IFRA 51
G00031,S00054,,índice de IFRA 51
G00031,S00202,,índice de IFRA 51
G00031,S02323,,índice de IFRA 51
G00031,S02789,,"D15, estandar-por-evidencia: el nombre «Ethanone, 1-[(2R,3S)-1,2,3,4,5,6,7,8-octahydro-2,3,8,8-tetramethyl-2-naphthalenyl]-, rel-», sin estereoquímica, es el de «Ethanone, 1-(1,2,3,4,5,6,7,8-octahydro-2,3,8,8-tetramethyl-2-naphthalenyl)-» en los datos de IFRA del IFRA_STD_068: la misma sustancia con la estereoquímica sin especificar"
G00032,S00055,,índice de IFRA 51
G00032,S02267,,índice de IFRA 51
G00032,S02325,,índice de IFRA 51
G00033,S00057,,índice de IFRA 51
G00034,M00027,,"familia: el estándar le aplica por lo que es, aunque el índice no liste su CAS"
G00034,S01086,,"D16, estandar-de-clase: el STD 188 dice: «Allyl esters should only be used when the level of free Allylalcohol in the ester is less than 0.1%.»; la estructura: «Allyl (2-methylbutoxy)acetate» es el éster del alcohol alílico con el carboxilato «(2-methylbutoxy)acetate»"
G00034,S01087,,"D16, estandar-de-clase: el STD 188 dice: «Allyl esters should only be used when the level of free Allylalcohol in the ester is less than 0.1%.»; la estructura: «Allyl (cyclohexyloxy)acetate» es el éster del alcohol alílico con el carboxilato «(cyclohexyloxy)acetate»"
G00034,S01089,,"D16, estandar-de-clase: el STD 188 dice: «Allyl esters should only be used when the level of free Allylalcohol in the ester is less than 0.1%.»; la estructura: «Allyl butyrate» es el éster del alcohol alílico con el carboxilato «butyrate»"
G00034,S01090,,"D16, estandar-de-clase: el STD 188 dice: «Allyl esters should only be used when the level of free Allylalcohol in the ester is less than 0.1%.»; la estructura: «Allyl cinnamate» es el éster del alcohol alílico con el carboxilato «cinnamate»"
G00034,S01091,,"D16, estandar-de-clase: el STD 188 dice: «Allyl esters should only be used when the level of free Allylalcohol in the ester is less than 0.1%.»; la estructura: «Allyl cyclohexaneacetate» es el éster del alcohol alílico con el carboxilato «cyclohexaneacetate»"
G00034,S01092,,"D16, estandar-de-clase: el STD 188 dice: «Allyl esters should only be used when the level of free Allylalcohol in the ester is less than 0.1%.»; la estructura: «Allyl cyclohexanepropionate» es el éster del alcohol alílico con el carboxilato «cyclohexanepropionate»"
G00034,S01093,,"D16, estandar-de-clase: el STD 188 dice: «Allyl esters should only be used when the level of free Allylalcohol in the ester is less than 0.1%.»; la estructura: «Allyl decanoate» es el éster del alcohol alílico con el carboxilato «decanoate»"
G00034,S01095,,"D16, estandar-de-clase: el STD 188 dice: «Allyl esters should only be used when the level of free Allylalcohol in the ester is less than 0.1%.»; la estructura: «Allyl heptanoate» es el éster del alcohol alílico con el carboxilato «heptanoate»"
G00034,S01096,,"D16, estandar-de-clase: el STD 188 dice: «Allyl esters should only be used when the level of free Allylalcohol in the ester is less than 0.1%.»; la estructura: «Allyl hexanoate» es el éster del alcohol alílico con el carboxilato «hexanoate»"
G00034,S01097,,"D16, estandar-de-clase: el STD 188 dice: «Allyl esters should only be used when the level of free Allylalcohol in the ester is less than 0.1%.»; la estructura: «Allyl octanoate» es el éster del alcohol alílico con el carboxilato «octanoate»"
G00034,S01098,,"D16, estandar-de-clase: el STD 188 dice: «Allyl esters should only be used when the level of free Allylalcohol in the ester is less than 0.1%.»; la estructura: «Allyl phenoxyacetate» es el éster del alcohol alílico con el carboxilato «phenoxyacetate»"
G00034,S01099,,"D16, estandar-de-clase: el STD 188 dice: «Allyl esters should only be used when the level of free Allylalcohol in the ester is less than 0.1%.»; la estructura: «Allyl phenylacetate» es el éster del alcohol alílico con el carboxilato «phenylacetate»"
G00034,S01100,,"D16, estandar-de-clase: el STD 188 dice: «Allyl esters should only be used when the level of free Allylalcohol in the ester is less than 0.1%.»; la estructura: «Allyl propionate» es el éster del alcohol alílico con el carboxilato «propionate»"
G00034,S01102,,"D16, estandar-de-clase: el STD 188 dice: «Allyl esters should only be used when the level of free Allylalcohol in the ester is less than 0.1%.»; la estructura: «Allyl trimethylhexanoate» es el éster del alcohol alílico con el carboxilato «trimethylhexanoate»"
G00034,S02351,,"D16, estandar-de-clase: el STD 188 dice: «Allyl esters should only be used when the level of free Allylalcohol in the ester is less than 0.1%.»; la estructura: «Allyl heptine carbonate» es el éster del alcohol alílico con el carboxilato «heptine carbonate»"
G00034,S02366,,"D16, estandar-de-clase: el STD 188 dice: «Allyl esters should only be used when the level of free Allylalcohol in the ester is less than 0.1%.»; la estructura: «Allyl phenoxyacetate» es el éster del alcohol alílico con el carboxilato «phenoxyacetate»"
G00034,S02947,,"D16, estandar-de-clase: el STD 188 dice: «Allyl esters should only be used when the level of free Allylalcohol in the ester is less than 0.1%.»; la estructura: «Allyl nonanoate» es el éster del alcohol alílico con el carboxilato «nonanoate»"
G00035,S00061,,índice de IFRA 51
G00035,S00071,,índice de IFRA 51
G00035,S01007,,índice de IFRA 51
G00036,S00062,,índice de IFRA 51
G00036,S00078,,índice de IFRA 51
G00036,S01420,,índice de IFRA 51
G00036,S01797,,índice de IFRA 51
G00037,M00043,,"familia: el estándar le aplica por lo que es, aunque el índice no liste su CAS"
G00037,S01307,,"D16, estandar-de-clase: «Los pinenos y el delta-3-careno se tratan como de origen pináceas mientras no conste otro origen (el usuario, 2026-10-04): aplicar el 184 solo añade una especificación pendiente.» (el usuario, 2026-10-04; lista cerrada de D16: pinenos y delta-3-careno); el STD 184 dice «derived from the Pinacea family», y «alpha-Pinene» está en la lista"
G00037,S01308,,"D16, estandar-de-clase: «Los pinenos y el delta-3-careno se tratan como de origen pináceas mientras no conste otro origen (el usuario, 2026-10-04): aplicar el 184 solo añade una especificación pendiente.» (el usuario, 2026-10-04; lista cerrada de D16: pinenos y delta-3-careno); el STD 184 dice «derived from the Pinacea family», y «beta-Pinene» está en la lista"
G00037,S01424,,"D16, estandar-de-clase: «Los pinenos y el delta-3-careno se tratan como de origen pináceas mientras no conste otro origen (el usuario, 2026-10-04): aplicar el 184 solo añade una especificación pendiente.» (el usuario, 2026-10-04; lista cerrada de D16: pinenos y delta-3-careno); el STD 184 dice «derived from the Pinacea family», y «d-.alpha.-Pinene» está en la lista"
G00037,S01443,,"D16, estandar-de-clase: «Los pinenos y el delta-3-careno se tratan como de origen pináceas mientras no conste otro origen (el usuario, 2026-10-04): aplicar el 184 solo añade una especificación pendiente.» (el usuario, 2026-10-04; lista cerrada de D16: pinenos y delta-3-careno); el STD 184 dice «derived from the Pinacea family», y «delta-3-Carene» está en la lista"
G00037,S01764,,"D16, estandar-de-clase: «Los pinenos y el delta-3-careno se tratan como de origen pináceas mientras no conste otro origen (el usuario, 2026-10-04): aplicar el 184 solo añade una especificación pendiente.» (el usuario, 2026-10-04; lista cerrada de D16: pinenos y delta-3-careno); el STD 184 dice «derived from the Pinacea family», y «l-.alpha.-Pinene» está en la lista"
G00037,S01765,,"D16, estandar-de-clase: «Los pinenos y el delta-3-careno se tratan como de origen pináceas mientras no conste otro origen (el usuario, 2026-10-04): aplicar el 184 solo añade una especificación pendiente.» (el usuario, 2026-10-04; lista cerrada de D16: pinenos y delta-3-careno); el STD 184 dice «derived from the Pinacea family», y «l-.beta.-Pinene» está en la lista"
G00038,M00045,,índice de IFRA 51: limitado como tal
G00038,M03519,,índice de IFRA 51: limitado como tal
G00038,M03520,,índice de IFRA 51: limitado como tal
G00038,M03521,,índice de IFRA 51: limitado como tal
G00038,M03522,,índice de IFRA 51: limitado como tal
G00038,M03524,,índice de IFRA 51: limitado como tal
G00038,M03525,,índice de IFRA 51: limitado como tal
G00038,M03528,,índice de IFRA 51: limitado como tal
G00039,S00064,,índice de IFRA 51
G00040,S00065,,índice de IFRA 51
G00040,S01032,,índice de IFRA 51
G00041,S00066,,índice de IFRA 51
G00041,S00119,,índice de IFRA 51
G00041,S00740,,índice de IFRA 51
G00041,S01777,,índice de IFRA 51
G00041,S02112,,índice de IFRA 51
G00041,S02299,,índice de IFRA 51
G00042,S00067,,índice de IFRA 51
G00042,S00068,,índice de IFRA 51
G00042,S00069,,índice de IFRA 51
G00042,S02281,,índice de IFRA 51
G00043,S00070,,índice de IFRA 51
G00043,S01477,,índice de IFRA 51
G00043,S01758,,índice de IFRA 51
G00044,S00072,,índice de IFRA 51
G00045,S00073,,índice de IFRA 51
G00046,S00074,,índice de IFRA 51
G00047,S00075,,índice de IFRA 51
G00048,S00076,,índice de IFRA 51
G00048,S02340,,índice de IFRA 51
G00049,M00051,,índice de IFRA 51: limitado como tal
G00049,S02243,,índice de IFRA 51
G00050,S00077,,índice de IFRA 51
G00051,S00082,,índice de IFRA 51
G00052,M01055,,índice de IFRA 51: limitado como tal
G00052,M01056,,índice de IFRA 51: limitado como tal
G00053,M00042,,"familia: el estándar le aplica por lo que es, aunque el índice no liste su CAS"
G00054,M00054,,índice de IFRA 51: limitado como tal
G00055,S00083,,índice de IFRA 51
G00055,S02271,,índice de IFRA 51
G00055,S02356,,índice de IFRA 51
G00056,S00084,,índice de IFRA 51
G00056,S01017,,índice de IFRA 51
G00056,S02277,,índice de IFRA 51
G00056,S02308,,índice de IFRA 51
G00056,S02310,,índice de IFRA 51
G00057,S00085,,índice de IFRA 51
G00058,S00090,,índice de IFRA 51
G00059,S00091,,índice de IFRA 51
G00059,S00132,,índice de IFRA 51
G00059,S00419,,índice de IFRA 51
G00059,S00714,,índice de IFRA 51
G00059,S00722,,índice de IFRA 51
G00059,S00876,,índice de IFRA 51
G00059,S01397,,índice de IFRA 51
G00059,S01483,,índice de IFRA 51
G00060,S00094,,índice de IFRA 51
G00061,S00102,,índice de IFRA 51
G00062,M01027,,índice de IFRA 51: limitado como tal
G00062,M01028,,índice de IFRA 51: limitado como tal
G00062,M01029,,índice de IFRA 51: limitado como tal
G00062,M01031,,índice de IFRA 51: limitado como tal
G00062,M01032,,índice de IFRA 51: limitado como tal
G00062,M01033,,índice de IFRA 51: limitado como tal
G00062,S00104,,índice de IFRA 51
G00063,S00111,,índice de IFRA 51
G00064,S00140,,índice de IFRA 51
G00064,S00141,,índice de IFRA 51
G00064,S00145,,índice de IFRA 51
G00064,S00154,,índice de IFRA 51
G00064,S00155,,índice de IFRA 51
G00064,S00181,,índice de IFRA 51
G00064,S00195,,índice de IFRA 51
G00064,S00204,,índice de IFRA 51
G00064,S00206,,índice de IFRA 51
G00064,S00207,,índice de IFRA 51
G00064,S00210,,índice de IFRA 51
G00064,S00704,,"D15, estandar-por-evidencia: el glosario dice: «es otra estereoquímica del CAS 57378-68-4 (delta-1-(2,6,6-Trimethyl-3-cyclohexen-1-yl)-2-buten-1-one), que IFRA sí lista» y IFRA_STD_077 lista el CAS 57378-68-4"
G00064,S01109,,índice de IFRA 51
G00064,S01197,,índice de IFRA 51
G00064,S01296,,índice de IFRA 51
G00064,S01442,,índice de IFRA 51
G00064,S02368,,índice de IFRA 51
G00065,S00144,,índice de IFRA 51
G00065,S01214,,índice de IFRA 51
G00066,S00158,,índice de IFRA 51
G00066,S00444,,índice de IFRA 51
G00066,S02244,,índice de IFRA 51
G00066,S02269,,índice de IFRA 51
G00066,S02285,,índice de IFRA 51
G00066,S02329,,índice de IFRA 51
G00067,S00161,,índice de IFRA 51
G00067,S00174,,índice de IFRA 51
G00067,S00698,,índice de IFRA 51
G00067,S00710,,índice de IFRA 51
G00068,S00163,,índice de IFRA 51
G00068,S00176,,índice de IFRA 51
G00068,S00810,,índice de IFRA 51
G00069,S00186,,índice de IFRA 51
G00070,S00190,,índice de IFRA 51
G00071,S00240,,índice de IFRA 51
G00071,S00241,,índice de IFRA 51
G00071,S01960,,índice de IFRA 51
G00071,S01964,,índice de IFRA 51
G00072,S00303,,índice de IFRA 51
G00072,S01044,,índice de IFRA 51
G00073,S00377,,índice de IFRA 51
G00074,S00410,,índice de IFRA 51
G00075,S00413,,índice de IFRA 51
G00076,S00415,,índice de IFRA 51
G00076,S01726,,índice de IFRA 51
G00076,S02343,,índice de IFRA 51
G00077,S00438,,índice de IFRA 51
G00077,S00439,,índice de IFRA 51
G00077,S00960,,índice de IFRA 51
G00078,S00449,,índice de IFRA 51
G00079,S00494,,índice de IFRA 51
G00080,S00505,,índice de IFRA 51
G00081,S00510,,índice de IFRA 51
G00081,S00511,,índice de IFRA 51
G00082,S00540,,índice de IFRA 51
G00083,S00548,,índice de IFRA 51
G00084,S00549,,índice de IFRA 51
G00085,S00571,,índice de IFRA 51
G00086,S00575,,índice de IFRA 51
G00087,S00623,,índice de IFRA 51
G00088,S00626,,índice de IFRA 51
G00089,S00645,,índice de IFRA 51
G00089,S02266,,índice de IFRA 51
G00089,S02306,,índice de IFRA 51
G00090,S00666,,índice de IFRA 51
G00090,S00672,,índice de IFRA 51
G00090,S00705,,"D15, estandar-decidido: decisión del usuario: el usuario decide (2026-10-04) que es la sustancia del STD 044 con otro CAS (evidencia: el nombre del FIG es el del estándar (HMPCC, 3 y 4-(4-hidroxi-4-metilpentil)-3-ciclohexeno-1-carboxaldehído); el glosario no lo dice)"
G00091,S00681,,índice de IFRA 51
G00091,S01879,,índice de IFRA 51
G00092,S00686,,índice de IFRA 51
G00093,S00739,,índice de IFRA 51
G00093,S01006,,índice de IFRA 51
G00093,S02113,,índice de IFRA 51
G00094,S00757,,índice de IFRA 51
G00095,S00797,,índice de IFRA 51
G00096,S00832,,índice de IFRA 51
G00097,S00838,,índice de IFRA 51
G00098,S00845,,índice de IFRA 51
G00099,S00852,,índice de IFRA 51
G00099,S01383,,índice de IFRA 51
G00100,S00856,,índice de IFRA 51
G00101,S00880,,índice de IFRA 51
G00102,S00886,,índice de IFRA 51
G00103,S00899,,índice de IFRA 51
G00104,S00912,,índice de IFRA 51
G00105,S00924,,índice de IFRA 51
G00106,S00947,,índice de IFRA 51
G00107,S00948,,índice de IFRA 51
G00108,S00954,,índice de IFRA 51
G00109,S00967,,índice de IFRA 51
G00110,S00969,,índice de IFRA 51
G00111,S01004,,índice de IFRA 51
G00112,M01012,,índice de IFRA 51: limitado como tal
G00112,M01013,,índice de IFRA 51: limitado como tal
G00112,M01014,,índice de IFRA 51: limitado como tal
G00112,M01015,,índice de IFRA 51: limitado como tal
G00113,S01005,,índice de IFRA 51
G00114,M01026,,índice de IFRA 51: limitado como tal
G00115,M01057,,índice de IFRA 51: limitado como tal
G00115,S02346,,índice de IFRA 51
G00115,S02363,,índice de IFRA 51
G00116,S01010,,índice de IFRA 51
G00116,S01011,,índice de IFRA 51
G00116,S02317,,índice de IFRA 51
G00117,M01081,,índice de IFRA 51: limitado como tal
G00118,S01013,,índice de IFRA 51
G00119,S01014,,índice de IFRA 51
G00120,S01015,,índice de IFRA 51
G00121,S01016,,índice de IFRA 51
G00122,S01018,,índice de IFRA 51
G00122,S01770,,índice de IFRA 51
G00122,S02258,,índice de IFRA 51
G00123,S01019,,índice de IFRA 51
G00124,S01020,,índice de IFRA 51
G00125,M01210,,índice de IFRA 51: limitado como tal
G00126,S01021,,índice de IFRA 51
G00127,S01035,,índice de IFRA 51
G00127,S01362,,índice de IFRA 51
G00127,S01363,,índice de IFRA 51
G00127,S01364,,índice de IFRA 51
G00127,S01366,,índice de IFRA 51
G00127,S02364,,índice de IFRA 51
G00127,S02365,,índice de IFRA 51
G00128,S01037,,índice de IFRA 51
G00129,S01070,,índice de IFRA 51
G00129,S01826,,índice de IFRA 51
G00130,S01092,,índice de IFRA 51
G00131,S01098,,índice de IFRA 51
G00131,S02366,,índice de IFRA 51
G00132,S01103,,índice de IFRA 51
G00133,S01110,,índice de IFRA 51
G00134,S01112,,índice de IFRA 51
G00135,S01115,,índice de IFRA 51
G00136,S01116,,índice de IFRA 51
G00137,S01125,,índice de IFRA 51
G00138,S01232,,índice de IFRA 51
G00139,S01284,,índice de IFRA 51
G00140,S01285,,índice de IFRA 51
G00140,S01293,,índice de IFRA 51
G00141,S01301,,índice de IFRA 51
G00142,S01314,,índice de IFRA 51
G00143,S01316,,índice de IFRA 51
G00144,S01322,,índice de IFRA 51
G00145,S01365,,índice de IFRA 51
G00146,S01380,,índice de IFRA 51
G00147,S01393,,índice de IFRA 51
G00147,S02067,,índice de IFRA 51
G00148,S01452,,índice de IFRA 51
G00149,S01607,,índice de IFRA 51
G00150,S01716,,índice de IFRA 51
G00151,S01719,,índice de IFRA 51
G00152,S01729,,índice de IFRA 51
G00153,S01782,,índice de IFRA 51
G00154,S01811,,índice de IFRA 51
G00155,S01818,,índice de IFRA 51
G00156,S01820,,índice de IFRA 51
G00157,S01838,,índice de IFRA 51
G00158,S01839,,índice de IFRA 51
G00159,S01849,,índice de IFRA 51
G00160,S01858,,índice de IFRA 51
G00161,S01897,,índice de IFRA 51
G00162,S01906,,índice de IFRA 51
G00162,S02309,,índice de IFRA 51
G00163,S01908,,índice de IFRA 51
G00164,S01909,,índice de IFRA 51
G00165,S01950,,índice de IFRA 51
G00166,S02034,,índice de IFRA 51
G00167,S02036,,índice de IFRA 51
G00168,S02056,,índice de IFRA 51
G00169,S02073,,índice de IFRA 51
G00170,S02093,,índice de IFRA 51
G00171,S02094,,índice de IFRA 51
G00172,S02095,,índice de IFRA 51
G00172,S02170,,índice de IFRA 51
G00172,S02320,,índice de IFRA 51
G00172,S02333,,índice de IFRA 51
G00173,S02098,,índice de IFRA 51
G00174,S02126,,índice de IFRA 51
G00175,S02235,,índice de IFRA 51
G00175,S02237,,índice de IFRA 51
G00175,S02238,,índice de IFRA 51
G00175,S02239,,"D15, estandar-decidido: decisión del usuario: El vetiveryl acetate comercial es el aceite de vetiver acetilado; se le aplica el 002 (el usuario, 2026-10-04). (evidencia: el nombre del FIG, «Vetiveryl acetate», y el del STD 002, «Acetylated Vetiver oil»; el índice de IFRA no liga su CAS 117-98-6 a ese estándar)"
G00176,S02242,e.g.,índice de IFRA 51
G00177,S02245,,índice de IFRA 51
G00178,S02246,,índice de IFRA 51
G00179,S02247,,índice de IFRA 51
G00180,S02248,e.g.,índice de IFRA 51
G00180,S02249,e.g.,índice de IFRA 51
G00181,S02250,,índice de IFRA 51
G00182,S02251,,índice de IFRA 51
G00182,S02252,,índice de IFRA 51
G00183,S02253,,índice de IFRA 51
G00183,S02254,,índice de IFRA 51
G00184,S02255,,índice de IFRA 51
G00184,S02280,,índice de IFRA 51
G00185,S02256,,índice de IFRA 51
G00185,S02300,,índice de IFRA 51
G00185,S02350,,índice de IFRA 51
G00186,S02259,,índice de IFRA 51
G00187,S02260,,índice de IFRA 51
G00188,S02261,,índice de IFRA 51
G00189,S02262,,índice de IFRA 51
G00190,S02263,,índice de IFRA 51
G00190,S02274,,índice de IFRA 51
G00190,S02289,,índice de IFRA 51
G00190,S02290,,índice de IFRA 51
G00190,S02293,,índice de IFRA 51
G00190,S02295,,índice de IFRA 51
G00190,S02301,,índice de IFRA 51
G00190,S02302,,índice de IFRA 51
G00190,S02314,,índice de IFRA 51
G00190,S02315,,índice de IFRA 51
G00190,S02326,,índice de IFRA 51
G00190,S02330,,índice de IFRA 51
G00190,S02331,,índice de IFRA 51
G00190,S02342,,índice de IFRA 51
G00190,S02354,,índice de IFRA 51
G00190,S02359,,índice de IFRA 51
G00191,S02264,,índice de IFRA 51
G00191,S02265,,índice de IFRA 51
G00191,S02298,,índice de IFRA 51
G00192,S02268,,índice de IFRA 51
G00193,S02270,,índice de IFRA 51
G00194,S02272,,índice de IFRA 51
G00195,S02273,,índice de IFRA 51
G00196,S02275,,índice de IFRA 51
G00197,S02276,,índice de IFRA 51
G00198,S02282,,índice de IFRA 51
G00199,S02283,,índice de IFRA 51
G00200,S02284,,índice de IFRA 51
G00201,S02286,,índice de IFRA 51
G00202,S02288,,índice de IFRA 51
G00203,S02294,,índice de IFRA 51
G00204,S02296,,índice de IFRA 51
G00205,S02297,,índice de IFRA 51
G00206,S02303,,índice de IFRA 51
G00206,S02319,,índice de IFRA 51
G00206,S02327,,índice de IFRA 51
G00207,S02304,,índice de IFRA 51
G00208,S02305,,índice de IFRA 51
G00209,S02307,,índice de IFRA 51
G00210,S02311,,índice de IFRA 51
G00211,S02312,,índice de IFRA 51
G00212,S02313,,índice de IFRA 51
G00213,S02316,,índice de IFRA 51
G00214,S02318,,índice de IFRA 51
G00214,S02324,,índice de IFRA 51
G00215,S02321,,índice de IFRA 51
G00216,S02322,,índice de IFRA 51
G00217,S02328,,índice de IFRA 51
G00218,S02332,,índice de IFRA 51
G00219,S02334,,índice de IFRA 51
G00220,S02335,,índice de IFRA 51
G00221,S02336,,índice de IFRA 51
G00222,S02337,,índice de IFRA 51
G00223,S02338,,índice de IFRA 51
G00224,S02339,,índice de IFRA 51
G00225,S02341,,índice de IFRA 51
G00226,S02344,,índice de IFRA 51
G00227,S02345,,índice de IFRA 51
G00227,S02371,,índice de IFRA 51
G00228,S02347,,índice de IFRA 51
G00229,S02348,,índice de IFRA 51
G00230,S02351,,índice de IFRA 51
G00231,S02352,,índice de IFRA 51
G00232,S02358,,índice de IFRA 51
G00233,S02360,,índice de IFRA 51
G00234,S02361,,índice de IFRA 51
G00235,S02362,,índice de IFRA 51
G00236,S02367,,índice de IFRA 51
G00237,S02369,,índice de IFRA 51
G00238,M03637,,índice de IFRA 51: limitado como tal
G00238,M03638,,índice de IFRA 51: limitado como tal
G00238,M03639,,índice de IFRA 51: limitado como tal
G00238,M03640,,índice de IFRA 51: limitado como tal
G00238,M03641,,índice de IFRA 51: limitado como tal
G00238,S02370,,índice de IFRA 51
G00238,S02375,,índice de IFRA 51
G00239,S02372,,índice de IFRA 51
G00240,S02373,,índice de IFRA 51
G00241,S02374,,índice de IFRA 51
G00242,S02376,,índice de IFRA 51
G00243,S02377,,índice de IFRA 51
G00244,S02378,,índice de IFRA 51
G00245,S02379,,índice de IFRA 51
G00246,M03422,,índice de IFRA 51: limitado como tal
G00246,M03423,,índice de IFRA 51: limitado como tal
G00246,M03424,,índice de IFRA 51: limitado como tal
G00246,M03425,,índice de IFRA 51: limitado como tal
G00246,M03426,,índice de IFRA 51: limitado como tal
G00246,M03428,,índice de IFRA 51: limitado como tal
G00246,M03430,,índice de IFRA 51: limitado como tal
G00247,M03472,,índice de IFRA 51: limitado como tal
G00247,M03473,,índice de IFRA 51: limitado como tal
G00247,M03474,,índice de IFRA 51: limitado como tal
G00247,M03475,,índice de IFRA 51: limitado como tal
G00247,M03476,,índice de IFRA 51: limitado como tal
G00247,M03481,,índice de IFRA 51: limitado como tal
G00248,M03477,,índice de IFRA 51: limitado como tal
G00248,M03478,,índice de IFRA 51: limitado como tal
G00248,M03479,,índice de IFRA 51: limitado como tal
G00248,M03480,,índice de IFRA 51: limitado como tal
G00249,M03537,,índice de IFRA 51: limitado como tal
G00249,M03540,,índice de IFRA 51: limitado como tal
G00249,M03541,,índice de IFRA 51: limitado como tal
G00250,M03653,,índice de IFRA 51: limitado como tal
G00250,M03654,,índice de IFRA 51: limitado como tal
