id,tipo,referencia,nombre,notas
G00001,estandar-ifra,IFRA_STD_037,Geraniol,
G00002,estandar-ifra,IFRA_STD_187,Linalool,
G00003,estandar-ifra,IFRA_STD_069,1-Octen-3-yl acetate,
G00004,estandar-ifra,IFRA_STD_039,2-Hexenal,
G00005,estandar-ifra,IFRA_STD_040,alpha-Hexyl cinnamic aldehyde,
G00006,estandar-ifra,IFRA_STD_067,Oakmoss extracts,
G00007,estandar-ifra,IFRA_STD_061,"6-Methyl-3,5-heptadien-2-one",
G00008,estandar-ifra,IFRA_STD_006,Anisyl alcohol,
G00009,estandar-ifra,IFRA_STD_007,Benzaldehyde,
G00010,estandar-ifra,IFRA_STD_008,Benzyl alcohol,
G00011,estandar-ifra,IFRA_STD_010,Benzyl cinnamate,
G00012,estandar-ifra,IFRA_STD_192,alpha-Bisabolol,
G00013,estandar-ifra,IFRA_STD_016,Carvone,
G00014,estandar-ifra,IFRA_STD_197,Cedrene,
G00015,estandar-ifra,IFRA_STD_018,Cinnamic aldehyde,
G00016,estandar-ifra,IFRA_STD_017,Cinnamic alcohol,
G00017,estandar-ifra,IFRA_STD_058,2-Methoxy-4-methylphenol,
G00018,estandar-ifra,IFRA_STD_035,Eugenol,
G00019,estandar-ifra,IFRA_STD_098,Furfural,
G00020,estandar-ifra,IFRA_STD_042,Hexyl salicylate,
G00021,estandar-ifra,IFRA_STD_048,Isoeugenol,
G00022,estandar-ifra,IFRA_STD_199,Longifolene,
G00023,estandar-ifra,IFRA_STD_100,Methyl eugenol,
G00024,estandar-ifra,IFRA_STD_260,p-Cresol,
G00025,estandar-ifra,IFRA_STD_217,4-(4-Hydroxyphenyl)butan-2-one,
G00026,estandar-ifra,IFRA_STD_102,Thujone,
G00027,estandar-ifra,IFRA_STD_005,alpha-Amyl cinnamic aldehyde,
G00028,estandar-ifra,IFRA_STD_028,"6,7-Dihydro-1,1,2,3,3-pentamethyl-4(5H)-indanone (DPMI)",
G00029,estandar-ifra,IFRA_STD_023,Coumarin,
G00030,estandar-ifra,IFRA_STD_063,"Methyl ionone, mixed isomers",
G00031,estandar-ifra,IFRA_STD_068,"1-(1,2,3,4,5,6,7,8 Octahydro-2,3,8,8-tetramethyl-2-naphthalenyl) ethanone (OTNE)",
G00032,estandar-ifra,IFRA_STD_208,"cis,trans-4-(Isopropyl)cyclohexanemethanol",
G00033,estandar-ifra,IFRA_STD_211,"3,3-Dimethyl-5-(2,2,3-trimethyl-3-cyclopenten-1-yl)-4-penten-2-ol",
G00034,estandar-ifra,IFRA_STD_188,Allyl esters,
G00035,estandar-ifra,IFRA_STD_021,Citral,
G00036,estandar-ifra,IFRA_STD_186,Limonene,
G00037,estandar-ifra,IFRA_STD_184,Pinacea derivatives,
G00038,estandar-ifra,IFRA_STD_092,Lemon oil cold pressed,
G00039,estandar-ifra,IFRA_STD_158,7-Methoxycoumarin,
G00040,estandar-ifra,IFRA_STD_206,Citronellal,
G00041,estandar-ifra,IFRA_STD_022,Citronellol,
G00042,estandar-ifra,IFRA_STD_205,"3,7-Dimethyl-3,6-octadienal",
G00043,estandar-ifra,IFRA_STD_179,"Safrole, Isosafrole and Dihydrosafrole",
G00044,estandar-ifra,IFRA_STD_101,Methyl N-formylanthranilate,
G00045,estandar-ifra,IFRA_STD_094,Methyl N-methylanthranilate,
G00046,estandar-ifra,IFRA_STD_009,Benzyl benzoate,
G00047,estandar-ifra,IFRA_STD_191,2-Methoxy-4-propylphenol,
G00048,estandar-ifra,IFRA_STD_190,Propenylguaethol,
G00049,estandar-ifra,IFRA_STD_078,Styrax,
G00050,estandar-ifra,IFRA_STD_011,Benzyl salicylate,
G00051,estandar-ifra,IFRA_STD_004,alpha-Amyl cinnamic alcohol,
G00052,estandar-ifra,IFRA_STD_087,Bergamot oil expressed,
G00053,estandar-ifra,IFRA_STD_089,Citrus oils and other furocoumarins containing essential oils,
G00054,estandar-ifra,IFRA_STD_119,Cade oil,
G00055,estandar-ifra,IFRA_STD_099,Estragole,
G00056,estandar-ifra,IFRA_STD_036,Farnesol,
G00057,estandar-ifra,IFRA_STD_221,"1-(2,2,6-Trimethylcyclohexyl)-3-hexanol",
G00058,estandar-ifra,IFRA_STD_031,"1-(5,5-Dimethyl-1-cyclohexen-1-yl)pent-4-en-1-one",
G00059,estandar-ifra,IFRA_STD_030,Dimethylcyclohex-3-ene-1-carbaldehyde (mixed isomers),
G00060,estandar-ifra,IFRA_STD_043,Hydroxycitronellal,
G00061,estandar-ifra,IFRA_STD_026,Cyclopentadecanolide,
G00062,estandar-ifra,IFRA_STD_071,Peru balsam,
G00063,estandar-ifra,IFRA_STD_059,"alpha-Methyl-1,3-benzodioxole-5-propionaldehyde (MMDHCA)",
G00064,estandar-ifra,IFRA_STD_077,Rose ketones,
G00065,estandar-ifra,IFRA_STD_219,Ethyl isopropyl bicycloheptene-2-carboxylate,
G00066,estandar-ifra,IFRA_STD_195,"2,6,10-Trimethylundeca-5,9-dien-1-ol",
G00067,estandar-ifra,IFRA_STD_232,"3,4,5,6,6-Pentamethylhept-3-en-2-one",
G00068,estandar-ifra,IFRA_STD_233,3-Methyl-5-phenylpent-2-enenitrile,
G00069,estandar-ifra,IFRA_STD_220,Tetramethyl bicyclo-2-heptene-2-propionaldehyde,
G00070,estandar-ifra,IFRA_STD_032,"2,2-Dimethyl-3-(3-tolyl)propan-1-ol",
G00071,estandar-ifra,IFRA_STD_259,Octahydro-dimethylnaphthalene-2-carbaldehyde (mixed isomers),
G00072,estandar-ifra,IFRA_STD_237,Woody furan,
G00073,estandar-ifra,IFRA_STD_223,"3,6,7-Trimethyl-2,6-octadienal",
G00074,estandar-ifra,IFRA_STD_224,"2,4,4,7-Tetramethyl-6-octen-3-one",
G00075,estandar-ifra,IFRA_STD_047,Isocyclogeraniol,
G00076,estandar-ifra,IFRA_STD_046,Isocyclocitral,
G00077,estandar-ifra,IFRA_STD_267,"2,5-Octadien-4-one, 5,6,7-trimethyl-, (2E)-",
G00078,estandar-ifra,IFRA_STD_082,"2,6,6-Trimethylcyclohex-1,3-dienyl methanal",
G00079,estandar-ifra,IFRA_STD_225,2-Cyclohexylidene-2-ortho-tolylacetonitrile,
G00080,estandar-ifra,IFRA_STD_033,2-Ethoxy-4-methylphenol,
G00081,estandar-ifra,IFRA_STD_226,Ethyl and Methyl furaneol,
G00082,estandar-ifra,IFRA_STD_038,2-Heptylidene cyclopentan-1-one,
G00083,estandar-ifra,IFRA_STD_041,alpha-Hexylidene cyclopentanone,
G00084,estandar-ifra,IFRA_STD_227,2-Hexylidenecyclohexan-1-one,
G00085,estandar-ifra,IFRA_STD_228,2-Methyl-2-pentenal,
G00086,estandar-ifra,IFRA_STD_025,Cyclamen aldehyde,
G00087,estandar-ifra,IFRA_STD_066,2-Nonyn-1-al dimethyl acetal,
G00088,estandar-ifra,IFRA_STD_229,2-Octen-4-one,
G00089,estandar-ifra,IFRA_STD_075,2-Phenylpropionaldehyde,
G00090,estandar-ifra,IFRA_STD_044,3 and 4-(4-Hydroxy-4-methylpentyl)-3-cyclohexene-1-carboxaldehyde (HMPCC),
G00091,estandar-ifra,IFRA_STD_231,Methyl lavender ketone,
G00092,estandar-ifra,IFRA_STD_013,3-(m-tert-Butylphenyl)-2-methylpropionaldehyde (m-BMHCA),
G00093,estandar-ifra,IFRA_STD_248,Citronellyl acetate,
G00094,estandar-ifra,IFRA_STD_266,"3-Acetyl-2,5-dimethylfuran",
G00095,estandar-ifra,IFRA_STD_065,3-Methyl-2-(pentyloxy)cyclopent-2-en-1-one,
G00096,estandar-ifra,IFRA_STD_234,3-Octen-2-one,
G00097,estandar-ifra,IFRA_STD_074,3-Phenylbutanal,
G00098,estandar-ifra,IFRA_STD_076,3-Propylidenephthalide,
G00099,estandar-ifra,IFRA_STD_251,"1-(2,2,6-Trimethylcyclohexyl)-3-pentanol",
G00100,estandar-ifra,IFRA_STD_209,4-(Isopropyl)-.beta.-methylcyclohexanethanol,
G00101,estandar-ifra,IFRA_STD_235,Dimethyl octenone,
G00102,estandar-ifra,IFRA_STD_207,"4,8-Dimethyl-4,9-decadienal",
G00103,estandar-ifra,IFRA_STD_034,p-Ethylbenzaldehyde,
G00104,estandar-ifra,IFRA_STD_201,"4-Hydroxy-2,5-dimethyl-3(2H)-furanone",
G00105,estandar-ifra,IFRA_STD_057,4-Methoxy-alpha-methylbenzenepropanal,
G00106,estandar-ifra,IFRA_STD_198,4-Phenyl-3-buten-2-ol,
G00107,estandar-ifra,IFRA_STD_236,Isopentylcyclohexanone,
G00108,estandar-ifra,IFRA_STD_212,"5-(2,2,3-Trimethyl-3-cyclopentenyl)-3-methylpentan-2-ol",
G00109,estandar-ifra,IFRA_STD_204,"5,9-Dimethyl-4,8-decadienal",
G00110,estandar-ifra,IFRA_STD_085,Acetyl hexamethyl indan (AHMI),
G00111,estandar-ifra,IFRA_STD_202,Farnesal,
G00112,estandar-ifra,IFRA_STD_086,Angelica root oil,
G00113,estandar-ifra,IFRA_STD_054,p-Methoxybenzaldehyde,
G00114,estandar-ifra,IFRA_STD_051,Melissa oil (genuine Melissa officinalis L.),
G00115,estandar-ifra,IFRA_STD_114,Birch wood pyrolysate,
G00116,estandar-ifra,IFRA_STD_110,cis-and trans-Asarone,
G00117,estandar-ifra,IFRA_STD_084,Ylang ylang extracts,
G00118,estandar-ifra,IFRA_STD_052,Perilla aldehyde,
G00119,estandar-ifra,IFRA_STD_194,p-Isopropylbenzyl alcohol,
G00120,estandar-ifra,IFRA_STD_055,o-Methoxycinnamaldehyde,
G00121,estandar-ifra,IFRA_STD_112,Benzyl cyanide,
G00122,estandar-ifra,IFRA_STD_243,Carvyl acetate,
G00123,estandar-ifra,IFRA_STD_154,Isophorone,
G00124,estandar-ifra,IFRA_STD_024,Cuminaldehyde,
G00125,estandar-ifra,IFRA_STD_090,Cumin oil,
G00126,estandar-ifra,IFRA_STD_029,Dihydrocoumarin,
G00127,estandar-ifra,IFRA_STD_250,Cyclohexadecenone,
G00128,estandar-ifra,IFRA_STD_264,"7-Methoxy-3,7-dimethyloct-1-ene",
G00129,estandar-ifra,IFRA_STD_001,"Acetic acid, anhydride, reaction products with 1,5,10-Trimethyl-1,5,9-cyclododecatriene",
G00130,estandar-ifra,IFRA_STD_238,Allyl 3-cyclohexylpropionate,
G00131,estandar-ifra,IFRA_STD_003,Allyl phenoxyacetate,
G00132,estandar-ifra,IFRA_STD_213,"alpha,2,2,3-Tetramethylcyclopent-3-ene-1-butyraldehyde",
G00133,estandar-ifra,IFRA_STD_239,alpha-Amylcinnamicaldehyde diethyl acetal,
G00134,estandar-ifra,IFRA_STD_240,alpha-Amylcinnamicaldehyde dimethyl acetal,
G00135,estandar-ifra,IFRA_STD_012,alpha-Butylcinnamaldehyde,
G00136,estandar-ifra,IFRA_STD_241,alpha-Cyclohexylidene benzeneacetonitrile,
G00137,estandar-ifra,IFRA_STD_060,alpha-Methyl cinnamic aldehyde,
G00138,estandar-ifra,IFRA_STD_242,5-Hexen-1-yl 2-methylbutanoate,
G00139,estandar-ifra,IFRA_STD_019,Cinnamic aldehyde dimethyl acetal,
G00140,estandar-ifra,IFRA_STD_020,Cinnamyl nitrile,
G00141,estandar-ifra,IFRA_STD_244,cis-3-Heptenyl acetate,
G00142,estandar-ifra,IFRA_STD_245,cis-3-Hexenyl isovalerate,
G00143,estandar-ifra,IFRA_STD_246,cis-3-Hexenyl methyl carbonate,
G00144,estandar-ifra,IFRA_STD_247,cis-3-Nonenyl acetate,
G00145,estandar-ifra,IFRA_STD_249,Cyclohexadecanone,
G00146,estandar-ifra,IFRA_STD_210,"Cyclohexanemethanol, 2,4-dimethyl-",
G00147,estandar-ifra,IFRA_STD_262,Carvomenthone,
G00148,estandar-ifra,IFRA_STD_027,Dibenzyl ether,
G00149,estandar-ifra,IFRA_STD_252,(Ethoxymethoxy)-cyclododecane,
G00150,estandar-ifra,IFRA_STD_254,Isobutyl cinnamate,
G00151,estandar-ifra,IFRA_STD_214,Isobutyl N-methylanthranylate,
G00152,estandar-ifra,IFRA_STD_255,Isoeugenyl acetate,
G00153,estandar-ifra,IFRA_STD_015,p-tert-Butyl-α-methylhydrocinnamic aldehyde (p-BMHCA),
G00154,estandar-ifra,IFRA_STD_053,Menthadiene-7-methyl formate,
G00155,estandar-ifra,IFRA_STD_056,Methoxy dicyclopentadiene carboxaldehyde,
G00156,estandar-ifra,IFRA_STD_265,Methoxycyclododecane,
G00157,estandar-ifra,IFRA_STD_064,Methyl octine carbonate,
G00158,estandar-ifra,IFRA_STD_062,Methyl heptine carbonate,
G00159,estandar-ifra,IFRA_STD_256,4-Methyl-1-propan-2-ylbicyclo[2.2.2]oct-2-ene-8-carboxylate,
G00160,estandar-ifra,IFRA_STD_095,Methyl beta-naphthyl ketone,
G00161,estandar-ifra,IFRA_STD_257,Methyl vanillyl ether,
G00162,estandar-ifra,IFRA_STD_218,Mintlactone,
G00163,estandar-ifra,IFRA_STD_189,Musk ketone,
G00164,estandar-ifra,IFRA_STD_258,Myraldyl acetate,
G00165,estandar-ifra,IFRA_STD_185,Nootkatone,
G00166,estandar-ifra,IFRA_STD_261,Phenoxyacetaldehyde,
G00167,estandar-ifra,IFRA_STD_073,Phenylacetaldehyde,
G00168,estandar-ifra,IFRA_STD_045,p-Isobutyl-alpha-methyl hydrocinnamaldehyde,
G00169,estandar-ifra,IFRA_STD_215,p-Methyltetrahydroquinoline,
G00170,estandar-ifra,IFRA_STD_263,4-tert-Butylcyclohexanone,
G00171,estandar-ifra,IFRA_STD_014,p-tert-Butyldihydrocinnamaldehyde,
G00172,estandar-ifra,IFRA_STD_081,"o,m,p-Tolualdehydes and their mixtures",
G00173,estandar-ifra,IFRA_STD_193,p-Tolyl alcohol,
G00174,estandar-ifra,IFRA_STD_183,Sclareol,
G00175,estandar-ifra,IFRA_STD_002,Acetylated Vetiver oil,
G00176,estandar-ifra,IFRA_STD_137,Esters of 2-Nonynoic acid (except Methyl octine carbonate),
G00177,estandar-ifra,IFRA_STD_117,Bromostyrene,
G00178,estandar-ifra,IFRA_STD_174,Phenyl acetone,
G00179,estandar-ifra,IFRA_STD_159,α-Methyl anisylidene acetone,
G00180,estandar-ifra,IFRA_STD_138,Esters of 2-Octynoic acid (except Methyl heptine carbonate),
G00181,estandar-ifra,IFRA_STD_182,Toluene,
G00182,estandar-ifra,IFRA_STD_141,Ethylene glycol monomethyl ether and its acetate,
G00183,estandar-ifra,IFRA_STD_140,Ethylene glycol monoethyl ether and its acetate,
G00184,estandar-ifra,IFRA_STD_147,"2,4-Hexadien-1-ol",
G00185,estandar-ifra,IFRA_STD_177,Pseudo methylionones,
G00186,estandar-ifra,IFRA_STD_167,Musk moskene,
G00187,estandar-ifra,IFRA_STD_135,Diphenylamine,
G00188,estandar-ifra,IFRA_STD_113,Benzylidene acetone,
G00189,estandar-ifra,IFRA_STD_072,"1-(2,4,4,5,5-Pentamethyl-1-cyclopenten-1-yl)ethan-1-one",
G00190,estandar-ifra,IFRA_STD_129,"2,4-Dienals",
G00191,estandar-ifra,IFRA_STD_151,"Hydroabietyl alcohol, Dihydroabietyl alcohol",
G00192,estandar-ifra,IFRA_STD_104,Acetyl isovaleryl,
G00193,estandar-ifra,IFRA_STD_139,Ethyl acrylate,
G00194,estandar-ifra,IFRA_STD_130,Diethyl maleate,
G00195,estandar-ifra,IFRA_STD_176,Pseudoionone,
G00196,estandar-ifra,IFRA_STD_169,Musk tibetene,
G00197,estandar-ifra,IFRA_STD_153,Hydroquinone monomethyl ether,
G00198,estandar-ifra,IFRA_STD_132,"4,6-Dimethyl-8-tert-butylcoumarin",
G00199,estandar-ifra,IFRA_STD_150,trans-2-Hexenal dimethyl acetal,
G00200,estandar-ifra,IFRA_STD_136,"2,4-Dodecadien-1-ol, (2E, 4E)",
G00201,estandar-ifra,IFRA_STD_146,trans-2-Heptenal,
G00202,estandar-ifra,IFRA_STD_216,"1,2,3,4-Tetrahydro-4-methylquinoline",
G00203,estandar-ifra,IFRA_STD_161,7-Methylcoumarin,
G00204,estandar-ifra,IFRA_STD_108,Amylcyclopentenone,
G00205,estandar-ifra,IFRA_STD_172,2-Pentylidene cyclohexanone,
G00206,estandar-ifra,IFRA_STD_145,Geranyl nitrile,
G00207,estandar-ifra,IFRA_STD_120,Carvone oxide,
G00208,estandar-ifra,IFRA_STD_155,6-Isopropyl-2-decalol,
G00209,estandar-ifra,IFRA_STD_128,"2,2-Dichloro-1-methylcyclopropylbenzene",
G00210,estandar-ifra,IFRA_STD_133,"3,7-Dimethyl-2-octen-1-ol",
G00211,estandar-ifra,IFRA_STD_203,"3,7-Dimethyl-2,6-nonadien-1-al",
G00212,estandar-ifra,IFRA_STD_122,Cinnamylidene acetone,
G00213,estandar-ifra,IFRA_STD_125,Cyclamen alcohol,
G00214,estandar-ifra,IFRA_STD_157,Massoia lactone,
G00215,estandar-ifra,IFRA_STD_166,3-Methyl-2(3)-nonenenitrile,
G00216,estandar-ifra,IFRA_STD_164,p-Methylhydrocinnamic aldehyde,
G00217,estandar-ifra,IFRA_STD_107,Allyl isothiocyanate,
G00218,estandar-ifra,IFRA_STD_134,Dimethyl citraconate,
G00219,estandar-ifra,IFRA_STD_152,Hydroquinone monoethyl ether,
G00220,estandar-ifra,IFRA_STD_127,Musk KS,
G00221,estandar-ifra,IFRA_STD_144,Furfurylidene acetone,
G00222,estandar-ifra,IFRA_STD_162,Methyl crotonate,
G00223,estandar-ifra,IFRA_STD_253,"6-Hydroxy-2,6-dimethylheptanal",
G00224,estandar-ifra,IFRA_STD_131,"2,4-Dihydroxy-3-methylbenzaldehyde",
G00225,estandar-ifra,IFRA_STD_126,Musk alpha,
G00226,estandar-ifra,IFRA_STD_149,trans-2-Hexenal diethyl acetal,
G00227,estandar-ifra,IFRA_STD_080,Treemoss extracts,
G00228,estandar-ifra,IFRA_STD_148,Hexahydrocoumarin,
G00229,estandar-ifra,IFRA_STD_111,Benzene,
G00230,estandar-ifra,IFRA_STD_106,Allyl heptine carbonate,
G00231,estandar-ifra,IFRA_STD_116,"3-Bromo-1,7,7-trimethylbicyclo[2.2.1]heptane-2-one",
G00232,estandar-ifra,IFRA_STD_165,Methyl methacrylate,
G00233,estandar-ifra,IFRA_STD_123,Colophony,
G00234,estandar-ifra,IFRA_STD_170,Musk xylene,
G00235,estandar-ifra,IFRA_STD_168,Musk ambrette,
G00236,estandar-ifra,IFRA_STD_163,4-Methyl-7-ethoxycoumarin,
G00237,estandar-ifra,IFRA_STD_103,Acetyl ethyl tetramethyl tetralin (AETT),
G00238,estandar-ifra,IFRA_STD_070,Opoponax,
G00239,estandar-ifra,IFRA_STD_178,Quinoline,
G00240,estandar-ifra,IFRA_STD_160,6-Methylcoumarin,
G00241,estandar-ifra,IFRA_STD_175,Phenyl benzoate,
G00242,estandar-ifra,IFRA_STD_109,Anisylidene acetone,
G00243,estandar-ifra,IFRA_STD_143,Furfuryl alcohol,
G00244,estandar-ifra,IFRA_STD_118,p-tert-Butylphenol,
G00245,estandar-ifra,IFRA_STD_171,Nitrobenzene,
G00246,estandar-ifra,IFRA_STD_091,Grapefruit oil expressed,
G00247,estandar-ifra,IFRA_STD_049,Jasmine absolute (grandiflorum),
G00248,estandar-ifra,IFRA_STD_050,Jasmine absolute (sambac),
G00249,estandar-ifra,IFRA_STD_093,Lime oil expressed,
G00250,estandar-ifra,IFRA_STD_088,Bitter orange peel oil expressed,
