producto,tipo,detalle,evidencia,recomendacion,respuesta
Absoluto de Tabaco,v1-correspondencia,"fig:2982 Tobacco leaf absolute [absolute, sin-dato] | fig:2980 Tobacco extract [extract, sin-dato] | fig:2984 Tobacco oleoresin [oleoresin, sin-dato]",,v1:fig:2982,v1:fig:2982
Absoluto de Tabaco,documento-otro-proveedor,8TH08212 PerfumersWorld: IFRA conformity certificate — Tobacco Absolute (8TH08212) [revisado],,traer,traer
Absoluto de Tabaco,forma,"página [red]: «Absoluto de tabaco 10% DPG - OLFATORIUM» — Fuerte, intenso, oscuro, terroso, musgo, ahumado y muy potente. || propongo Nicotiana tabacum / hoja / absoluto (extracción con disolvente) / : el título de la tienda dice «Absoluto de tabaco»; la especie es la del tabaco comercial. Sin anexo IFRA para este CAS [conocimiento general, sin verificar; título de la tienda]; sin anexo IFRA (constituyentes desconocidos)",,Nicotiana tabacum|hoja|absoluto (extracción con disolvente)|,confirmar
Bergamota sin bergaptenos,ifra-distinto,"v1 (ninguno); índice (ninguno); familia, por el nombre: aceites cítricos: furocumarinas, bergapteno total (STD 089) → IFRA_STD_089 «Citrus oils and other furocoumarins containing essential oils»: 5-MOP (el índice no lista su CAS: la familia le aplica por el nombre)",,familia,familia
Bergamota sin bergaptenos,documento-otro-proveedor,"7CL24020 PerfumersWorld: IFRA conformity certificate — Bergamot FCF oil Sicilian (7CL24020) [revisado] | E1004 Opella AB: MSDS Bergamot (FCF) essential oil, organic (E1004) [sin revisar] | EO003 SoapQueen Europe: Declaración de alérgenos EO003 (2024-10-18) [sin revisar]",,traer,traer
Bergamota sin bergaptenos,forma,"página [red]: «Bergamota sin bergaptenos - OLFATORIUM» — (sin descripción) || propongo Citrus bergamia / cáscara del fruto / expresión en frío, sin furocumarinas (FCF) / : el título dice «sin bergaptenos» (la FCF); la tienda no da descripción. El cuaderno dice que la FCF no aparece en el índice de IFRA y que la bergamota expresada sí [cuaderno: materias-primas/bergamota-sin-bergaptenos.md; conocimiento general, sin verificar]; sin anexo IFRA (constituyentes desconocidos)",,"Citrus bergamia|cáscara del fruto|expresión en frío, sin furocumarinas (FCF)|",confirmar
Cedro Atlas,v1-correspondencia,"fig:1357 Cedarwood oil, Atlas [oil, por-constituyentes] | fig:1353 Cedarwood extract, Atlas [extract, por-constituyentes] | fig:1358 Cedarwood oil, Atlas, rectified [oil, por-constituyentes]",,v1:fig:1357,v1:fig:1357
Cedro Atlas,ifra-distinto,"v1 (ninguno); índice (ninguno); familia, por el nombre: pináceas: índice de peróxidos (STD 184) → IFRA_STD_184 «Pinacea derivatives»: Essential oils (e.g. Turpentine oil) and isolates (e.g. delta-3-Carene) derived from the Pinacea family, including Pinus and Abies genera, should only (el índice no lista su CAS: la familia le aplica por el nombre)",,familia,familia
Cedro Atlas,forma,"página [red]: «Cedro Atlas - OLFATORIUM» — Cálido, amaderado, dulce, balsámico, ligeramente floral, rico, complejo. || propongo Cedrus atlantica / madera, tocones o aserrín / destilación al vapor / : aceite esencial de Cedrus atlantica por destilación al vapor, según el cuaderno; la descripción de la tienda solo habla del olor [cuaderno: materias-primas/cedro-atlas.md]; anexo IFRA: «Cedarwood oil, Atlas»",,"Cedrus atlantica|madera, tocones o aserrín|destilación al vapor|",confirmar
Cilantro,sin-fila-v1,en el registro y sin fila en la v1; CAS 84775-50-8; la clase no se sabe,,alta-sin-v1:84775-50-8,alta-sin-v1:84775-50-8
Cilantro,forma,"página [red]: «Cilantro (semillas) - OLFATORIUM» — Fresco, picante, amaderado, aromático, dulce, especiado. || propongo Coriandrum sativum / semilla / destilación al vapor / : el título dice «Cilantro (semillas)»; el cuaderno: aceite esencial, destilación al vapor de las semillas [cuaderno: materias-primas/cilantro.md; título de la tienda]; anexo IFRA: «Coriander seed oil»",,Coriandrum sativum|semilla|destilación al vapor|,confirmar
Limón,v1-correspondencia,"fig:2193 Lemon oil [oil, con-techo] | fig:2191 Lemon absolute folded (5X) [absolute, con-techo] | fig:2192 Lemon essence oil [oil, con-techo] | fig:2194 Lemon oil folded (10x) [oil, con-techo] | fig:2195 Lemon oil folded (5X) [oil, con-techo] | fig:2197 Lemon oil, distilled [oil, con-techo] | … 4 más",,v1:fig:2193,v1:fig:2193
Limón,ifra-distinto,"v1 IFRA_STD_092; índice IFRA_STD_092; familia, por el nombre: aceites cítricos: furocumarinas, bergapteno total (STD 089) → IFRA_STD_089 «Citrus oils and other furocoumarins containing essential oils»: 5-MOP (el índice no lista su CAS: la familia le aplica por el nombre)",,familia,indice
Limón,forma,"página [red]: «Limón - OLFATORIUM» — Cítrico, fresco, intenso, aldehidico, ligeramente picante. || propongo Citrus limon / cáscara del fruto / expresión en frío / : el cuaderno: aceite esencial expresado en frío de la cáscara «según la monografía»; la tienda solo describe el olor [cuaderno: materias-primas/limon.md]; anexo IFRA: «Lemon oil, expressed»",,Citrus limon|cáscara del fruto|expresión en frío|,confirmar
Litsea Cubeba,v1-correspondencia,"fig:2240 Litsea cubeba oil [oil, por-constituyentes] | fig:2241 Litsea cubeba oil, rectified [oil, por-constituyentes] | fig:2242 Litsea cubeba terpenes [terpenes, por-constituyentes]",,v1:fig:2240,v1:fig:2240
Litsea Cubeba,documento-otro-proveedor,7CC00280 PerfumersWorld: IFRA conformity certificate — Litsea Cubeba Essential Oil (7CC00280) [revisado],,traer,traer
Litsea Cubeba,forma,"página [red]: «Litsea Cubeba - OLFATORIUM» — Intenso, fresco, afrutado, cítrico, con toques amaderados y florales. || propongo Litsea cubeba / fruto / destilación al vapor / : el cuaderno: destilación al vapor de los frutos, el único cítrico del kit que no se obtiene por expresión «según la monografía» [cuaderno: materias-primas/litsea-cubeba.md]; anexo IFRA: «Litsea cubeba oil»",,Litsea cubeba|fruto|destilación al vapor|,confirmar
Mandarina,v1-correspondencia,"fig:2261 Mandarin oil [oil, por-constituyentes] | fig:2262 Mandarin oil [oil, por-constituyentes] | fig:2263 Mandarin oil folded [oil, por-constituyentes] | fig:2265 Mandarin oil, rectified [oil, por-constituyentes] | tl:mandarin-oil-extraction-of-distillation-water Mandarin oil (extraction of distillation water) [sin forma, sin-dato] | tl:mandarin-oil-furocoumarin-reduced Mandarin oil, furocoumarin reduced [oil, sin-dato]",,v1:fig:2261,v1:fig:2261
Mandarina,ifra-distinto,"v1 (ninguno); índice (ninguno); familia, por el nombre: aceites cítricos: furocumarinas, bergapteno total (STD 089) → IFRA_STD_089 «Citrus oils and other furocoumarins containing essential oils»: 5-MOP (el índice no lista su CAS: la familia le aplica por el nombre)",,familia,indice
Mandarina,documento-otro-proveedor,7CA00285 PerfumersWorld: IFRA conformity certificate — Mandarin Essential Oil (7CA00285) [revisado],,traer,traer
Mandarina,forma,"página [red]: «Mandarina - OLFATORIUM» — Suave, dulce, cítrico, cálido, con notas verdes, ligeramente ácido. || propongo Citrus reticulata / cáscara del fruto / expresión en frío / : el cuaderno da la especie, pero no el proceso; los cítricos del kit son expresados. El anexo tiene «Mandarin oil» y «Tangerine oil» para este CAS: propongo el primero por el nombre de la tienda [cuaderno: materias-primas/mandarina.md; conocimiento general, sin verificar]; anexo IFRA: «Mandarin oil»",,Citrus reticulata|cáscara del fruto|expresión en frío|,confirmar
Naranja dulce,v1-correspondencia,"fig:2551 Orange oil, sweet [oil, por-constituyentes] | fig:2554 Orange oil, sweet, rectified [oil, por-constituyentes] | fig:2557 Orange peel, sweet oil [oil, por-constituyentes] | fig:2559 Orange sweet oil folded [oil, por-constituyentes] | fig:2560 Orange sweet, Valencia oil [oil, por-constituyentes] | fig:2562 Orange, sweet, oil [oil, por-constituyentes] | … 4 más",,v1:fig:2551,v1:fig:2551
Naranja dulce,ifra-distinto,"v1 (ninguno); índice (ninguno); familia, por el nombre: aceites cítricos: furocumarinas, bergapteno total (STD 089) → IFRA_STD_089 «Citrus oils and other furocoumarins containing essential oils»: 5-MOP (el índice no lista su CAS: la familia le aplica por el nombre)",,familia,indice
Naranja dulce,forma,"página [red]: «Naranja (dulce) - OLFATORIUM» — Cítrico, fresco, afrutado, dulce. || propongo Citrus sinensis / cáscara del fruto / expresión en frío / : el cuaderno: expresado en frío de la cáscara, y da la especie como Citrus aurantium var. dulcis (sinónimo). El anexo solo tiene la variedad Valencia; la tienda no dice la variedad [cuaderno: materias-primas/naranja-dulce.md]; anexo IFRA: «Orange, sweet, Valencia oil»",,Citrus sinensis|cáscara del fruto|expresión en frío|,confirmar
Patchouli,v1-correspondencia,"fig:2599 Patchouli oil [oil, sin-dato] | fig:2593 Patchouli [sin forma, sin-estandar] | fig:2594 Patchouli [sin forma, sin-estandar] | fig:2595 Patchouli absolute [absolute, sin-dato] | fig:2597 Patchouli CO2 extract [extract, sin-dato] | fig:2598 Patchouli extract [extract, sin-dato] | … 4 más",,v1:fig:2599,v1:fig:2599
Patchouli,forma,"página [caché]: «Patchouli - OLFATORIUM» — Patchouli d’Indonesia, obtenido por destilación de arrastre de vapor, de las hojas. Olor amaderado, balsámico. || propongo Pogostemon cablin / hoja / destilación al vapor (hojas secas, con curado previo) / : la tienda: «obtenido por destilación de arrastre de vapor, de las hojas», de Indonesia; el cuaderno da la especie. El CAS no lo declara el proveedor: 8014-09-3 es el habitual, por confirmar, y solo se usa para buscar su fila de la v1. Sin anexo IFRA [página de la tienda; cuaderno: materias-primas/patchouli.md]; sin anexo IFRA (constituyentes desconocidos)",,"Pogostemon cablin|hoja|destilación al vapor (hojas secas, con curado previo)|",confirmar
Resinoide de benjuí,v1-correspondencia,"fig:1168 Benzoin resinoid, Siam [resinoid, por-constituyentes] | fig:1162 Benzoin CO2 extract, Siam [extract, sin-dato] | fig:1163 Benzoin extract, Siam [extract, sin-dato] | fig:1165 Benzoin gum, Siam [sin forma, sin-dato] | tl:benzoin-absolute-siam Benzoin absolute, Siam [absolute, sin-dato] | tl:benzoin-infusion-siam Benzoin infusion, Siam [tincture, sin-dato]",,v1:fig:1168,v1:fig:1168
Resinoide de benjuí,documento-otro-proveedor,2QV00050 PerfumersWorld: IFRA conformity certificate — Benzoin Siam Resinoid (2QV00050) [revisado],,traer,traer
Resinoide de benjuí,forma,"página [red]: «Benjui 50% DPG - OLFATORIUM» — Dulce, balsámico, vainilla, cálido, persistente, con ligeras notas lactónicas. Muy usado como fijador, aparte de por sus ricas cualidades olfativas. || propongo Styrax sp. (por confirmar: Siam o Sumatra) / resina / resinoide (extracción con disolvente) / : la tienda lo da como «Benjui 50% DPG» y el cuaderno como resinoide; ni una ni otro dicen la especie ni el origen. Sin anexo IFRA para este CAS. Es la propuesta más floja del lote [cuaderno: materias-primas/resinoide-benjui.md; conocimiento general, sin verificar]; sin anexo IFRA (constituyentes desconocidos)",,Styrax sp. (por confirmar: Siam o Sumatra)|resina|resinoide (extracción con disolvente)|,Styrax tonkinensis (Siam)|resina|resinoide (extracción con disolvente)|
Resinoide de estírax (estoraque),v1-correspondencia,"fig:2914 Styrax resinoid [resinoid, con-techo] | fig:2902 Styrax absolute (low sytrene) [absolute, con-techo] | fig:2903 Styrax absolute, Honduras [absolute, con-techo] | fig:2905 Styrax essence pyrogenated [sin forma, con-techo] | fig:2906 Styrax extract [extract, con-techo] | fig:2907 Styrax oil [oil, con-techo] | … 5 más",,v1:fig:2914,v1:fig:2914
Resinoide de estírax (estoraque),documento-otro-proveedor,W19840 Firmenich: Presence of EU Fragrance Allergens — STYRAX RES VULCAIN 983586 (22358488) [revisado],,traer,traer
Resinoide de estírax (estoraque),forma,"página [red]: «Resinoide de Estirax - OLFATORIUM» — El estirax realza composiciones con notas chipres y orientales y es muy buen fijador. Dulce, balsámico, ámbar, madera, especiado, animal, cuero || propongo Liquidambar sp. (por confirmar) / resina (bálsamo) / resinoide (extracción con disolvente) / : el cuaderno lo da como resinoide de estírax o estoraque; el anexo de IFRA lo trae como «Styrax resinoid» de Liquidambar. La tienda y el cuaderno no dicen la especie [cuaderno: materias-primas/resinoide-estyrax-estoraque.md; anexo de IFRA 51]; anexo IFRA: «Styrax resinoid»",,Liquidambar sp. (por confirmar)|resina (bálsamo)|resinoide (extracción con disolvente)|,Liquidambar sp.|resina (bálsamo)|resinoide (extracción con disolvente)|
Salvia Officinalis,v1-correspondencia,"fig:2838 Sage Dalmatian oil [oil, por-constituyentes] | fig:2839 Sage oil, Spanish [oil, por-constituyentes] | tl:sage-dalmatian-absolute Sage Dalmatian absolute [absolute, sin-dato] | tl:sage-dalmatian-oil-terpeneless Sage Dalmatian oil, terpeneless [oil, sin-dato] | ncs:sage-oleoresin Sage oleoresin [oleoresin, por-constituyentes]",,v1:fig:2838,v1:fig:2838
Salvia Officinalis,forma,"página [red]: «Salvia Officinalis - OLFATORIUM» — Intenso, fresco, cálido, herbal, y acanforado. || propongo Salvia officinalis / hoja / destilación al vapor / : el cuaderno: aceite esencial de salvia dálmata, Salvia officinalis, y no la esclarea; la parte y el proceso son los habituales [cuaderno: materias-primas/salvia-officinalis.md; conocimiento general, sin verificar]; anexo IFRA: «Sage Dalmatian oil»",,Salvia officinalis|hoja|destilación al vapor|,confirmar
Vetiver,v1-correspondencia,"fig:3083 Vetiver oil [oil, por-constituyentes] | fig:3081 Vetiver CO2 extract [extract, por-constituyentes] | fig:3082 Vetiver extract [extract, por-constituyentes] | fig:3086 Vetiver oil, JAVA (low Furfural) [oil, por-constituyentes] | fig:3087 Vetiver oil, rectified [oil, por-constituyentes] | tl:vetiver-absolute Vetiver absolute [absolute, sin-dato] | … 2 más",,v1:fig:3083,v1:fig:3083
Vetiver,documento-otro-proveedor,7WY00466 PerfumersWorld: IFRA conformity certificate — Vetiver Essential Oil (7WY00466) [revisado],,traer,traer
Vetiver,forma,"página [red]: «Vetiver Haití - OLFATORIUM» — Notas amaderadas, terrosas, ahumadas y polvorientas. Se puede utilizar en composición para realzar notas amaderadas y coriáceas. || propongo Chrysopogon zizanioides / raíz / destilación al vapor / : el cuaderno: Vetiveria zizanioides (sinónimo), destilación al vapor de las raíces; el título de la tienda dice Haití, que es el origen y no un quimiotipo [cuaderno: materias-primas/vetiver.md]; anexo IFRA: «Vetiver oil (all origins)»",,Chrysopogon zizanioides|raíz|destilación al vapor|,confirmar
