pagina,producto,cas
8,Ambretone,37609-25-9
9,Angelica Lactone alpha,591-12-8
10,Biocyclamol,51411-24-6
11,Biomuguet,194934-66-2
12,cis-Jasmone,488-10-8
13,Citral Extra,5392-40-5
14,l-Citronellol,7540-51-4
15,l-Citronellyl Acetate,67601-05-2
16,Cyclohexyl Lactone,4430-31-3
17,Cypressan,67874-72-0
18,Dextramber,70788-30-6
19,Dihydro beta Ionone,17283-81-7
20,l-Dihydro Citronellol,68680-98-8
21,Dimethyl Dioxolan,6290-17-1
22,Florantone T,774-55-0
23,Geraniol Extra,106-24-1
24,Geranyl Acetate,105-87-3
25,Hedirosa,40596-76-7
26,Hindinol,28219-60-5
27,Humus Ether,28462-85-3
28,Ionone alpha,127-41-3
29,Jasmodione,24851-98-7
30,l-Laurinal,107-75-5
31,Levocitrile,35931-93-2
32,l-Limonene - 80,5989-54-8
33,Lorexan,5182-36-5
34,Matsutake Acetate,2442-10-6
35,Matsutakeol,3391-86-4
36,l-Menthol,89-78-1
37,Menthone Natural,89-80-5
38,Menthone Synthetic,89-80-5
39,l-Menthyl Acetate,2623-23-6
40,Methyl Dioxolan,6413-10-1
41,Methyl Ionone alpha,127-42-4
42,Methyl Ionone gamma EQ,127-51-5
43,l-Muscone,541-91-3
44,Musk T,105-95-3
45,Nerol Extra,106-25-2
46,Neryl Acetate,141-12-8
47,Nopol T,128-50-7
48,Nopyl Acetate,128-51-8
49,naphthyl)ethan-1-one (and isomers),54464-57-2
50,Phellandrene,99-83-2
51,Pinene alpha,80-56-8
52,Pinene beta,18172-67-3
53,Piperitone 95,89-81-6
54,Polyambrol,17283-81-7
55,Sakura Salicylate,79915-74-5
56,Sauvignone 100,851768-51-9
57,Terpinen-4-ol Natural,562-74-3
58,Terpinolene,586-62-9
59,Thesaron,246872-25-3
60,Trepanol,13019-22-2
61,Violet T,87731-18-8
