cas,nombre_comercial,sigla,otros_nombres,casa,fuente_url,confianza,nota
121251-68-1,Spirambrene,,,Givaudan,https://www.givaudan.com/fragrance-beauty/fragrance-ingredients-business/fragrance-molecules/spirambrene,alta,"La ficha oficial de Givaudan da dos CAS de isómero para Spirambrene: 121251-67-0 (ya en b-uso-del-sector.csv) y este, 121251-68-1."
154171-77-4,Ysamber K,,,Symrise,https://www.scentspiracy.com/fragrance-ingredients/p/ysamber-k,media,"Ysamber K de Symrise cubre dos CAS de isómero: 154171-76-3 (ya en b-uso-del-sector.csv) y este, 154171-77-4. Fuente es un distribuidor/ficha técnica, no la propia Symrise."
224031-71-4,Spirogalbanone,,,Givaudan,https://www.parchem.com/chemical-supplier-distributor/spirogalbanone-givaudan-167344,media,"El CAS 224031-70-3 ya está en con-nombre.txt como ""Spirogalbanone"" (media, PubChem). Este CAS (224031-71-4) es el otro isómero de posición del doble enlace de la misma mezcla comercial Spirogalbanone de Givaudan (56%/40% según The Good Scents Company)."
929625-08-1,Ambermax,,,Givaudan,https://www.givaudan.com/fragrance-beauty/fragrance-ingredients-business/fragrance-molecules/ambermaxtm-50dowanol-tpm,alta,"Ficha oficial de Givaudan (""Ambermax™ 50%/Dowanol TPM""); da varios CAS porque el producto vendido es una disolución al 50% en Dowanol TPM (25498-49-1) con otro isómero (1001252-30-7). El CAS pedido, 929625-08-1, es el de la molécula activa."
68433-81-8,Tricyclone,,,,https://www.thegoodscentscompany.com/data/rw1612521.html,media,"The Good Scents Company empareja este CAS con el nombre ""tricyclone""; no se identificó una casa concreta como dueña del nombre."
68738-96-5,Ivy carbaldehyde,,,,http://www.thegoodscentscompany.com/data/rw1013971.html,baja,"Es más un nombre descriptivo de uso del sector (huele a hiedra) que una marca; The Good Scents Company lo empareja con este CAS exacto, sin atribuir casa."
68901-32-6,Glycolierral,,,Givaudan,https://givaudan.com/fragrance-beauty/eindex/glycolierral,alta,"Ficha oficial de Givaudan: dos CAS de isómero para Glycolierral, este y 94087-23-7."
94087-23-7,Glycolierral,,,Givaudan,https://givaudan.com/fragrance-beauty/eindex/glycolierral,alta,"Ficha oficial de Givaudan: dos CAS de isómero para Glycolierral, este y 68901-32-6."
67634-00-8,Allyl amyl glycolate,,,,https://www.sigmaaldrich.com/US/en/product/combiblocksinc/com448656354?context=bbe,media,"Así lo venden los distribuidores (Sigma-Aldrich, Parchem), junto a este CAS; el nombre químico es Allyl (3-methylbutoxy)acetate. Faltaba en F-001: no salía al buscarlo por su nombre de uso."
