producto,tienda,pagina,dilucion_pct,diluyente,fabricante,documento,notas
Oakmoss Absolute 50% (IPM),Perfumiarz,oakmoss-absolute,50,IPM,,,
Auranone,Perfumiarz,auranone_,,,,,
"3,4-Xylenol 10% (IPM)",Perfumiarz,3-4-xylenol-10-ipm,10,IPM,,,
Black Agar 296985,Perfumiarz,black-agar-296985,,,,,
Castoreum Synthetic,Perfumiarz,castoreum-synthetic,,,,,
Black Pepper Absolute,Perfumiarz,black-pepper-absolute,,,,,
Aldambre,Perfumiarz,aldambre,25–50,DPG,Ventós,,"según la ficha de seguridad oficial de Ventós, el fabricante (aportada por el usuario el 2026-10-02): oxaciclotridecan-2-ona (947-05-7) al 25–50 % en DPG; la tienda la enlaza como SDS_ALDAMBRE_SYNAROME; dos tamaños (5 g y 10 g)"
Aldehyde C11 MOA,Perfumiarz,aldehyde-c11-moa,,,,symrise-aldehyde-c11-moa-656012-ifra51.pdf,certificado aportado por el usuario (2026-10-02)
Maritima,Perfumiarz,maritima,,,,,
Styrallyl Acetate,Perfumiarz,styrallyl-acetate,,,,,
Geranyl Acetate Pure,Perfumiarz,geranyl-acetate-pure,,,,,
Cedramber,Perfumiarz,cedramber,,,,,
Heliotropine 25% DPG,Perfumiarz,heliotropine-25-dpg,25,DPG,,,"la ficha de seguridad que enlaza la tienda es de HELIOTROPIN 50% DPG (PCW), no del 25 %"
Cassis Base 345 B,Perfumiarz,cassis-base-345-b,,,,,
Prismantol 50% (DPG),Perfumiarz,prismantol-50-dpg,50,DPG,,,
Calone (powder),Perfumiarz,calone,,,,,el certificado que enlaza la tienda es de BRAN ABS LMR (IFF): pedir el del Calone
Ambrinol S,Perfumiarz,ambrinol-s,,,,,
Methyl Cinnamate 50%,Perfumiarz,methyl-cinnamate,50,,,,diluyente sin decir en la tienda
Cyclosia (Hydroxycitronellal),Perfumiarz,cyclosia,,,,,
Ionone beta,Perfumiarz,ionone-beta,,,,,
Ambrettolide,Perfumiarz,ambrettolide,,,,,
Eucalyptol Natural,Perfumiarz,eucalyptol-natural,,,,,
Cis-3-hexenol,Perfumiarz,cis-3-hexenol,,,,,
Geosmin 1% in DPG,Perfumiarz,geosmin-1-dpg,1,DPG,,,
Linalyl Acetate,Perfumiarz,linalyl-acetate,,,,,
Helional,Perfumiarz,helional,,,,,
Habanolide,Perfumiarz,habanolide,,,,firmenich-habanolide-947303-ifra51.pdf,certificado aportado por el usuario (2026-10-02)
Kephalis,Perfumiarz,kephalis,,,,,
Tolu Balsam Resinoide,Perfumiarz,tolu-balsam-resinoide,,,,,
Benzoin Siam Resinoid (IFF),Perfumiarz,benzoin-siam-resinoid-iff,,,,,
Terpinyl Acetate,Perfumiarz,terpinyl-acetate,,,,,
2-hydroxybenzaldehyde 10% (IPM),Perfumiarz,2-hydroxybenzaldehyde,10,IPM,,,
Absoluto de Castoreum 20%,Maese Lab,absoluto-de-castoreum-20,20,alcohol,,,el castóreo natural que usa hoy
Ambermor IFF,Maese Lab,ambermor-iff,,,IFF,,Maese Lab lo da con los CAS 3738-00-9 y 6790-58-5 (ambroxano) y la fórmula C16H28O
Aceite de cade (enebro),Maese Lab,aceite-esencial-de-enebro-cade-100-natural,,,,,del cuaderno del laboratorio (materias-primas/aceite-de-cade-enebro.md); CAS 90046-02-9 / 8013-10-3
Acetato de bencilo,Maese Lab,acetato-bencilo,,,,,del cuaderno del laboratorio (materias-primas/acetato-de-bencilo.md); CAS 140-11-4
Aldehído alfa-amil cinámico,Maese Lab,,,,,,del cuaderno del laboratorio (materias-primas/aldehido-alfa-amil-cinamico.md); CAS dilucion: 100 % (puro); sin página de Maese Lab en la caché
Aldehído C14 (gamma-undecalactona),Maese Lab,aldehyde-c14,,,,,del cuaderno del laboratorio (materias-primas/aldehido-c14-gamma-undecalactona.md); CAS 104-67-6
Aldehído C18 (gamma-nonalactona),Maese Lab,aldehyde-c18,,,,,del cuaderno del laboratorio (materias-primas/aldehido-c18-gamma-nonalactona.md); CAS 104-61-0
"Ámbar gris, tintura comercial (purificado)",Maese Lab,,,,,,del cuaderno del laboratorio (materias-primas/ambar-gris-tintura.md); CAS 84836-94-2; sin página de Maese Lab en la caché
Cashmeran,Maese Lab,cashmeran,50,DPG,,,del cuaderno del laboratorio (materias-primas/cashmeran.md); CAS 33704-61-9
Cumarina natural,Maese Lab,cumarina-natural-cristalizada-fraccion,,,,,del cuaderno del laboratorio (materias-primas/cumarina-natural.md); CAS 91-64-5
Dartanol,Maese Lab,dartanol,,,,,del cuaderno del laboratorio (materias-primas/dartanol.md); CAS 28219-61-6
Diphenyl Oxide,Maese Lab,diphenyl-oxide,,,,,del cuaderno del laboratorio (materias-primas/diphenyl-oxide.md); CAS 101-84-8
Ebanol,Maese Lab,ebanol,,,,,del cuaderno del laboratorio (materias-primas/ebanol.md); CAS 67801-20-1
Esencia de trufa,Maese Lab,,,,,,"del cuaderno del laboratorio (materias-primas/esencia-de-trufa.md); CAS dilucion: 100 %, concentrado (esencia co; sin página de Maese Lab en la caché"
Etil-4-fenol,Maese Lab,etil-4-fenol-aroma-chemicals,,,,,del cuaderno del laboratorio (materias-primas/etil-4-fenol.md); CAS 123-07-9
Eugenol 98%,Maese Lab,eugenol-98,,,,,del cuaderno del laboratorio (materias-primas/eugenol-98.md); CAS 97-53-0
Florosa,Maese Lab,florosa-aroma-chemicals,,,,,del cuaderno del laboratorio (materias-primas/florosa.md); CAS 63500-71-0
Geraniol 98%,Maese Lab,geraniol-98-nat,,,,,del cuaderno del laboratorio (materias-primas/geraniol-98.md); CAS 106-24-1
"Haba tonka (semillas), tintura comercial",Maese Lab,,,,,,del cuaderno del laboratorio (materias-primas/haba-tonka-tintura.md); CAS 90028-06-1; sin página de Maese Lab en la caché
Isobutilquinoleína (IBQ),Maese Lab,isobutilquinoleina-40-dpg,40,DPG,,,del cuaderno del laboratorio (materias-primas/isobutil-quinoleina-ibq.md); CAS 65442-31-1
Láudano de jara,Maese Lab,abs-cistus-jara-al-10-en-alcohol-labdanum-en-dilucion,,,,,del cuaderno del laboratorio (materias-primas/laudano-de-jara.md); CAS 89997-74-0
Metil ionona gamma,Maese Lab,methyl-ionone-gamma,,,,,del cuaderno del laboratorio (materias-primas/metil-ionona-gamma.md); CAS 127-51-5
Safraleine,Maese Lab,safraleine,,,,,del cuaderno del laboratorio (materias-primas/safraleine.md); CAS 54440-17-4
Vainillina,Maese Lab,vainillina-o-vainillin,,,,,del cuaderno del laboratorio (materias-primas/vainillina.md); CAS 121-33-5
Absoluto de Tabaco,Olfatorium,absoluto-de-tabaco,10,DPG,,,kit de iniciación; del cuaderno del laboratorio (materias-primas/absoluto-de-tabaco.md); CAS 8037-19-2
Alcohol Feniletílico,Olfatorium,alcohol-feniletilico,,,,,kit de iniciación; del cuaderno del laboratorio (materias-primas/alcohol-feniletilico.md); CAS 60-12-8
Allyl Amyl Glycolate,Olfatorium,allyl-amyl-glycolate,10,DPG,,,kit de iniciación; del cuaderno del laboratorio (materias-primas/allyl-amyl-glycolate.md); CAS 67634-00-8
Bergamota sin bergaptenos,Olfatorium,bergamota-sin-bergaptenos,,,,,kit de iniciación; del cuaderno del laboratorio (materias-primas/bergamota-sin-bergaptenos.md); CAS 68648-33-9
Cedro Atlas,Olfatorium,cedro-atlas,,,,,kit de iniciación; del cuaderno del laboratorio (materias-primas/cedro-atlas.md); CAS 8023-85-6
Cilantro,Olfatorium,cilantro-semillas,,,,,kit de iniciación; del cuaderno del laboratorio (materias-primas/cilantro.md); CAS 84775-50-8
Dihydromyrcenol,Olfatorium,dihydromircenol,10,DPG,,,kit de iniciación; del cuaderno del laboratorio (materias-primas/dihydromyrcenol.md); CAS 18479-58-8
Ethyl Maltol,Olfatorium,ethyl-maltol,,,,,kit de iniciación; del cuaderno del laboratorio (materias-primas/ethyl-maltol.md); CAS 4940-11-8
Ethylene Brassylate,Olfatorium,ethylene-brassylate,50,DPG,,,kit de iniciación; del cuaderno del laboratorio (materias-primas/ethylene-brassylate.md); CAS 105-95-3
Galaxolide,Olfatorium,astrolide,50,DPG,,,kit de iniciación; del cuaderno del laboratorio (materias-primas/galaxolide.md); CAS 1222-05-5
Hedione,Olfatorium,hedione,,,,,kit de iniciación; del cuaderno del laboratorio (materias-primas/hedione.md); CAS 24851-98-7
Ionona Alpha,Olfatorium,ionone-alpha,10,alcohol,,,kit de iniciación; del cuaderno del laboratorio (materias-primas/ionona-alpha.md); CAS 127-41-3
Iso E Super,Olfatorium,iso-e-super,,,,,kit de iniciación; del cuaderno del laboratorio (materias-primas/iso-e-super.md); CAS 54464-57-2 / 68155-66-8 / 68155-67-9
Lavanda,Olfatorium,absoluto-de-lavanda,,,,,kit de iniciación; del cuaderno del laboratorio (materias-primas/lavanda.md); CAS 8000-28-0 / 90063-37-9
Limón,Olfatorium,limon,,,,,kit de iniciación; del cuaderno del laboratorio (materias-primas/limon.md); CAS 8008-56-8
Linalol,Olfatorium,linalol,50,DPG,,,kit de iniciación; del cuaderno del laboratorio (materias-primas/linalol.md); CAS 78-70-6
Litsea Cubeba,Olfatorium,litsea-cubeba,,,,,kit de iniciación; del cuaderno del laboratorio (materias-primas/litsea-cubeba.md); CAS 68855-99-2 / 90063-59-5
Mandarina,Olfatorium,mandarina,,,,,kit de iniciación; del cuaderno del laboratorio (materias-primas/mandarina.md); CAS 8008-31-9 / 84929-38-4
Mayol,Olfatorium,mayol,,,,,kit de iniciación; del cuaderno del laboratorio (materias-primas/mayol.md); CAS 13828-37-0
Methyl Pamplemousse,Olfatorium,methyl-pamplemousse,10,DPG,,,kit de iniciación; del cuaderno del laboratorio (materias-primas/methyl-pamplemousse.md); CAS 67674-46-8
Naranja dulce,Olfatorium,naranja-dulce,,,,,kit de iniciación; del cuaderno del laboratorio (materias-primas/naranja-dulce.md); CAS 8008-57-9 / 8028-48-6
Patchouli,Olfatorium,,10,DPG,,,kit de iniciación; del cuaderno del laboratorio (materias-primas/patchouli.md); CAS por confirmar (proveedor no lo declara; ; sin página de Olfatorium en la caché
Polysantol,Olfatorium,polysantol,10,DPG,,,kit de iniciación; del cuaderno del laboratorio (materias-primas/polysantol.md); CAS 107898-54-4
Resinoide de benjuí,Olfatorium,benjui-50-dpg,50,DPG,,,kit de iniciación; del cuaderno del laboratorio (materias-primas/resinoide-benjui.md); CAS 9000-72-0
Resinoide de estírax (estoraque),Olfatorium,resinoide-de-estirax,10,DPG,,,kit de iniciación; del cuaderno del laboratorio (materias-primas/resinoide-estyrax-estoraque.md); CAS 8046-19-3
Salvia Officinalis,Olfatorium,salvia,,,,,kit de iniciación; del cuaderno del laboratorio (materias-primas/salvia-officinalis.md); CAS 8022-56-8
Sandalmysore Core,Olfatorium,sandalmysore-core,50,DPG,,,kit de iniciación; del cuaderno del laboratorio (materias-primas/sandalmysore-core.md); CAS 28219-60-5
Stemone,Olfatorium,stemone,10,DPG,,,kit de iniciación; del cuaderno del laboratorio (materias-primas/stemone.md); CAS 22457-23-4
Vertenex (PTBCHA),Olfatorium,ptbcha-aka-vertenex,,,,,kit de iniciación; del cuaderno del laboratorio (materias-primas/vertenex-ptbcha.md); CAS 32210-23-4
Vetiver,Olfatorium,vetiver-haiti,10,DPG,,,kit de iniciación; del cuaderno del laboratorio (materias-primas/vetiver.md); CAS 8016-96-4
