producto,sustancia,cas,cas_todos,pct,cota
prod:iff-00133097,Oakmoss Extracts,68917-10-2,68917-10-2 90028-68-5,100,
prod:iff-00133097,Atranol,526-37-4,526-37-4,0.1,sí
prod:iff-00133097,Chloratranol,57074-21-2,57074-21-2,0.1,sí
prod:firmenich-296985,Acetyltetramethyloctaline,54464-57-2,54464-57-2,9.9,
prod:firmenich-296985,Benzaldehyde,100-52-7,100-52-7,0.0002,
prod:firmenich-296985,Benzyl Alcohol,100-51-6,100-51-6,0.0021,
prod:firmenich-296985,Benzyl Cinnamate,103-41-3,103-41-3,0.4998,
prod:firmenich-296985,Carvone,99-49-0,99-49-0,0.0017,
prod:firmenich-296985,Citronellol,106-22-9,106-22-9,0.0002,
prod:firmenich-296985,Creosol,93-51-6,93-51-6,0.02,
prod:firmenich-296985,Estragole,140-67-0,140-67-0,0.0001,
prod:firmenich-296985,Eugenol,97-53-0,97-53-0,0.0117,
prod:firmenich-296985,Farnesol,4602-84-0,4602-84-0,0.0025,
prod:firmenich-296985,Furfural,98-01-1,98-01-1,0.0005,
prod:firmenich-296985,Geraniol,106-24-1,106-24-1,0.0002,
prod:firmenich-296985,Isoeugenol,97-54-1,97-54-1,0.0014,
prod:firmenich-296985,Methyleugenol,93-15-2,93-15-2,0.0134,
prod:firmenich-296985,Trimethylcyclohexylhexanol,70788-30-6,70788-30-6,13.5,
prod:firmenich-184004,"6-Methyl-3,5-Heptadienone",1604-28-0,1604-28-0,0.0005,
prod:firmenich-184004,Anisyl Alcohol,105-13-5,105-13-5,0.0013,
prod:firmenich-184004,Benzaldehyde,100-52-7,100-52-7,0.0003,
prod:firmenich-184004,Benzyl Alcohol,100-51-6,100-51-6,0.0008,
prod:firmenich-184004,Benzyl Cinnamate,103-41-3,103-41-3,0.014,
prod:firmenich-184004,Bisabolol,515-69-5,515-69-5,0.0036,
prod:firmenich-184004,Carvone,99-49-0,99-49-0,0.0007,
prod:firmenich-184004,Cedrene,11028-42-5,11028-42-5,0.1635,
prod:firmenich-184004,Cinnamic Aldehyde,104-55-2,104-55-2,0.0003,
prod:firmenich-184004,Cinnamyl Alcohol,104-54-1,104-54-1,0.0351,
prod:firmenich-184004,Creosol,93-51-6,93-51-6,0.035,
prod:firmenich-184004,Eugenol,97-53-0,97-53-0,0.0017,
prod:firmenich-184004,Furfural,98-01-1,98-01-1,0.0004,
prod:firmenich-184004,Hexyl Salicylate,6259-76-3,6259-76-3,0.1,
prod:firmenich-184004,Isoeugenol,97-54-1,97-54-1,0.0004,
prod:firmenich-184004,Longifolene,475-20-7,475-20-7,0.0042,
prod:firmenich-184004,Methyleugenol,93-15-2,93-15-2,0.0004,
prod:firmenich-184004,P-Cresol,106-44-5,106-44-5,0.0015,
prod:firmenich-184004,P-Hydroxy-Benzylacetone,5471-51-2,5471-51-2,0.02,
prod:firmenich-184004,Thuyone,546-80-5,546-80-5,0.0025,
prod:firmenich-974644,Benzaldehyde,100-52-7,100-52-7,0.0001,
prod:firmenich-974644,Eugenol,97-53-0,97-53-0,0.0045,
prod:symrise-656012,Alpha-Hexyl Cinnamic Aldehyde,101-86-0,101-86-0,0.0046,
prod:firmenich-000345,Citral,5392-40-5,5392-40-5,0.0006,
prod:firmenich-000345,Citronellol,106-22-9,106-22-9,3,
prod:firmenich-000345,Dimethyl-Cyclohexene-Pentenone,56973-85-4,56973-85-4,0.1249,
prod:firmenich-000345,Dimethylcyclohex-3-Ene-1-Carbaldehyde,68737-61-1,68737-61-1,1.25,
prod:firmenich-000345,Estragole,140-67-0,140-67-0,0.0005,
prod:firmenich-000345,Geraniol,106-24-1,106-24-1,0.021,
prod:firmenich-937250,Hydroxycitronellal,107-75-5,107-75-5,95,
prod:firmenich-220951,Benzaldehyde,100-52-7,100-52-7,0.0342,
prod:firmenich-220951,Benzyl Alcohol,100-51-6,100-51-6,0.0634,
prod:firmenich-220951,Benzyl Benzoate,120-51-4,120-51-4,3.5964,
prod:firmenich-220951,Benzyl Cinnamate,103-41-3,103-41-3,3.5028,
prod:firmenich-220951,Benzyl Salicylate,118-58-1,118-58-1,0.0013,
prod:firmenich-220951,Cinnamic Aldehyde,104-55-2,104-55-2,0.0869,
prod:firmenich-220951,Cinnamyl Alcohol,104-54-1,104-54-1,0.0452,
prod:firmenich-220951,Coumarin,91-64-5,91-64-5,0.0035,
prod:firmenich-220951,Eugenol,97-53-0,97-53-0,0.0091,
prod:firmenich-220951,Farnesol,4602-84-0,4602-84-0,0.0041,
prod:firmenich-220951,Isoeugenol,97-54-1,97-54-1,0.01,
prod:firmenich-220951,Methyleugenol,93-15-2,93-15-2,0.0004,
prod:firmenich-220951,P-Cresol,106-44-5,106-44-5,0.009,
prod:firmenich-220951,Peru Balsam Oil,8007-00-9,8007-00-9,10,
prod:firmenich-902280,Longifolene,475-20-7,475-20-7,0.1,
