id,producto,fabricante,codigo,nombre_certificado,tienda,url,documento,cas,general,clase,tope_cat4_pct,tope_texto,sin_restringidas,dilucion_certificado_pct
prod:iff-00133097,Oakmoss Absolute 50% (IPM),IFF,00133097,MOUSSE CHENE ABS. IFRA 43,Perfumiarz,https://perfumiarz.com/products/oakmoss-absolute,H13197_IFRA_10-23.pdf,90028-68-5,cas:90028-68-5,molécula,,,,
prod:firmenich-296985,Black Agar 296985,Firmenich,296985,BLACK AGAR 296985,Perfumiarz,https://perfumiarz.com/products/black-agar-296985,W02033_IFRA_10-23.pdf,,,base o especialidad,9.6296,9.6296%,,
prod:firmenich-184004,Castoreum Synthetic,Firmenich,184004,CASTOREUM SYNTH 184004,Perfumiarz,https://perfumiarz.com/products/castoreum-synthetic,W03063_IFRA_10-23.pdf,,,base o especialidad,,NoRestriction,,
prod:firmenich-974644,Black Pepper Absolute,Firmenich,974644,PEPPER BLACK ABS PG 974644,Perfumiarz,https://perfumiarz.com/products/black-pepper-absolute,IFRA_Black_Pepper_Absolute.pdf,8006-82-4,fig:2622,natural,,NoRestriction,,
prod:symrise-656012,Aldehyde C11 MOA,Symrise,656012,,Perfumiarz,https://perfumiarz.com/products/aldehyde-c11-moa,symrise-aldehyde-c11-moa-656012-ifra51.pdf,19009-56-4,fig:507,molécula,2.5,"2,50%",,
prod:iff-00130494,Maritima,IFF,00130494,MARITIMA,Perfumiarz,https://perfumiarz.com/products/maritima,H13021_IFRA_09-23.pdf,38462-23-6,fig:770,molécula,,,sí,
prod:symrise-611357,Styrallyl Acetate,Symrise,611357,STYRALYL ACETATE,Perfumiarz,https://perfumiarz.com/products/styrallyl-acetate,E01110_IFRA_11-23.pdf,93-92-5,fig:1056,molécula,9.7,"9,70%",sí,
prod:iff-00072104,Geranyl Acetate Pure,IFF,00072104,GERANYL ACET PURE RNW,Perfumiarz,https://perfumiarz.com/products/geranyl-acetate-pure,H01122_IFRA_02-22.pdf,105-87-3,fig:1917,molécula,30,30.0%,,
prod:iff-00033386,Cedramber,IFF,00033386,CEDRAMBER®,Perfumiarz,https://perfumiarz.com/products/cedramber,H03100_IFRA_02-22.pdf,19870-74-7,fig:1378,molécula,30,30.0%,,
prod:firmenich-000345,Cassis Base 345 B,Firmenich,000345,CASSIS BASE 000345 B,Perfumiarz,https://perfumiarz.com/products/cassis-base-345-b,W03040_IFRA_10-23.pdf,,,base o especialidad,,NoRestriction,,
prod:symrise-690993,Ambrinol S,Symrise,690993,AMBRINOL S,Perfumiarz,https://perfumiarz.com/products/ambrinol-s,E01460_IFRA_11-23.pdf,41199-19-3,fig:135,molécula,0.0082,0.0082%,sí,
prod:symrise-660449,Methyl Cinnamate 50%,Symrise,660449,METHYL CINNAMATE,Perfumiarz,https://perfumiarz.com/products/methyl-cinnamate,E03130_IFRA_11-23.pdf,103-26-4,fig:2343,molécula,,,sí,
prod:firmenich-937250,Cyclosia (Hydroxycitronellal),Firmenich,937250,CYCLOSIA® 937250,Perfumiarz,https://perfumiarz.com/products/cyclosia,W03300_IFRA_10-23.pdf,107-75-5,fig:2021,molécula,2.2105,2.2105%,,
prod:givaudan-ionone-beta,Ionone beta,Givaudan,,IONONE BETA,Perfumiarz,https://perfumiarz.com/products/ionone-beta,5992503_IONONE_BETA_IFRA_51_Certificate_20231019.pdf,79-77-6,fig:54,molécula,,,sí,
prod:iff-00014200,Ambrettolide,IFF,00014200,AMBRETTOLIDE,Perfumiarz,https://perfumiarz.com/products/ambrettolide,H01388_IFRA_02-24.pdf,63286-42-0,tienda:63286-42-0,molécula,3.2,3.2%,sí,
prod:symrise-130301,Eucalyptol Natural,Symrise,130301,EUCALYPTOL NAT.,Perfumiarz,https://perfumiarz.com/products/eucalyptol-natural,E05046_IFRA_04-20_4ce340cc-3ade-4782-94f9-ee7441fb43ea.pdf,470-82-6,fig:1820,molécula,1.6,"1,60%",sí,
prod:pcw-cis3h-1,Cis-3-hexenol,PCW,CIS3H-1,CIS 3 HEXENOL,Perfumiarz,https://perfumiarz.com/products/cis-3-hexenol,CIS3H1N_IFRA51.pdf,928-96-1,fig:1427,molécula,,,sí,
prod:iff-00071044,Geosmin 1% in DPG,IFF,00071044,GEOSMIN NEAT,Perfumiarz,https://perfumiarz.com/products/geosmin-1-dpg,H07098_IFRA_01-25.pdf,23333-91-7,fig:2490,molécula,40,40.0%,sí,
prod:givaudan-kephalis,Kephalis,Givaudan,,KEPHALIS,Perfumiarz,https://perfumiarz.com/products/kephalis,6378003_KEPHALIS_IFRA_51_Certificate_20240830.pdf,36306-87-3,fig:604,molécula,,,sí,
prod:firmenich-220951,Tolu Balsam Resinoide,Firmenich,220951,TOLU RES TYPE NAT 220951,Perfumiarz,https://perfumiarz.com/products/tolu-balsam-resinoide,W20726_IFRA_01-24.pdf,,,base o especialidad,4.1,4.1000%,,
prod:firmenich-902280,Terpinyl Acetate,Firmenich,902280,TERPINYL ACETATE 902280,Perfumiarz,https://perfumiarz.com/products/terpinyl-acetate,T01220_IFRA_11-23.pdf,8007-35-0,fig:2950,molécula,,NoRestriction,,
