producto,tienda,url,dilucion,clase,cas,glosario,fabricante,codigo,certificado,ficha,alergenos,sustancias_declaradas,tope_cat4,estado,pedir,notas
Oakmoss Absolute 50% (IPM),Perfumiarz,https://perfumiarz.com/products/oakmoss-absolute,50 % en IPM,molécula,90028-68-5,cas:90028-68-5 Oakmoss extracts [con-techo],IFF,00133097,H13197_IFRA_10-23.pdf,H13197_FDSu_09-24.pdf,H13197_ALG_06-22.pdf,3,,documentado,,
Auranone,Perfumiarz,https://perfumiarz.com/products/auranone_,,base o especialidad,,,,,,,,,,sin documentos,pedir el certificado IFRA: sin él no se sabe qué lleva,
"3,4-Xylenol 10% (IPM)",Perfumiarz,https://perfumiarz.com/products/3-4-xylenol-10-ipm,10 % en IPM,molécula,95-65-8,"fig:616 3,4-Xylenol [sin-estandar]",,,,34xylenol.pdf,,,,parcial,pedir el certificado IFRA: para impurezas y el tope del fabricante,
Black Agar 296985,Perfumiarz,https://perfumiarz.com/products/black-agar-296985,,base o especialidad,,,Firmenich,296985,W02033_IFRA_10-23.pdf,W02033_FDSu_05-23.pdf,W02033_ALG_09-23.pdf,15,9.6296%,documentado,,
Castoreum Synthetic,Perfumiarz,https://perfumiarz.com/products/castoreum-synthetic,,base o especialidad,,,Firmenich,184004,W03063_IFRA_10-23.pdf,W03063_FDSpl_05-23.pdf,W03063_ALG_08-23.pdf,20,NoRestriction,documentado,,
Black Pepper Absolute,Perfumiarz,https://perfumiarz.com/products/black-pepper-absolute,,natural,8006-82-4,"fig:2622 Pepper, black, absolute [sin-dato] | fig:2623 Pepper, black, CO2 extract [sin-dato] | fig:2624 Pepper, black, oil [sin-dato]",Firmenich,974644,IFRA_Black_Pepper_Absolute.pdf,Karta_charakterystyki_Black_Pepper_Absolute_ENG_wersja_7_1_z_28_04_2022.pdf,Lista_alergenow_Black_Pepper_Absolute.pdf,2,NoRestriction,documentado,,
Aldambre,Perfumiarz,https://perfumiarz.com/products/aldambre,25–50 % en DPG,molécula,947-05-7,tl:947-05-7 Oxacyclotridecan-2-one [sin-estandar],Ventós,,,SDS_ALDAMBRE_SYNAROME_2.pdf,,,,parcial,pedir el certificado IFRA: para impurezas y el tope del fabricante,"según la ficha de seguridad oficial de Ventós, el fabricante (aportada por el usuario el 2026-10-02): oxaciclotridecan-2-ona (947-05-7) al 25–50 % en DPG; la tienda la enlaza como SDS_ALDAMBRE_SYNAROME; dos tamaños (5 g y 10 g)"
Aldehyde C11 MOA,Perfumiarz,https://perfumiarz.com/products/aldehyde-c11-moa,,molécula,19009-56-4,fig:507 2-Methyldecanal [sin-estandar],Symrise,656012,symrise-aldehyde-c11-moa-656012-ifra51.pdf,E01329_FDSu_02-24.pdf,,1,"2,50%",documentado,,certificado aportado por el usuario (2026-10-02)
Maritima,Perfumiarz,https://perfumiarz.com/products/maritima,,molécula,38462-23-6,"fig:770 4-(4,8-Dimethylnona-3,7-dienyl)pyridine [sin-estandar]",IFF,00130494,H13021_IFRA_09-23.pdf,H13021_FDSu_10-24.pdf,H13021_ALG_01-24.pdf,"ninguna, lo dice",,documentado,,
Styrallyl Acetate,Perfumiarz,https://perfumiarz.com/products/styrallyl-acetate,,molécula,93-92-5,fig:1056 alpha-Methylbenzyl acetate [sin-estandar],Symrise,611357,E01110_IFRA_11-23.pdf,E01110_FDSu_11-21.pdf,,"ninguna, lo dice","9,70%",documentado,,
Geranyl Acetate Pure,Perfumiarz,https://perfumiarz.com/products/geranyl-acetate-pure,,molécula,105-87-3,fig:1917 Geranyl acetate [sin-estandar],IFF,00072104,H01122_IFRA_02-22.pdf,H01122_FDSu_09-21.pdf,,0,30.0%,documentado,,
Cedramber,Perfumiarz,https://perfumiarz.com/products/cedramber,,molécula,19870-74-7,fig:1378 Cedrol methyl ether [sin-estandar],IFF,00033386,H03100_IFRA_02-22.pdf,H03100_FDSu_04-25.pdf,H03100_ALG_04-22.pdf,0,30.0%,documentado,,
Heliotropine 25% DPG,Perfumiarz,https://perfumiarz.com/products/heliotropine-25-dpg,25 % en DPG,molécula,120-57-0,fig:2721 Piperonal [sin-estandar],PCW,,,HET50DPG_1P_SDS.pdf,,,,parcial,pedir el certificado IFRA: para impurezas y el tope del fabricante,"la ficha de seguridad que enlaza la tienda es de HELIOTROPIN 50% DPG (PCW), no del 25 %"
Cassis Base 345 B,Perfumiarz,https://perfumiarz.com/products/cassis-base-345-b,,base o especialidad,,,Firmenich,000345,W03040_IFRA_10-23.pdf,W03040_FDSu_04-24.pdf,W03040_ALG_08-23.pdf,6,NoRestriction,documentado,,
Prismantol 50% (DPG),Perfumiarz,https://perfumiarz.com/products/prismantol-50-dpg,50 % en DPG,molécula,122760-84-3,"fig:3029 Tricyclo[3.3.1.1.(3.7)]decan-2-ol, 4-methyl-8-methylene- [sin-estandar]",,,,,,,,sin documentos,pedir el certificado IFRA: para impurezas y el tope del fabricante,
Calone (powder),Perfumiarz,https://perfumiarz.com/products/calone,,molécula,28940-11-6,"fig:944 7-Methyl-2H-benzo-1,5-dioxepin-3(4H)-one [sin-estandar]",IFF,00023157,H19146_IFRA_04-24_0ab00788-c951-4772-9ba4-7475120648bf.pdf,W03003_FDSu_06-24.pdf,W03003_ALG_08-23.pdf,,,parcial,el certificado que enlaza la tienda es de otro producto («BRAN ABS LMR»); pedir el certificado IFRA: para impurezas y el tope del fabricante,el certificado que enlaza la tienda es de BRAN ABS LMR (IFF): pedir el del Calone
Ambrinol S,Perfumiarz,https://perfumiarz.com/products/ambrinol-s,,molécula,41199-19-3,"fig:135 1,2,3,4,4a,5,6,7-Octahydro-2,5,5-trimethyl-2-naphthalenol [sin-estandar]",Symrise,690993,E01460_IFRA_11-23.pdf,E01460_FDSu_12-24.pdf,,"ninguna, lo dice",0.0082%,documentado,,
Methyl Cinnamate 50%,Perfumiarz,https://perfumiarz.com/products/methyl-cinnamate,50 % en ¿?,molécula,103-26-4,fig:2343 Methyl cinnamate [sin-estandar],Symrise,660449,E03130_IFRA_11-23.pdf,E03130_FDSu_10-24.pdf,,"ninguna, lo dice","1,20%",documentado,,diluyente sin decir en la tienda
Cyclosia (Hydroxycitronellal),Perfumiarz,https://perfumiarz.com/products/cyclosia,,molécula,107-75-5,fig:2021 Hydroxycitronellal [con-techo],Firmenich,937250,W03300_IFRA_10-23.pdf,W03300_FDSu_04-24.pdf,W03300_ALG_01-24.pdf,1,2.2105%,documentado,,
Ionone beta,Perfumiarz,https://perfumiarz.com/products/ionone-beta,,molécula,79-77-6,fig:54 (E)-beta-Ionone [sin-estandar],Givaudan,,5992503_IONONE_BETA_IFRA_51_Certificate_20231019.pdf,5992503_Ionone_Beta_SDS_EN.pdf,5992503_IONONE_BETA_Allergen_Extended_List_Ingredient_20231019.pdf,"ninguna, lo dice",,documentado,,
Ambrettolide,Perfumiarz,https://perfumiarz.com/products/ambrettolide,,molécula,63286-42-0,tienda:63286-42-0 Ambrettolide [sin-estandar],IFF,00014200,H01388_IFRA_02-24.pdf,H01388_FDSu_04-23.pdf,H01388_ALG_07-23.pdf,"ninguna, lo dice",3.2%,documentado,,
Eucalyptol Natural,Perfumiarz,https://perfumiarz.com/products/eucalyptol-natural,,molécula,470-82-6,fig:1820 Eucalyptol [sin-estandar],Symrise,130301,E05046_IFRA_04-20_4ce340cc-3ade-4782-94f9-ee7441fb43ea.pdf,E05046_FDSu_11-20.pdf,,"ninguna, lo dice","1,60%",documentado,,
Cis-3-hexenol,Perfumiarz,https://perfumiarz.com/products/cis-3-hexenol,,molécula,928-96-1,fig:1427 cis-3-Hexenol [sin-estandar],PCW,CIS3H-1,CIS3H1N_IFRA51.pdf,CIS3H1N_SDS.pdf,CIS3H1N_COSM2.pdf,"ninguna, lo dice",,documentado,,
Geosmin 1% in DPG,Perfumiarz,https://perfumiarz.com/products/geosmin-1-dpg,1 % en DPG,molécula,23333-91-7,"fig:2490 Octahydro-4,8a-dimethyl-4a(2H)-naphthol [sin-estandar]",IFF,00071044,H07098_IFRA_01-25.pdf,H07098_FDSu_08-24.pdf,H07098_ALG_01-25.pdf,"ninguna, lo dice",40.0%,documentado,,
Linalyl Acetate,Perfumiarz,https://perfumiarz.com/products/linalyl-acetate,,molécula,115-95-7,fig:2223 Linalyl acetate [sin-estandar],,,IFRA_LINALYL_ACETATE_BASF.pdf,SDS_LINALYL_ACETATE_BASF.pdf,EU_Fragrance_Allergens_LINALYL_ACETATE_BASF.pdf,,,parcial,el certificado (IFRA_LINALYL_ACETATE_BASF.pdf) está cifrado o no se lee; pedir el certificado IFRA: para impurezas y el tope del fabricante,
Helional,Perfumiarz,https://perfumiarz.com/products/helional,,molécula,1205-17-0,"fig:1055 alpha-Methyl-1,3-benzodioxole-5-propionaldehyde [con-techo]",,,,SDS_HELIONAL_IFF.pdf,EU_Fragrance_Allergens_HELIONAL_IFF.pdf,,,parcial,pedir el certificado IFRA: para impurezas y el tope del fabricante,
Habanolide,Perfumiarz,https://perfumiarz.com/products/habanolide,,molécula,111879-80-2,"fig:2574 Oxacyclohexadec-12-en-2-one, (12E)- [sin-estandar]",Firmenich,947303,firmenich-habanolide-947303-ifra51.pdf,SDS_HABANOLIDE_FIRMENICH_947303.pdf,,1,48.0000%,documentado,,certificado aportado por el usuario (2026-10-02)
Kephalis,Perfumiarz,https://perfumiarz.com/products/kephalis,,molécula,36306-87-3,"fig:604 3,3,5,5-Tetramethyl-4-ethoxyvinylcyclohexanone [sin-estandar]",Givaudan,,6378003_KEPHALIS_IFRA_51_Certificate_20240830.pdf,6378003_KEPHALIS_SDS_EN.pdf,6378003_KEPHALIS_Allergen_Extended_List_Ingredient_20240830.pdf,"ninguna, lo dice",,documentado,,
Tolu Balsam Resinoide,Perfumiarz,https://perfumiarz.com/products/tolu-balsam-resinoide,,base o especialidad,,,Firmenich,220951,W20726_IFRA_01-24.pdf,W20726_FDSu_01-24.pdf,W20726_ALG_09-23.pdf,14,4.1000%,documentado,,
Benzoin Siam Resinoid (IFF),Perfumiarz,https://perfumiarz.com/products/benzoin-siam-resinoid-iff,,natural,9000-72-0,"fig:1162 Benzoin CO2 extract, Siam [sin-dato] | fig:1163 Benzoin extract, Siam [sin-dato] | fig:1165 Benzoin gum, Siam [sin-dato]",,,,00030120_Benzoin_SDS_aee2.pdf,,,,parcial,pedir el certificado IFRA: sin él no se sabe qué lleva,
Terpinyl Acetate,Perfumiarz,https://perfumiarz.com/products/terpinyl-acetate,,molécula,8007-35-0,fig:2950 Terpinyl acetate (Isomer mixture) [sin-estandar],Firmenich,902280,T01220_IFRA_11-23.pdf,T01220_FDSu_06-25.pdf,T01220_ALG_11-23.pdf,1,NoRestriction,documentado,,
2-hydroxybenzaldehyde 10% (IPM),Perfumiarz,https://perfumiarz.com/products/2-hydroxybenzaldehyde,10 % en IPM,molécula,90-02-8,fig:2840 Salicylaldehyde [sin-estandar],,,,2-hydroxybenzaldehyde.pdf,,,,parcial,pedir el certificado IFRA: para impurezas y el tope del fabricante,
Absoluto de Castoreum 20%,Maese Lab,https://maeselab.com/absoluto-de-castoreum-20,20 % en alcohol,natural,8023-83-4,fig:1343 Castoreum absolute [sin-dato] | fig:1344 Castoreum concrete [sin-dato] | fig:1345 Castoreum extract [sin-dato],,,,,,,,sin documentos,pedir el certificado IFRA: sin él no se sabe qué lleva,el castóreo natural que usa hoy
Ambermore,,,,base o especialidad,,,,,,,,,,sin documentos,pedir el certificado IFRA: sin él no se sabe qué lleva,de IFF; tienda y CAS por confirmar
