id,material,cas,estandar,nombre_en_estandar,tipo,cat4_pct_producto_terminado,condicion,constituyentes_regulados,pdf,enmienda,fuente,verificado,confianza
MAT-absoluto-de-tabaco,Absoluto de Tabaco,8037-19-2,,,sin estándar propio,,Sin techo IFRA. La nicotina la gobierna el guardarraíl de tabaco: tóxica y sin techo seguro confirmado (vacío 1).,,https://d3t14p1xronwr0.cloudfront.net/docs/Standards-Documentation/ifra-51st-amendment-index-of-ifra-standards.pdf,51,índice por CAS,2026-09-21,alta
MAT-esencia-de-trufa,Esencia de trufa,,,,no evaluable,,"Esencia compuesta (INCI «Fragrance»), sin CAS ni composición publicada: su estado depende de lo que lleve dentro. No se puede comprobar, y lo que no se sabe no vale cero (vacío 48).",,,51,—,,baja
MAT-aceite-de-cade-enebro,Aceite de cade (enebro),8013-10-3,119,Cade,Prohibición (solo el crudo) + Especificación,,"Sin tope porcentual. El crudo está prohibido; el rectificado se permite con HAP (benzopireno + 1,2-benzantraceno) ≤ 1 ppb en producto terminado, sumados a los de birch tar, opopónax y estoraque. Exige certificado del proveedor (vacío 46).","HAP ≤ 1 ppb, acumulativo",https://d3t14p1xronwr0.cloudfront.net/docs/standards/IFRA_STD_119.pdf,51,PDF del estándar,2026-09-23,alta
MAT-acetato-de-bencilo,Acetato de bencilo,140-11-4,,,sin estándar propio,,,,https://d3t14p1xronwr0.cloudfront.net/docs/Standards-Documentation/ifra-51st-amendment-index-of-ifra-standards.pdf,51,índice por CAS,2026-09-21,alta
MAT-alcohol-feniletilico,Alcohol Feniletilico,60-12-8,,,sin estándar propio,,,,https://d3t14p1xronwr0.cloudfront.net/docs/Standards-Documentation/ifra-51st-amendment-index-of-ifra-standards.pdf,51,índice por CAS,2026-09-21,alta
MAT-aldehido-alfa-amil-cinamico,Aldehido alfa-amil cinamico,122-40-7,005,alfa-amil cinamico,Restricción,7.0,"Aplica si el frasco es el α-amil, que es lo que dice la etiqueta. El proveedor solo vende el α-hexil y declara un CAS que no cuadra con ninguno (165184-98-5; vacío 51). Mientras siga abierto, manda el menor: este.",,https://d3t14p1xronwr0.cloudfront.net/docs/standards/IFRA_STD_005.pdf,51,PDF del estándar,2026-09-23,alta
MAT-aldehido-alfa-amil-cinamico,Aldehido alfa-amil cinamico,101-86-0,040,alfa-hexil cinamico,Restricción,9.9,"Aplica si el frasco es el α-hexil, el único cinámico que vende el proveedor (vacío 51). Mientras no se aclare, manda el 7,0 % del amil.",,https://d3t14p1xronwr0.cloudfront.net/docs/standards/IFRA_STD_040.pdf,51,PDF del estándar,2026-09-23,alta
MAT-aldehido-c14-gamma-undecalactona,Aldehido C14 (gamma-undecalactona),104-67-6,,,sin estándar propio,,,,https://d3t14p1xronwr0.cloudfront.net/docs/Standards-Documentation/ifra-51st-amendment-index-of-ifra-standards.pdf,51,índice por CAS,2026-09-21,alta
MAT-aldehido-c18-gamma-nonalactona,Aldehido C18 (gamma-nonalactona),104-61-0,,,sin estándar propio,,,,https://d3t14p1xronwr0.cloudfront.net/docs/Standards-Documentation/ifra-51st-amendment-index-of-ifra-standards.pdf,51,índice por CAS,2026-09-21,alta
MAT-allyl-amyl-glycolate,Allyl Amyl Glycolate,67634-00-8,,,sin estándar propio,,,,https://d3t14p1xronwr0.cloudfront.net/docs/Standards-Documentation/ifra-51st-amendment-index-of-ifra-standards.pdf,51,índice por CAS,2026-09-21,alta
MAT-ambar-gris-tintura,Ambar gris (tintura),84836-94-2,,,sin verificar,,"La etiqueta declara CAS 84836-94-2, pero no se ha buscado en el índice: el «sin estándar» que constaba no tiene método documentado. Carga de la tintura sin declarar. Situación legal: vacío 37.",,,51,—,,baja
MAT-ambermor,Ambermor,6790-58-5 / 3738-00-9,,,sin estándar propio,,,,https://d3t14p1xronwr0.cloudfront.net/docs/Standards-Documentation/ifra-51st-amendment-index-of-ifra-standards.pdf,51,índice por CAS,2026-09-21,alta
MAT-bergamota-sin-bergaptenos,Bergamota sin bergaptenos,68648-33-9,,,sin estándar propio,,"Es la FCF: sin bergaptenos. La bergamota expresada (8007-75-8 · 89957-91-5) sí está restringida, por fototoxicidad (restricción, 2020).",linalol (decisión 2.1),https://d3t14p1xronwr0.cloudfront.net/docs/Standards-Documentation/ifra-51st-amendment-index-of-ifra-standards.pdf,51,índice por CAS,2026-09-21,alta
MAT-cashmeran,Cashmeran,33704-61-9,028,Cashmeran (DPMI),Restricción,3.8,"Más bajo que el extremo alto del rango de Maese Lab (5,00 %): manda el menor, que es IFRA.",,https://d3t14p1xronwr0.cloudfront.net/docs/standards/IFRA_STD_028.pdf,51,PDF del estándar,2026-09-23,alta
MAT-castoreum,Castoreum (producto al 20 %),8023-83-4,,,sin estándar propio,,,,https://d3t14p1xronwr0.cloudfront.net/docs/Standards-Documentation/ifra-51st-amendment-index-of-ifra-standards.pdf,51,índice por CAS,2026-09-21,alta
MAT-cedro-atlas,Cedro Atlas,8023-85-6,,,sin estándar propio,,,,https://d3t14p1xronwr0.cloudfront.net/docs/Standards-Documentation/ifra-51st-amendment-index-of-ifra-standards.pdf,51,índice por CAS,2026-09-21,alta
MAT-cilantro,Cilantro,84775-50-8,,,sin estándar propio,,,linalol (decisión 2.1),https://d3t14p1xronwr0.cloudfront.net/docs/Standards-Documentation/ifra-51st-amendment-index-of-ifra-standards.pdf,51,índice por CAS,2026-09-21,alta
MAT-cumarina-natural,Cumarina natural,91-64-5,023,Cumarina,Restricción,1.5,"La cumarina es una sustancia: su techo lo comparte con la que arrastra la tintura de haba tonka, de carga desconocida (decisión 2.1, regla 1.2). Alérgeno declarable en etiqueta: suma por sustancia (decisión 2.1 de la app).",cumarina,https://d3t14p1xronwr0.cloudfront.net/docs/standards/IFRA_STD_023.pdf,51,PDF del estándar,2026-09-23,alta
MAT-dartanol,Dartanol,28219-61-6,,,sin estándar propio,,,,https://d3t14p1xronwr0.cloudfront.net/docs/Standards-Documentation/ifra-51st-amendment-index-of-ifra-standards.pdf,51,índice por CAS,2026-09-21,alta
MAT-dihydromyrcenol,Dihydromyrcenol,18479-58-8,,,sin estándar propio,,,,https://d3t14p1xronwr0.cloudfront.net/docs/Standards-Documentation/ifra-51st-amendment-index-of-ifra-standards.pdf,51,índice por CAS,2026-09-21,alta
MAT-diphenyl-oxide,Diphenyl Oxide,101-84-8,,,sin estándar propio,,,,https://d3t14p1xronwr0.cloudfront.net/docs/Standards-Documentation/ifra-51st-amendment-index-of-ifra-standards.pdf,51,índice por CAS,2026-09-21,alta
MAT-ebanol,Ebanol,67801-20-1,,,sin estándar propio,,,,https://d3t14p1xronwr0.cloudfront.net/docs/Standards-Documentation/ifra-51st-amendment-index-of-ifra-standards.pdf,51,índice por CAS,2026-09-21,alta
MAT-ethyl-maltol,Ethyl Maltol,4940-11-8,,,sin estándar propio,,,,https://d3t14p1xronwr0.cloudfront.net/docs/Standards-Documentation/ifra-51st-amendment-index-of-ifra-standards.pdf,51,índice por CAS,2026-09-21,alta
MAT-ethylene-brassylate,Ethylene Brassylate,105-95-3,,,sin estándar propio,,,,https://d3t14p1xronwr0.cloudfront.net/docs/Standards-Documentation/ifra-51st-amendment-index-of-ifra-standards.pdf,51,índice por CAS,2026-09-21,alta
MAT-etil-4-fenol,Etil-4-fenol,123-07-9,,,sin estándar propio,,"Sin tope IFRA: es de traza por potencia olfativa, que IFRA no cubre.",,https://d3t14p1xronwr0.cloudfront.net/docs/Standards-Documentation/ifra-51st-amendment-index-of-ifra-standards.pdf,51,índice por CAS,2026-09-21,alta
MAT-eugenol-98,Eugenol 98%,97-53-0,035,Eugenol,Restricción,2.5,Alérgeno declarable en etiqueta: suma por sustancia (decisión 2.1 de la app).,eugenol,https://d3t14p1xronwr0.cloudfront.net/docs/standards/IFRA_STD_035.pdf,51,PDF del estándar,2026-09-23,alta
MAT-florosa,Florosa,63500-71-0,,,sin estándar propio,,,,https://d3t14p1xronwr0.cloudfront.net/docs/Standards-Documentation/ifra-51st-amendment-index-of-ifra-standards.pdf,51,índice por CAS,2026-09-21,alta
MAT-galaxolide,Galaxolide,1222-05-5,,,sin estándar propio,,,,https://d3t14p1xronwr0.cloudfront.net/docs/Standards-Documentation/ifra-51st-amendment-index-of-ifra-standards.pdf,51,índice por CAS,2026-09-21,alta
MAT-geraniol-98,Geraniol 98%,106-24-1,037,Geraniol,Restricción,4.7,"Más bajo que el extremo alto del rango de Maese Lab (5,00 %): manda el menor, que es IFRA. Alérgeno declarable en etiqueta: suma por sustancia (decisión 2.1 de la app).",geraniol,https://d3t14p1xronwr0.cloudfront.net/docs/standards/IFRA_STD_037.pdf,51,PDF del estándar,2026-09-23,alta
MAT-haba-tonka-tintura,Haba tonka (tintura),,,,no evaluable,,"Tintura sin carga declarada. Lleva cumarina (STD 023, 1,5 %), que suma con la del frasco de cumarina: sin la carga, la comprobación es imposible, no favorable (regla 1.2, vacío 38).",cumarina (STD 023),,51,—,,baja
MAT-hedione,Hedione,24851-98-7,,,sin estándar propio,,,,https://d3t14p1xronwr0.cloudfront.net/docs/Standards-Documentation/ifra-51st-amendment-index-of-ifra-standards.pdf,51,índice por CAS,2026-09-21,alta
MAT-ionona-alpha,Ionona Alpha,127-41-3,,,sin estándar propio,,,,https://d3t14p1xronwr0.cloudfront.net/docs/Standards-Documentation/ifra-51st-amendment-index-of-ifra-standards.pdf,51,índice por CAS,2026-09-21,alta
MAT-iso-e-super,Iso E Super,54464-57-2,068,Iso E Super (OTNE),Restricción,20,Coincide con lo que declara Olfatorium.,,https://d3t14p1xronwr0.cloudfront.net/docs/standards/IFRA_STD_068.pdf,51,PDF del estándar,2026-09-23,alta
MAT-isobutil-quinoleina-ibq,Isobutil Quinoleina (producto al 40 %),65442-31-1,,,sin estándar propio,,,,https://d3t14p1xronwr0.cloudfront.net/docs/Standards-Documentation/ifra-51st-amendment-index-of-ifra-standards.pdf,51,índice por CAS,2026-09-21,alta
MAT-laudano-de-jara,Laudano de jara,89997-74-0,,,sin estándar propio,,,,https://d3t14p1xronwr0.cloudfront.net/docs/Standards-Documentation/ifra-51st-amendment-index-of-ifra-standards.pdf,51,índice por CAS,2026-09-21,alta
MAT-lavanda,Lavanda,8000-28-0 / 90063-37-9,,,sin estándar propio,,"Su CAS está libre; su constituyente, el linalol, no (especificación, STD 187).",linalol (STD 187),https://d3t14p1xronwr0.cloudfront.net/docs/Standards-Documentation/ifra-51st-amendment-index-of-ifra-standards.pdf,51,índice por CAS,2026-09-21,alta
MAT-limon,Limon,8008-56-8 · 84929-31-7,092,Limon prensado en frio,Restricción (fototoxicidad),2.0,Por fototoxicidad. El tope es el mismo en casi todas las categorías.,citral (decisión 2.1),https://d3t14p1xronwr0.cloudfront.net/docs/standards/IFRA_STD_092.pdf,51,PDF del estándar,2026-09-23,alta
MAT-linalol,Linalol,78-70-6 · 126-90-9 · 126-91-0,187,Linalol,"Especificación (valor de peróxidos, 2004)",,"Sin tope porcentual: limita cómo está el material (peróxidos), no cuánto se pone. Suma con el linalol de cilantro, lavanda, bergamota y litsea. Alérgeno declarable en etiqueta: suma por sustancia (decisión 2.1 de la app).",linalol,https://d3t14p1xronwr0.cloudfront.net/docs/standards/IFRA_STD_187.pdf,51,PDF del estándar,2026-09-23,alta
MAT-litsea-cubeba,Litsea Cubeba,68855-99-2 / 90063-59-5,,,sin estándar propio,,"Su CAS está libre; su constituyente principal, el citral, tiene estándar propio (restricción, 2020; techo sin transcribir) y es alérgeno declarable.",citral (restricción 2020; CAS 5392-40-5 · 141-27-5 · 106-26-3) · linalol (decisión 2.1),https://d3t14p1xronwr0.cloudfront.net/docs/Standards-Documentation/ifra-51st-amendment-index-of-ifra-standards.pdf,51,índice por CAS,2026-09-21,alta
MAT-mandarina,Mandarina,8008-31-9 / 84929-38-4,,,sin estándar propio,,Cítrico: el estándar transversal de furocumarinas no tiene CAS y la búsqueda por CAS no lo ve.,citral (decisión 2.1),https://d3t14p1xronwr0.cloudfront.net/docs/Standards-Documentation/ifra-51st-amendment-index-of-ifra-standards.pdf,51,índice por CAS,2026-09-21,alta
MAT-mayol,Mayol,13828-37-0,208,Mayol,Restricción,4.7,,,https://d3t14p1xronwr0.cloudfront.net/docs/standards/IFRA_STD_208.pdf,51,PDF del estándar,2026-09-23,alta
MAT-methyl-pamplemousse,Methyl Pamplemousse,67674-46-8,,,sin estándar propio,,,,https://d3t14p1xronwr0.cloudfront.net/docs/Standards-Documentation/ifra-51st-amendment-index-of-ifra-standards.pdf,51,índice por CAS,2026-09-21,alta
MAT-metil-ionona-gamma,Metil ionona gamma,127-51-5,063,Metil ionona (mezcla),Restricción + Especificación,30,"En la práctica no limita: lo que obliga es la especificación (mezcla de isómeros; CAS 127-51-5, vacío 41).",,https://d3t14p1xronwr0.cloudfront.net/docs/standards/IFRA_STD_063.pdf,51,PDF del estándar,2026-09-23,alta
MAT-naranja-dulce,Naranja dulce,8008-57-9 / 8028-48-6,,,sin estándar propio,,"Cítrico: el estándar transversal de furocumarinas no tiene CAS y la búsqueda por CAS no lo ve. La naranja amarga expresada (68916-04-1 · 72968-50-4) sí está restringida (restricción, 2020).",,https://d3t14p1xronwr0.cloudfront.net/docs/Standards-Documentation/ifra-51st-amendment-index-of-ifra-standards.pdf,51,índice por CAS,2026-09-21,alta
MAT-patchouli,Patchouli,8014-09-3,,,sin estándar propio,,"El proveedor no declara CAS: se buscó el habitual del aceite de pachulí, 8014-09-3, y no aparece en el índice. Confianza media porque ese CAS no está confirmado para este frasco.",,https://d3t14p1xronwr0.cloudfront.net/docs/Standards-Documentation/ifra-51st-amendment-index-of-ifra-standards.pdf,51,índice por CAS,2026-09-21,media
MAT-polysantol,Polysantol,107898-54-4,211,Polysantol,Restricción,1.1,,,https://d3t14p1xronwr0.cloudfront.net/docs/standards/IFRA_STD_211.pdf,51,PDF del estándar,2026-09-23,alta
MAT-resinoide-benjui,Resinoide Benjui,9000-72-0,,,sin estándar propio,,,,https://d3t14p1xronwr0.cloudfront.net/docs/Standards-Documentation/ifra-51st-amendment-index-of-ifra-standards.pdf,51,índice por CAS,2026-09-21,alta
MAT-resinoide-estyrax-estoraque,Resinoide Estyrax (estoraque),8046-19-3,078,Estoraque,Prohibición (solo la goma cruda) + Restricción + Especificación,0.64,"El resinoide está expresamente permitido. HAP del aceite pirogenado, acumulativos con el cade. Es el techo más bajo de la paleta, y el único que el consenso de uso cruza: a partir del 2,6 % del concentrado se pasa.","HAP ≤ 1 ppb, acumulativo",https://d3t14p1xronwr0.cloudfront.net/docs/standards/IFRA_STD_078.pdf,51,PDF del estándar,2026-09-23,alta
MAT-safraleine,Safraleine,54440-17-4,,,sin estándar propio,,"Sin tope IFRA: es de traza por potencia olfativa, que IFRA no cubre.",,https://d3t14p1xronwr0.cloudfront.net/docs/Standards-Documentation/ifra-51st-amendment-index-of-ifra-standards.pdf,51,índice por CAS,2026-09-21,alta
MAT-salvia-officinalis,Salvia Officinalis,8022-56-8,,,sin estándar propio,,"Su CAS está libre; la tuyona, no (restricción, 2020), y además la regula la normativa europea de cosméticos. Es de los aceites más ricos en tuyona.",tuyona (restricción 2020; CAS 546-80-5 · 471-15-8 · 76231-76-0 · 1125-12-8),https://d3t14p1xronwr0.cloudfront.net/docs/Standards-Documentation/ifra-51st-amendment-index-of-ifra-standards.pdf,51,índice por CAS,2026-09-21,alta
MAT-sandalmysore-core,Sandalmysore Core,28219-60-5,,,sin estándar propio,,,,https://d3t14p1xronwr0.cloudfront.net/docs/Standards-Documentation/ifra-51st-amendment-index-of-ifra-standards.pdf,51,índice por CAS,2026-09-21,alta
MAT-stemone,Stemone,22457-23-4,,,sin estándar propio,,,,https://d3t14p1xronwr0.cloudfront.net/docs/Standards-Documentation/ifra-51st-amendment-index-of-ifra-standards.pdf,51,índice por CAS,2026-09-21,alta
MAT-vainillina,Vainillina,121-33-5,,,sin estándar propio,,,,https://d3t14p1xronwr0.cloudfront.net/docs/Standards-Documentation/ifra-51st-amendment-index-of-ifra-standards.pdf,51,índice por CAS,2026-09-21,alta
MAT-vertenex-ptbcha,Vertenex (PTBCHA),32210-23-4,,,sin estándar propio,,,,https://d3t14p1xronwr0.cloudfront.net/docs/Standards-Documentation/ifra-51st-amendment-index-of-ifra-standards.pdf,51,índice por CAS,2026-09-21,alta
MAT-vetiver,Vetiver,8016-96-4,,,sin estándar propio,,"El vetiver acetilado (84082-84-8 · 68917-34-0 · 73246-97-6 · 62563-80-8) sí está restringido (restricción, 2020).",,https://d3t14p1xronwr0.cloudfront.net/docs/Standards-Documentation/ifra-51st-amendment-index-of-ifra-standards.pdf,51,índice por CAS,2026-09-21,alta
