id,material,cas,pureza_frasco,fuente,base_cat,cat1,cat2,cat3,cat4,cat5,cat6,cat7,cat8,cat9,cat10,cat11,cat12,pct_concentrado,naturaleza,confianza,fecha,url
MAT-aceite-de-cade-enebro,Aceite Esencial de Enebro Cade,90046-02-9 / 8013-10-3,no declarada,Maese Lab (ficha de producto),% del producto terminado,evitar,evitar o trazas justificadas,"0,0005–0,003 %","0,001–0,02 %","0,0005–0,005 %",evitar,"0,001–0,01 %",evitar,"0,005–0,03 %","0,005–0,05 %","0,02–0,20 %","0,10–1,00 %","0,001–0,03 %",rango tecnico de diseno del proveedor - NO es el estandar IFRA,media,2026-09-21,https://maeselab.com/aceite-esencial-de-enebro-cade-100-natural/
MAT-acetato-de-bencilo,Acetato Bencilo,140-11-4,100 %,Maese Lab (ficha de producto),% del producto terminado,"0,02–0,10 %","0,05–0,30 %","0,10–0,60 %","0,50–5,00 %","0,10–1,00 %",evitar,"0,20–1,50 %",restringir o evitar,"0,50–3,00 %","0,50–5,00 %","2,00–8,00 %","5,00–15,00 %","1,00–8,00 %",rango tecnico de diseno del proveedor - NO es el estandar IFRA,media,2026-09-21,https://maeselab.com/acetato-bencilo/
MAT-aldehido-alfa-amil-cinamico,Aldehido alfa hexil cinamico,165184-98-5,100 %,Maese Lab (ficha de producto),% del producto terminado,"0,02–0,10 %","0,05–0,30 %","0,10–0,60 %","0,50–5,00 %","0,10–1,00 %",evitar,"0,20–1,50 %",restringir o evitar,"0,50–3,00 %","0,50–5,00 %","2,00–8,00 %","5,00–15,00 %","0,50–5,00 %",rango tecnico de diseno del proveedor - NO es el estandar IFRA,media,2026-09-21,https://maeselab.com/aldehido-alfa-hexil-cinamico/
MAT-aldehido-c14-gamma-undecalactona,Aldehyde C14,104-67-6,100 %,Maese Lab (ficha de producto),% del producto terminado,"0,02–0,10 %","0,05–0,30 %","0,10–0,60 %","0,50–5,00 %","0,10–1,00 %",evitar,"0,20–1,50 %",restringido por prudencia,"0,50–3,00 %","0,50–5,00 %","2,00–8,00 %","5,00–15,00 %","0,20–4,00 %",rango tecnico de diseno del proveedor - NO es el estandar IFRA,media,2026-09-21,https://maeselab.com/aldehyde-c14/
MAT-aldehido-c18-gamma-nonalactona,Aldehyde C18,104-61-0,100 %,Maese Lab (ficha de producto),% del producto terminado,"0,02–0,10 %","0,05–0,30 %","0,10–0,60 %","0,50–5,00 %","0,10–1,00 %",evitar,"0,20–1,50 %",restringido por prudencia,"0,50–3,00 %","0,50–5,00 %","2,00–8,00 %","5,00–15,00 %","0,20–4,00 %",rango tecnico de diseno del proveedor - NO es el estandar IFRA,media,2026-09-21,https://maeselab.com/aldehyde-c18/
MAT-ambermor,AMBERMOR IFF,6790-58-5 / 3738-00-9,100 %,Maese Lab (ficha de producto),% del producto terminado,"0,005–0,05 %","0,02–0,15 %","0,05–0,30 %","0,10–2,00 %","0,05–0,50 %",evitar,"0,10–0,80 %",restringir o evitar,"0,20–1,50 %","0,20–3,00 %","0,50–5,00 %","1,00–8,00 %","0,10–2,50 %",rango tecnico de diseno del proveedor - NO es el estandar IFRA,media,2026-09-21,https://maeselab.com/ambermor-iff/
MAT-cashmeran,Cashmeran,33704-61-9,50 %,Maese Lab (ficha de producto),% del producto terminado,"0,02–0,10 %","0,05–0,30 %","0,10–0,60 %","0,50–5,00 %","0,10–1,00 %",evitar,"0,20–1,50 %",restringir o evitar,"0,50–3,00 %","0,50–5,00 %","2,00–8,00 %","5,00–15,00 %","1,00–8,00 % de esta dilución",rango tecnico de diseno del proveedor - NO es el estandar IFRA,media,2026-09-21,https://maeselab.com/cashmeran/
MAT-castoreum,Absoluto de Castoreum - 20 %,8023-83-4,20 % — diluido al 80 % en bioetanol 96º,Maese Lab (ficha de producto),% del producto terminado,"0,001–0,02 %","0,005–0,05 %","0,01–0,10 %","0,02–0,50 %","0,005–0,05 %",evitar,"0,01–0,10 %",evitar,"0,02–0,20 %","0,05–0,50 %","0,10–1,00 %","0,50–2,00 %","trazas hasta 0,50 %",rango tecnico de diseno del proveedor - NO es el estandar IFRA,media,2026-09-21,https://maeselab.com/absoluto-de-castoreum-20/
MAT-dartanol,Dartanol,28219-61-6,100 %,Maese Lab (ficha de producto),% del producto terminado,"0,02–0,10 %","0,05–0,30 %","0,10–0,60 %","0,50–5,00 %","0,10–1,00 %",evitar,"0,20–1,50 %",restringir o evitar,"0,50–3,00 %","0,50–5,00 %","2,00–8,00 %","5,00–15,00 %","1,00–8,00 %",rango tecnico de diseno del proveedor - NO es el estandar IFRA,media,2026-09-21,https://maeselab.com/dartanol/
MAT-diphenyl-oxide,Diphenyl Oxide,101-84-8,100 %,Maese Lab (ficha de producto),% del producto terminado,"0,005–0,03 %","0,01–0,10 %","0,02–0,20 %","0,05–1,00 %","0,01–0,30 %",evitar,"0,03–0,50 %",restringir o evitar,"0,05–1,00 %","0,10–2,00 %","0,30–3,00 %","0,50–5,00 %","0,02–0,80 %",rango tecnico de diseno del proveedor - NO es el estandar IFRA,media,2026-09-21,https://maeselab.com/diphenyl-oxide/
MAT-ebanol,Ebanol,67801-20-1,100 %,Maese Lab (ficha de producto),% del producto terminado,"0,005–0,05 %","0,02–0,15 %","0,03–0,30 %","0,10–2,00 %","0,02–0,40 %",evitar,"0,05–0,80 %",restringir o evitar,"0,10–1,50 %","0,20–3,00 %","0,50–4,00 %","1,00–8,00 %","0,10–3,00 %",rango tecnico de diseno del proveedor - NO es el estandar IFRA,media,2026-09-21,https://maeselab.com/ebanol/
MAT-etil-4-fenol,Etil-4-Fenol Aroma Chemicals,123-07-9,100 %,Maese Lab (ficha de producto),% del producto terminado,"0,001–0,005 %","0,001–0,01 %","0,002–0,02 %","0,005–0,10 %","0,001–0,03 %",evitar,"0,003–0,05 %",evitar o restringir severamente,"0,005–0,15 %","0,01–0,30 %","0,03–0,50 %","0,05–1,00 %","0,001–0,05 %",rango tecnico de diseno del proveedor - NO es el estandar IFRA,media,2026-09-21,https://maeselab.com/etil-4-fenol-aroma-chemicals/
MAT-eugenol-98,Eugenol 98 %,97-53-0,98 %,Maese Lab (ficha de producto),% del producto terminado,"0,001–0,01 %","0,005–0,03 %","0,005–0,05 %","0,01–0,30 %","0,005–0,08 %",evitar,"0,01–0,15 %",restringir o evitar,"0,02–0,40 %","0,05–0,80 %","0,10–1,50 %","0,20–3,00 %","0,01–0,30 %",rango tecnico de diseno del proveedor - NO es el estandar IFRA,media,2026-09-21,https://maeselab.com/eugenol-98/
MAT-florosa,Florosa Aroma Chemicals,63500-71-0,100 %,Maese Lab (ficha de producto),% del producto terminado,"0,02–0,10 %","0,05–0,30 %","0,10–0,60 %","0,50–5,00 %","0,10–1,00 %",evitar,"0,20–1,50 %",restringir o evitar,"0,50–3,00 %","0,50–5,00 %","2,00–8,00 %","5,00–15,00 %","0,50–6,00 %",rango tecnico de diseno del proveedor - NO es el estandar IFRA,media,2026-09-21,https://maeselab.com/florosa-aroma-chemicals/
MAT-geraniol-98,Geraniol 98 % Nat,106-24-1,"el campo del proveedor dice 100 %, el nombre del producto dice 98 %",Maese Lab (ficha de producto),% del producto terminado,"0,02–0,10 %","0,05–0,30 %","0,10–0,60 %","0,50–5,00 %","0,10–1,00 %",evitar,"0,20–1,50 %",restringir o evitar,"0,50–3,00 %","0,50–5,00 %","2,00–8,00 %","5,00–15,00 %","0,50–6,00 %",rango tecnico de diseno del proveedor - NO es el estandar IFRA,media,2026-09-21,https://maeselab.com/geraniol-98-nat/
MAT-isobutil-quinoleina-ibq,Isobutilquinoleina 40 % DPG,65442-31-1,40 % en DPG,Maese Lab (ficha de producto),% del producto terminado,"0,005–0,03 %","0,01–0,08 %","0,02–0,15 %","0,05–0,50 %","0,01–0,10 %",evitar,"0,02–0,20 %",evitar,"0,05–0,40 %","0,05–0,80 %","0,10–1,00 %","0,20–2,00 %","0,01–0,30 %",rango tecnico de diseno del proveedor - NO es el estandar IFRA,media,2026-09-21,https://maeselab.com/isobutilquinoleina-40-dpg/
MAT-laudano-de-jara,Absoluto de Cistus Jara - Labdanum,89997-74-0,100 %,Maese Lab (ficha de producto),% del producto terminado,"0,02–0,10 %","0,05–0,30 %","0,10–0,60 %","0,50–5,00 %","0,10–1,00 %",no recomendado,"0,20–1,50 %",restringir,"0,50–3,00 %","0,50–5,00 %","2,00–8,00 %","5,00–15,00 %","1,00–8,00 %",rango tecnico de diseno del proveedor - NO es el estandar IFRA,media,2026-09-21,https://maeselab.com/absoluto-de-cistus-jara-labdanum/
MAT-metil-ionona-gamma,Methyl Ionone Gamma,127-51-5,100 %,Maese Lab (ficha de producto),% del producto terminado,"0,02–0,10 %","0,05–0,30 %","0,10–0,60 %","0,50–5,00 %","0,10–1,00 %",evitar,"0,20–1,50 %",restringir o evitar,"0,50–3,00 %","0,50–5,00 %","2,00–8,00 %","5,00–15,00 %","1,00–8,00 %",rango tecnico de diseno del proveedor - NO es el estandar IFRA,media,2026-09-21,https://maeselab.com/methyl-ionone-gamma/
MAT-safraleine,Safraleine,54440-17-4,100 %,Maese Lab (ficha de producto),% del producto terminado,"0,02–0,08 %","0,03–0,20 %","0,05–0,40 %","0,20–2,50 %","0,05–0,60 %",evitar,"0,10–0,80 %",restringir o evitar,"0,20–1,50 %","0,30–3,00 %","1,00–5,00 %","2,00–8,00 %","0,20–3,00 %",rango tecnico de diseno del proveedor - NO es el estandar IFRA,media,2026-09-21,https://maeselab.com/safraleine/
MAT-vainillina,Vainillina o Vainillin,121-33-5,99 %,Maese Lab (ficha de producto),% del producto terminado,"0,02–0,10 %","0,05–0,30 %","0,10–0,60 %","0,50–5,00 %","0,10–1,00 %",evitar,"0,20–1,50 %",restringir o evitar,"0,50–3,00 %","0,50–5,00 %","2,00–8,00 %","5,00–15,00 %","0,20–5,00 %",rango tecnico de diseno del proveedor - NO es el estandar IFRA,media,2026-09-21,https://maeselab.com/vainillina-o-vainillin/
MAT-absoluto-de-tabaco,Absoluto de tabaco 10 % DPG,8037-19-2,catalogo: 10 % en DPG (NO es el frasco del kit),Olfatorium (Informacion adicional),"sin declarar - por convencion % del concentrado, salvo 'IFRA category 4'",,,,,,,,,,,,,,uso recomendado del proveedor - NO es el estandar IFRA salvo donde lo dice,media,2026-09-21,https://olfatorium.com/tienda/
MAT-alcohol-feniletilico,Alcohol Feniletílico,60-12-8,catalogo: Puro (NO es el frasco del kit),Olfatorium (Informacion adicional),"sin declarar - por convencion % del concentrado, salvo 'IFRA category 4'",,,,,,,,,,,,,,uso recomendado del proveedor - NO es el estandar IFRA salvo donde lo dice,media,2026-09-21,https://olfatorium.com/tienda/
MAT-allyl-amyl-glycolate,Allyl Amyl Glycolate,67634-00-8,catalogo: Pure (NO es el frasco del kit),Olfatorium (Informacion adicional),"sin declarar - por convencion % del concentrado, salvo 'IFRA category 4'",,,,,,,,,,,,,Hasta 1 %,uso recomendado del proveedor - NO es el estandar IFRA salvo donde lo dice,media,2026-09-21,https://olfatorium.com/tienda/
MAT-bergamota-sin-bergaptenos,Bergamota sin bergaptenos,68648-33-9,catalogo: Pure / Sin diluir (NO es el frasco del kit),Olfatorium (Informacion adicional),"sin declarar - por convencion % del concentrado, salvo 'IFRA category 4'",,,,,,,,,,,,,,uso recomendado del proveedor - NO es el estandar IFRA salvo donde lo dice,media,2026-09-21,https://olfatorium.com/tienda/
MAT-cedro-atlas,Cedro Atlas,8023-85-6,catalogo: Puro (NO es el frasco del kit),Olfatorium (Informacion adicional),"sin declarar - por convencion % del concentrado, salvo 'IFRA category 4'",,,,,,,,,,,,,,uso recomendado del proveedor - NO es el estandar IFRA salvo donde lo dice,media,2026-09-21,https://olfatorium.com/tienda/
MAT-cilantro,Cilantro,84775-50-8,catalogo: Puro (NO es el frasco del kit),Olfatorium (Informacion adicional),"sin declarar - por convencion % del concentrado, salvo 'IFRA category 4'",,,,,,,,,,,,,,uso recomendado del proveedor - NO es el estandar IFRA salvo donde lo dice,media,2026-09-21,https://olfatorium.com/tienda/
MAT-dihydromyrcenol,Dihydromircenol,18479-58-8,catalogo: Pure (NO es el frasco del kit),Olfatorium (Informacion adicional),"sin declarar - por convencion % del concentrado, salvo 'IFRA category 4'",,,,,,,,,,,,,Hasta 75 %,uso recomendado del proveedor - NO es el estandar IFRA salvo donde lo dice,media,2026-09-21,https://olfatorium.com/tienda/
MAT-ethyl-maltol,Ethyl Maltol,4940-11-8,catalogo: Sin diluir (NO es el frasco del kit),Olfatorium (Informacion adicional),"sin declarar - por convencion % del concentrado, salvo 'IFRA category 4'",,,,,,,,,,,,,,uso recomendado del proveedor - NO es el estandar IFRA salvo donde lo dice,media,2026-09-21,https://olfatorium.com/tienda/
MAT-ethylene-brassylate,Ethylene Brassylate,105-95-3,catalogo: Pure (NO es el frasco del kit),Olfatorium (Informacion adicional),"sin declarar - por convencion % del concentrado, salvo 'IFRA category 4'",,,,,,,,,,,,,Hasta 10 %,uso recomendado del proveedor - NO es el estandar IFRA salvo donde lo dice,media,2026-09-21,https://olfatorium.com/tienda/
MAT-galaxolide,Astrolide PURO,1222-05-5,catalogo: Sin diluir (NO es el frasco del kit),Olfatorium (Informacion adicional),"sin declarar - por convencion % del concentrado, salvo 'IFRA category 4'",,,,,,,,,,,,,Hasta 10 %,uso recomendado del proveedor - NO es el estandar IFRA salvo donde lo dice,media,2026-09-21,https://olfatorium.com/tienda/
MAT-hedione,Hedione,24851-98-7,catalogo: Pure (NO es el frasco del kit),Olfatorium (Informacion adicional),"sin declarar - por convencion % del concentrado, salvo 'IFRA category 4'",,,,,,,,,,,,,Hasta 50 %,uso recomendado del proveedor - NO es el estandar IFRA salvo donde lo dice,media,2026-09-21,https://olfatorium.com/tienda/
MAT-ionona-alpha,Ionona Alpha,127-41-3,catalogo: Pure (NO es el frasco del kit),Olfatorium (Informacion adicional),"sin declarar - por convencion % del concentrado, salvo 'IFRA category 4'",,,,,,,,,,,,,Hasta 15 %,uso recomendado del proveedor - NO es el estandar IFRA salvo donde lo dice,media,2026-09-21,https://olfatorium.com/tienda/
MAT-iso-e-super,Iso E Super,54464-57-2 / 68155-66-8 / 68155-67-9,catalogo: Pure (NO es el frasco del kit),Olfatorium (Informacion adicional),"sin declarar - por convencion % del concentrado, salvo 'IFRA category 4'",,,,IFRA categoría 4 — 20 %,,,,,,,,,,uso recomendado del proveedor - NO es el estandar IFRA salvo donde lo dice,media,2026-09-21,https://olfatorium.com/tienda/
MAT-lavanda,Lavanda,8000-28-0 / 90063-37-9,catalogo: Puro (NO es el frasco del kit),Olfatorium (Informacion adicional),"sin declarar - por convencion % del concentrado, salvo 'IFRA category 4'",,,,,,,,,,,,,,uso recomendado del proveedor - NO es el estandar IFRA salvo donde lo dice,media,2026-09-21,https://olfatorium.com/tienda/
MAT-limon,Limón,8008-56-8,catalogo: Puro (NO es el frasco del kit),Olfatorium (Informacion adicional),"sin declarar - por convencion % del concentrado, salvo 'IFRA category 4'",,,,,,,,,,,,,,uso recomendado del proveedor - NO es el estandar IFRA salvo donde lo dice,media,2026-09-21,https://olfatorium.com/tienda/
MAT-linalol,Linalol,78-70-6,catalogo: Pure / Sin diluir (NO es el frasco del kit),Olfatorium (Informacion adicional),"sin declarar - por convencion % del concentrado, salvo 'IFRA category 4'",,,,,,,,,,,,,,uso recomendado del proveedor - NO es el estandar IFRA salvo donde lo dice,media,2026-09-21,https://olfatorium.com/tienda/
MAT-litsea-cubeba,Litsea Cubeba,68855-99-2 / 90063-59-5,catalogo: Puro (NO es el frasco del kit),Olfatorium (Informacion adicional),"sin declarar - por convencion % del concentrado, salvo 'IFRA category 4'",,,,,,,,,,,,,,uso recomendado del proveedor - NO es el estandar IFRA salvo donde lo dice,media,2026-09-21,https://olfatorium.com/tienda/
MAT-mandarina,Mandarina,8008-31-9 / 84929-38-4,catalogo: Puro (NO es el frasco del kit),Olfatorium (Informacion adicional),"sin declarar - por convencion % del concentrado, salvo 'IFRA category 4'",,,,,,,,,,,,,,uso recomendado del proveedor - NO es el estandar IFRA salvo donde lo dice,media,2026-09-21,https://olfatorium.com/tienda/
MAT-mayol,Mayol,13828-37-0,catalogo: Pure (NO es el frasco del kit),Olfatorium (Informacion adicional),"sin declarar - por convencion % del concentrado, salvo 'IFRA category 4'",,,,,,,,,,,,,Hasta 20 %,uso recomendado del proveedor - NO es el estandar IFRA salvo donde lo dice,media,2026-09-21,https://olfatorium.com/tienda/
MAT-methyl-pamplemousse,Methyl Pamplemousse,67674-46-8,catalogo: Pure (NO es el frasco del kit),Olfatorium (Informacion adicional),"sin declarar - por convencion % del concentrado, salvo 'IFRA category 4'",,,,,,,,,,,,,"0,1 a 10 %",uso recomendado del proveedor - NO es el estandar IFRA salvo donde lo dice,media,2026-09-21,https://olfatorium.com/tienda/
MAT-naranja-dulce,Naranja,8008-57-9 / 8028-48-6,catalogo: Puro (NO es el frasco del kit),Olfatorium (Informacion adicional),"sin declarar - por convencion % del concentrado, salvo 'IFRA category 4'",,,,,,,,,,,,,,uso recomendado del proveedor - NO es el estandar IFRA salvo donde lo dice,media,2026-09-21,https://olfatorium.com/tienda/
MAT-patchouli,Patchouli,no declarado en la ficha,catalogo: Sin diluir (NO es el frasco del kit),Olfatorium (Informacion adicional),"sin declarar - por convencion % del concentrado, salvo 'IFRA category 4'",,,,,,,,,,,,,,uso recomendado del proveedor - NO es el estandar IFRA salvo donde lo dice,media,2026-09-21,https://olfatorium.com/tienda/
MAT-polysantol,Polysantal,107898-54-4,catalogo: Pure (NO es el frasco del kit),Olfatorium (Informacion adicional),"sin declarar - por convencion % del concentrado, salvo 'IFRA category 4'",,,,,,,,,,,,,Hasta 2 %,uso recomendado del proveedor - NO es el estandar IFRA salvo donde lo dice,media,2026-09-21,https://olfatorium.com/tienda/
MAT-resinoide-benjui,Benjui 50 % DPG,9000-72-0,catalogo: 50 % en DPG (NO es el frasco del kit),Olfatorium (Informacion adicional),"sin declarar - por convencion % del concentrado, salvo 'IFRA category 4'",,,,,,,,,,,,,,uso recomendado del proveedor - NO es el estandar IFRA salvo donde lo dice,media,2026-09-21,https://olfatorium.com/tienda/
MAT-resinoide-estyrax-estoraque,Resinoide de Estirax,8046-19-3,catalogo: Puro (NO es el frasco del kit),Olfatorium (Informacion adicional),"sin declarar - por convencion % del concentrado, salvo 'IFRA category 4'",,,,"0,64 % (IFRA STD 078, enmienda 49)",,,,,,,,,,uso recomendado del proveedor - NO es el estandar IFRA salvo donde lo dice,media,2026-09-21,https://olfatorium.com/tienda/
MAT-salvia-officinalis,Salvia Officinalis,8022-56-8,catalogo: Puro (NO es el frasco del kit),Olfatorium (Informacion adicional),"sin declarar - por convencion % del concentrado, salvo 'IFRA category 4'",,,,,,,,,,,,,,uso recomendado del proveedor - NO es el estandar IFRA salvo donde lo dice,media,2026-09-21,https://olfatorium.com/tienda/
MAT-sandalmysore-core,Sandalmysore Core,28219-60-5,catalogo: Pure (NO es el frasco del kit),Olfatorium (Informacion adicional),"sin declarar - por convencion % del concentrado, salvo 'IFRA category 4'",,,,,,,,,,,,,Hasta 5 %,uso recomendado del proveedor - NO es el estandar IFRA salvo donde lo dice,media,2026-09-21,https://olfatorium.com/tienda/
MAT-stemone,Stemone,22457-23-4,catalogo: Pure (NO es el frasco del kit),Olfatorium (Informacion adicional),"sin declarar - por convencion % del concentrado, salvo 'IFRA category 4'",,,,,,,,,,,,,"0,1 a 5 %",uso recomendado del proveedor - NO es el estandar IFRA salvo donde lo dice,media,2026-09-21,https://olfatorium.com/tienda/
MAT-vertenex-ptbcha,PTBCHA aka Vertenex,32210-23-4,catalogo: Pure (NO es el frasco del kit),Olfatorium (Informacion adicional),"sin declarar - por convencion % del concentrado, salvo 'IFRA category 4'",,,,,,,,,,,,,Hasta 20 %,uso recomendado del proveedor - NO es el estandar IFRA salvo donde lo dice,media,2026-09-21,https://olfatorium.com/tienda/
MAT-vetiver,Vetiver Haití,8016-96-4,catalogo: Sin diluir (NO es el frasco del kit),Olfatorium (Informacion adicional),"sin declarar - por convencion % del concentrado, salvo 'IFRA category 4'",,,,,,,,,,,,,,uso recomendado del proveedor - NO es el estandar IFRA salvo donde lo dice,media,2026-09-21,https://olfatorium.com/tienda/
