log10_pv_mmhg,horas_estimadas,n_vecinos,ventana_log10
-9.0,390,4,1.50
-8.9,390,4,1.50
-8.8,390,4,1.50
-8.7,390,4,1.50
-8.6,390,5,1.50
-8.5,390,6,1.50
-8.4,390,7,1.50
-8.3,390,7,1.50
-8.2,390,7,1.50
-8.1,390,8,1.50
-8.0,390,8,1.50
-7.9,390,9,1.50
-7.8,390,10,1.50
-7.7,390,11,1.50
-7.6,390,12,1.50
-7.5,390,13,1.50
-7.4,390,13,1.50
-7.3,390,13,1.50
-7.2,390,15,1.45
-7.1,390,15,1.35
-7.0,390,15,1.25
-6.9,390,15,1.20
-6.8,390,15,1.10
-6.7,390,17,1.05
-6.6,384,15,1.00
-6.5,384,17,0.95
-6.4,366,16,0.85
-6.3,366,16,0.75
-6.2,352,18,0.70
-6.1,352,18,0.60
-6.0,350,17,0.50
-5.9,350,15,0.40
-5.8,350,18,0.40
-5.7,350,16,0.30
-5.6,350,19,0.25
-5.5,350,20,0.25
-5.4,321,22,0.25
-5.3,321,28,0.25
-5.2,304,29,0.25
-5.1,304,27,0.25
-5.0,292,26,0.25
-4.9,268,23,0.25
-4.8,210,18,0.25
-4.7,210,18,0.25
-4.6,210,19,0.25
-4.5,210,21,0.25
-4.4,210,22,0.25
-4.3,210,20,0.25
-4.2,210,17,0.25
-4.1,210,17,0.25
-4.0,210,19,0.30
-3.9,210,17,0.25
-3.8,210,19,0.25
-3.7,210,20,0.25
-3.6,210,21,0.25
-3.5,210,21,0.25
-3.4,210,22,0.25
-3.3,210,22,0.25
-3.2,210,27,0.25
-3.1,210,34,0.25
-3.0,210,38,0.25
-2.9,210,40,0.25
-2.8,210,49,0.25
-2.7,210,56,0.25
-2.6,210,51,0.25
-2.5,210,57,0.25
-2.4,206,66,0.25
-2.3,201,78,0.25
-2.2,156,85,0.25
-2.1,140,89,0.25
-2.0,108,98,0.25
-1.9,92,119,0.25
-1.8,92,121,0.25
-1.7,70,148,0.25
-1.6,68,170,0.25
-1.5,68,195,0.25
-1.4,64,192,0.25
-1.3,54,188,0.25
-1.2,40,176,0.25
-1.1,28,172,0.25
-1.0,24,150,0.25
-0.9,24,140,0.25
-0.8,20,135,0.25
-0.7,20,114,0.25
-0.6,20,104,0.25
-0.5,20,102,0.25
-0.4,16,98,0.25
-0.3,16,91,0.25
-0.2,16,86,0.25
-0.1,12,82,0.25
0.0,8,75,0.25
0.1,6,64,0.25
0.2,5,53,0.25
0.3,4,51,0.25
0.4,4,40,0.25
0.5,4,32,0.25
0.6,4,25,0.25
0.7,4,21,0.25
0.8,4,15,0.25
0.9,4,15,0.30
1.0,4,16,0.35
1.1,4,16,0.40
1.2,4,16,0.40
1.3,4,15,0.45
1.4,4,16,0.55
1.5,4,15,0.50
1.6,4,16,0.60
1.7,4,15,0.65
1.8,4,16,0.70
1.9,4,15,0.75
2.0,4,16,0.85
2.1,4,16,0.95
2.2,4,16,1.05
2.3,4,16,1.15
2.4,4,16,1.25
2.5,4,16,1.35
2.6,4,16,1.45
2.7,4,14,1.50
2.8,4,14,1.50
2.9,4,12,1.50
3.0,4,10,1.50
