cas,pv_opera_mmhg,log10_pv,posicion,horas_estimadas,horas_min,horas_max,banda
59-51-8,0.000398,-3.40,0.71,210,57,400+,1-2 semanas
60-12-8,0.0871,-1.06,0.32,26,7,97,1-3 días
64-18-6,42.7,1.63,0.00,4,1,15,menos de 6 h
65-85-0,0.000708,-3.15,0.67,210,57,400+,1-2 semanas
66-25-1,11.5,1.06,0.00,4,1,15,menos de 6 h
69-79-4,5.01e-11,-10.30,1.00,390,106,400+,más de 2 semanas (tope 400 h)
71-23-8,20.9,1.32,0.00,4,1,15,menos de 6 h
71-36-3,6.76,0.83,0.00,4,1,15,menos de 6 h
71-41-0,2.19,0.34,0.08,4,1,15,menos de 6 h
74-93-1,1.51e+03,3.18,0.00,4,1,15,menos de 6 h
75-07-0,891,2.95,0.00,4,1,15,menos de 6 h
75-18-3,501,2.70,0.00,4,1,15,menos de 6 h
75-65-0,40.7,1.61,0.00,4,1,15,menos de 6 h
76-22-2,0.646,-0.19,0.17,16,4,58,6-24 h
76-49-3,0.224,-0.65,0.25,20,5,74,6-24 h
76-50-6,0.017,-1.77,0.44,85,23,314,3-7 días
77-42-9,0.00407,-2.39,0.54,205,56,400+,1-2 semanas
77-53-2,0.00324,-2.49,0.56,209,57,400+,1-2 semanas
77-83-8,0.00102,-2.99,0.64,210,57,400+,1-2 semanas
78-35-3,0.0427,-1.37,0.37,61,16,225,1-3 días
78-36-4,0.0457,-1.34,0.36,58,16,214,1-3 días
78-37-5,1.58e-05,-4.80,0.95,210,57,400+,1-2 semanas
78-69-3,0.138,-0.86,0.28,22,6,83,6-24 h
78-70-6,0.158,-0.80,0.27,20,5,74,6-24 h
78-83-1,10.5,1.02,0.00,4,1,15,menos de 6 h
78-84-2,170,2.23,0.00,4,1,15,menos de 6 h
78-92-2,18.2,1.26,0.00,4,1,15,menos de 6 h
78-93-3,91.2,1.96,0.00,4,1,15,menos de 6 h
79-09-4,3.55,0.55,0.04,4,1,15,menos de 6 h
79-20-9,214,2.33,0.00,4,1,15,menos de 6 h
79-31-2,1.82,0.26,0.09,4,1,16,menos de 6 h
79-69-6,0.0692,-1.16,0.33,35,9,129,1-3 días
79-70-9,0.0692,-1.16,0.33,35,9,129,1-3 días
79-76-5,0.0457,-1.34,0.36,58,16,214,1-3 días
79-77-6,0.0537,-1.27,0.35,50,13,183,1-3 días
79-78-7,0.00407,-2.39,0.54,205,56,400+,1-2 semanas
79-89-0,0.0589,-1.23,0.34,44,12,163,1-3 días
79-92-5,2.51,0.40,0.07,4,1,15,menos de 6 h
80-25-1,0.0468,-1.33,0.36,57,15,210,1-3 días
80-26-2,0.0457,-1.34,0.36,58,16,214,1-3 días
80-27-3,0.049,-1.31,0.36,55,15,203,1-3 días
80-54-6,0.195,-0.71,0.26,20,5,74,6-24 h
80-56-8,4.68,0.67,0.02,4,1,15,menos de 6 h
80-59-1,0.135,-0.87,0.28,23,6,84,6-24 h
80-71-7,0.49,-0.31,0.19,16,4,59,6-24 h
81-14-1,5.25e-06,-5.28,1.00,318,86,400+,1-2 semanas
83-34-1,0.0055,-2.26,0.52,182,49,400+,1-2 semanas
85-91-6,0.000794,-3.10,0.66,210,57,400+,1-2 semanas
86-26-0,0.00209,-2.68,0.59,210,57,400+,1-2 semanas
87-19-4,0.000447,-3.35,0.70,210,57,400+,1-2 semanas
87-20-7,0.000107,-3.97,0.81,210,57,400+,1-2 semanas
87-22-9,1.86e-07,-6.73,1.00,390,106,400+,más de 2 semanas (tope 400 h)
87-25-2,0.0309,-1.51,0.39,68,18,252,1-3 días
87-41-2,0.002,-2.70,0.59,210,57,400+,1-2 semanas
87-44-5,0.0102,-1.99,0.47,106,29,393,3-7 días
88-09-5,0.186,-0.73,0.26,20,5,74,6-24 h
88-15-3,9.12,0.96,0.00,4,1,15,menos de 6 h
88-41-5,0.055,-1.26,0.35,48,13,178,1-3 días
88-69-7,0.0977,-1.01,0.31,24,7,90,1-3 días
88-84-6,0.0219,-1.66,0.42,69,19,256,1-3 días
89-43-0,6.61e-08,-7.18,1.00,390,106,400+,más de 2 semanas (tope 400 h)
89-48-5,0.105,-0.98,0.30,24,6,89,6-24 h
89-71-4,0.0692,-1.16,0.33,35,9,129,1-3 días
89-78-1,0.0055,-2.26,0.52,182,49,400+,1-2 semanas
89-79-2,0.0269,-1.57,0.40,68,18,252,1-3 días
89-80-5,0.257,-0.59,0.24,20,5,74,6-24 h
89-81-6,0.224,-0.65,0.25,20,5,74,6-24 h
89-82-7,0.123,-0.91,0.29,24,6,89,6-24 h
89-83-8,0.00224,-2.65,0.58,210,57,400+,1-2 semanas
89-88-3,0.000759,-3.12,0.66,210,57,400+,1-2 semanas
90-02-8,0.575,-0.24,0.18,16,4,59,6-24 h
90-05-1,0.102,-0.99,0.30,24,6,89,6-24 h
90-17-5,0.0129,-1.89,0.46,92,25,340,3-7 días
90-42-6,0.0912,-1.04,0.31,26,7,94,1-3 días
90-87-9,0.02,-1.70,0.42,70,19,259,1-3 días
91-10-1,4.27e-06,-5.37,1.00,321,87,400+,1-2 semanas
91-16-7,0.468,-0.33,0.19,16,4,59,6-24 h
91-50-9,7.08e-09,-8.15,1.00,390,106,400+,más de 2 semanas (tope 400 h)
91-51-0,2.19e-07,-6.66,1.00,388,105,400+,más de 2 semanas (tope 400 h)
91-57-6,0.0537,-1.27,0.35,50,13,183,1-3 días
91-61-2,0.00891,-2.05,0.48,123,33,400+,3-7 días
91-62-3,0.00646,-2.19,0.51,154,42,400+,3-7 días
91-63-4,0.00955,-2.02,0.48,114,31,400+,3-7 días
91-64-5,0.000977,-3.01,0.65,210,57,400+,1-2 semanas
91-87-2,4.47e-05,-4.35,0.87,210,57,400+,1-2 semanas
92-52-4,0.00891,-2.05,0.48,123,33,400+,3-7 días
93-04-9,0.00537,-2.27,0.52,186,50,400+,1-2 semanas
93-08-3,0.000617,-3.21,0.68,210,57,400+,1-2 semanas
93-15-2,0.012,-1.92,0.46,95,26,351,3-7 días
93-16-3,0.00724,-2.14,0.50,146,40,400+,3-7 días
93-18-5,0.00219,-2.66,0.59,210,57,400+,1-2 semanas
93-19-6,0.00229,-2.64,0.58,210,57,400+,1-2 semanas
93-28-7,0.00316,-2.50,0.56,210,57,400+,1-2 semanas
93-51-6,0.0191,-1.72,0.43,74,20,274,3-7 días
93-53-8,0.269,-0.57,0.23,20,5,74,6-24 h
93-58-3,0.372,-0.43,0.21,17,5,63,6-24 h
93-60-7,0.295,-0.53,0.23,20,5,74,6-24 h
93-89-0,0.263,-0.58,0.23,20,5,74,6-24 h
93-92-5,0.0166,-1.78,0.44,87,24,322,3-7 días
94-02-0,0.000407,-3.39,0.71,210,57,400+,1-2 semanas
94-30-4,0.00234,-2.63,0.58,210,57,400+,1-2 semanas
94-46-2,0.141,-0.85,0.28,22,6,81,6-24 h
94-47-3,5.37e-05,-4.27,0.86,210,57,400+,1-2 semanas
94-48-4,1.29e-05,-4.89,0.96,262,71,400+,1-2 semanas
94-58-6,0.00575,-2.24,0.52,173,47,400+,1-2 semanas
94-62-2,6.61e-07,-6.18,1.00,352,95,400+,más de 2 semanas (tope 400 h)
94-86-0,0.0038,-2.42,0.55,207,56,400+,1-2 semanas
95-13-6,1.1,0.04,0.13,7,2,26,6-24 h
95-16-9,0.0162,-1.79,0.44,90,24,331,3-7 días
95-41-0,0.0813,-1.09,0.32,28,7,102,1-3 días
95-48-7,0.302,-0.52,0.22,20,5,74,6-24 h
95-65-8,0.0363,-1.44,0.38,66,18,243,1-3 días
95-87-4,0.151,-0.82,0.27,21,6,77,6-24 h
96-04-8,1,0.00,0.14,8,2,30,6-24 h
96-17-3,30.2,1.48,0.00,4,1,15,menos de 6 h
96-22-0,37.2,1.57,0.00,4,1,15,menos de 6 h
96-48-0,0.457,-0.34,0.19,16,4,59,6-24 h
97-41-6,0.0708,-1.15,0.33,34,9,125,1-3 días
97-42-7,0.0363,-1.44,0.38,66,18,243,1-3 días
97-45-0,0.0117,-1.93,0.46,97,26,357,3-7 días
97-53-0,0.0224,-1.65,0.42,69,19,255,1-3 días
97-54-1,0.012,-1.92,0.46,95,26,351,3-7 días
97-61-0,0.186,-0.73,0.26,20,5,74,6-24 h
97-62-1,25.1,1.40,0.00,4,1,15,menos de 6 h
97-64-3,3.72,0.57,0.04,4,1,15,menos de 6 h
97-85-8,4.37,0.64,0.03,4,1,15,menos de 6 h
97-87-0,2.95,0.47,0.06,4,1,15,menos de 6 h
97-89-2,0.038,-1.42,0.38,65,18,240,1-3 días
97-95-0,1.55,0.19,0.10,5,1,19,menos de 6 h
97-99-4,0.813,-0.09,0.15,12,3,43,6-24 h
98-01-1,2.19,0.34,0.08,4,1,15,menos de 6 h
98-02-2,2.14,0.33,0.08,4,1,15,menos de 6 h
98-52-2,0.0692,-1.16,0.33,35,9,129,1-3 días
98-53-3,0.263,-0.58,0.23,20,5,74,6-24 h
98-55-5,0.0427,-1.37,0.37,61,16,225,1-3 días
98-85-1,0.0977,-1.01,0.31,24,7,90,1-3 días
98-86-2,0.398,-0.40,0.20,16,4,59,6-24 h
99-48-9,0.0135,-1.87,0.45,92,25,340,3-7 días
99-72-9,0.275,-0.56,0.23,20,5,74,6-24 h
99-75-2,0.0224,-1.65,0.42,69,19,255,1-3 días
99-82-1,2.69,0.43,0.06,4,1,15,menos de 6 h
99-83-2,1.41,0.15,0.11,5,1,20,menos de 6 h
99-85-4,1.1,0.04,0.13,7,2,26,6-24 h
99-86-5,1.1,0.04,0.13,7,2,26,6-24 h
99-87-6,0.355,-0.45,0.21,18,5,66,6-24 h
100-06-1,0.00646,-2.19,0.51,154,42,400+,3-7 días
100-09-4,0.000617,-3.21,0.68,210,57,400+,1-2 semanas
100-42-5,6.31,0.80,0.00,4,1,15,menos de 6 h
100-47-0,0.759,-0.12,0.16,13,3,47,6-24 h
100-51-6,0.0955,-1.02,0.31,25,7,92,1-3 días
100-52-7,1.26,0.10,0.12,6,2,22,6-24 h
100-53-8,0.417,-0.38,0.20,16,4,59,6-24 h
100-66-3,3.55,0.55,0.04,4,1,15,menos de 6 h
100-86-7,0.0468,-1.33,0.36,57,15,210,1-3 días
101-39-3,0.0151,-1.82,0.44,92,25,340,3-7 días
101-41-7,0.049,-1.31,0.36,55,15,203,1-3 días
101-48-4,0.0178,-1.75,0.43,80,22,297,3-7 días
101-49-5,0.0105,-1.98,0.47,105,28,387,3-7 días
101-81-5,0.00813,-2.09,0.49,136,37,400+,3-7 días
101-84-8,0.02,-1.70,0.42,70,19,259,1-3 días
101-85-9,0.00204,-2.69,0.59,210,57,400+,1-2 semanas
101-86-0,0.00269,-2.57,0.57,210,57,400+,1-2 semanas
101-94-0,8.13e-05,-4.09,0.83,210,57,400+,1-2 semanas
101-97-3,0.0263,-1.58,0.40,68,18,252,1-3 días
102-13-6,0.0468,-1.33,0.36,57,15,210,1-3 días
102-16-9,5.13e-05,-4.29,0.86,210,57,400+,1-2 semanas
102-17-0,8.13e-06,-5.09,1.00,303,82,400+,1-2 semanas
102-19-2,0.0355,-1.45,0.38,66,18,244,1-3 días
102-20-5,3.63e-05,-4.44,0.89,210,57,400+,1-2 semanas
102-22-7,2.63e-06,-5.58,1.00,350,95,400+,más de 2 semanas (tope 400 h)
103-05-9,0.0372,-1.43,0.38,65,18,241,1-3 días
103-07-1,0.0186,-1.73,0.43,76,21,281,3-7 días
103-09-3,0.234,-0.63,0.24,20,5,74,6-24 h
103-26-4,0.0339,-1.47,0.38,67,18,247,1-3 días
103-28-6,0.0195,-1.71,0.43,72,19,266,1-3 días
103-36-6,0.00331,-2.48,0.56,209,56,400+,1-2 semanas
103-37-7,0.02,-1.70,0.42,70,19,259,1-3 días
103-38-8,0.0355,-1.45,0.38,66,18,244,1-3 días
103-41-3,1e-05,-5.00,0.98,292,79,400+,1-2 semanas
103-45-7,0.0316,-1.50,0.39,68,18,252,1-3 días
103-48-0,0.0302,-1.52,0.39,68,18,252,1-3 días
103-50-4,0.00105,-2.98,0.64,210,57,400+,1-2 semanas
103-52-6,0.0316,-1.50,0.39,68,18,252,1-3 días
103-53-7,1.05e-05,-4.98,0.98,287,78,400+,1-2 semanas
103-54-8,0.00955,-2.02,0.48,114,31,400+,3-7 días
103-56-0,0.0224,-1.65,0.42,69,19,255,1-3 días
103-58-2,0.0316,-1.50,0.39,68,18,252,1-3 días
103-59-3,0.0263,-1.58,0.40,68,18,252,1-3 días
103-60-6,0.00129,-2.89,0.63,210,57,400+,1-2 semanas
103-61-7,0.0263,-1.58,0.40,68,18,252,1-3 días
103-82-2,0.00372,-2.43,0.55,207,56,400+,1-2 semanas
103-93-5,0.195,-0.71,0.26,20,5,74,6-24 h
103-95-7,0.195,-0.71,0.26,20,5,74,6-24 h
104-09-6,0.347,-0.46,0.21,18,5,68,6-24 h
104-20-1,0.0155,-1.81,0.44,92,25,340,3-7 días
104-21-2,0.00282,-2.55,0.57,210,57,400+,1-2 semanas
104-45-0,0.275,-0.56,0.23,20,5,74,6-24 h
104-46-1,0.0708,-1.15,0.33,34,9,125,1-3 días
104-50-7,0.204,-0.69,0.25,20,5,74,6-24 h
104-53-0,0.282,-0.55,0.23,20,5,74,6-24 h
104-54-1,0.024,-1.62,0.41,68,18,253,1-3 días
104-55-2,0.0288,-1.54,0.40,68,18,252,1-3 días
104-57-4,0.339,-0.47,0.22,19,5,69,6-24 h
104-61-0,0.0562,-1.25,0.35,47,13,173,1-3 días
104-62-1,0.178,-0.75,0.26,20,5,74,6-24 h
104-65-4,0.011,-1.96,0.47,101,27,375,3-7 días
104-67-6,0.0269,-1.57,0.40,68,18,252,1-3 días
104-76-7,0.138,-0.86,0.28,22,6,83,6-24 h
104-87-0,0.251,-0.60,0.24,20,5,74,6-24 h
104-90-5,1.45,0.16,0.11,5,1,20,menos de 6 h
104-93-8,1.1,0.04,0.13,7,2,26,6-24 h
105-01-1,0.0339,-1.47,0.38,67,18,247,1-3 días
105-13-5,0.0178,-1.75,0.43,80,22,297,3-7 días
105-21-5,0.214,-0.67,0.25,20,5,74,6-24 h
105-37-3,33.9,1.53,0.00,4,1,15,menos de 6 h
105-43-1,0.191,-0.72,0.26,20,5,74,6-24 h
105-45-3,0.891,-0.05,0.14,10,3,36,6-24 h
105-53-3,0.269,-0.57,0.23,20,5,74,6-24 h
105-54-4,12.9,1.11,0.00,4,1,15,menos de 6 h
105-57-7,27.5,1.44,0.00,4,1,15,menos de 6 h
105-66-8,5.37,0.73,0.01,4,1,15,menos de 6 h
105-67-9,0.102,-0.99,0.30,24,6,89,6-24 h
105-68-0,2.19,0.34,0.08,4,1,15,menos de 6 h
105-79-3,0.692,-0.16,0.16,14,4,53,6-24 h
105-85-1,0.324,-0.49,0.22,20,5,72,6-24 h
105-86-2,0.0589,-1.23,0.34,44,12,163,1-3 días
105-87-3,0.0331,-1.48,0.39,67,18,249,1-3 días
105-89-5,0.0437,-1.36,0.37,60,16,221,1-3 días
105-90-8,0.049,-1.31,0.36,55,15,203,1-3 días
105-91-9,0.049,-1.31,0.36,55,15,203,1-3 días
105-95-3,2e-06,-5.70,1.00,350,95,400+,más de 2 semanas (tope 400 h)
106-02-5,6.92e-06,-5.16,1.00,304,82,400+,1-2 semanas
106-21-8,0.0955,-1.02,0.31,25,7,92,1-3 días
106-22-9,0.0447,-1.35,0.36,59,16,218,1-3 días
106-23-0,0.38,-0.42,0.21,17,5,62,6-24 h
106-24-1,0.0302,-1.52,0.39,68,18,252,1-3 días
106-25-2,0.0302,-1.52,0.39,68,18,252,1-3 días
106-26-3,0.646,-0.19,0.17,16,4,58,6-24 h
106-27-4,0.955,-0.02,0.14,9,2,32,6-24 h
106-29-6,0.0195,-1.71,0.43,72,19,266,1-3 días
106-30-9,0.676,-0.17,0.16,15,4,54,6-24 h
106-32-1,0.178,-0.75,0.26,20,5,74,6-24 h
106-33-2,0.00182,-2.74,0.60,210,57,400+,1-2 semanas
106-35-4,2.63,0.42,0.06,4,1,15,menos de 6 h
106-36-5,16.2,1.21,0.00,4,1,15,menos de 6 h
106-44-5,0.11,-0.96,0.30,24,6,89,6-24 h
106-65-0,0.407,-0.39,0.20,16,4,59,6-24 h
106-68-3,2,0.30,0.08,4,1,15,menos de 6 h
106-70-7,4.07,0.61,0.03,4,1,15,menos de 6 h
106-72-9,0.759,-0.12,0.16,13,3,47,6-24 h
106-73-0,3.55,0.55,0.04,4,1,15,menos de 6 h
107-03-9,155,2.19,0.00,4,1,15,menos de 6 h
107-74-4,0.00148,-2.83,0.62,210,57,400+,1-2 semanas
107-75-5,0.00129,-2.89,0.63,210,57,400+,1-2 semanas
107-86-8,23.4,1.37,0.00,4,1,15,menos de 6 h
107-87-9,35.5,1.55,0.00,4,1,15,menos de 6 h
107-92-6,1.62,0.21,0.10,5,1,18,menos de 6 h
107-93-7,1.74,0.24,0.09,5,1,17,menos de 6 h
108-10-1,20,1.30,0.00,4,1,15,menos de 6 h
108-21-4,58.9,1.77,0.00,4,1,15,menos de 6 h
108-29-2,1.7,0.23,0.10,5,1,17,menos de 6 h
108-39-4,0.11,-0.96,0.30,24,6,89,6-24 h
108-46-3,0.000479,-3.32,0.70,210,57,400+,1-2 semanas
108-47-4,3.16,0.50,0.05,4,1,15,menos de 6 h
108-48-5,5.62,0.75,0.01,4,1,15,menos de 6 h
108-50-9,3.09,0.49,0.05,4,1,15,menos de 6 h
108-64-5,8.13,0.91,0.00,4,1,15,menos de 6 h
108-68-9,0.0407,-1.39,0.37,63,17,233,1-3 días
108-82-7,0.302,-0.52,0.22,20,5,74,6-24 h
108-83-8,1.66,0.22,0.10,5,1,18,menos de 6 h
108-93-0,0.794,-0.10,0.15,12,3,44,6-24 h
108-94-1,4.37,0.64,0.03,4,1,15,menos de 6 h
108-95-2,0.347,-0.46,0.21,18,5,68,6-24 h
109-08-0,7.94,0.90,0.00,4,1,15,menos de 6 h
109-15-9,0.0347,-1.46,0.38,66,18,246,1-3 días
109-19-3,1.35,0.13,0.11,6,2,21,menos de 6 h
109-20-6,0.0135,-1.87,0.45,92,25,340,3-7 días
109-21-7,1.82,0.26,0.09,4,1,16,menos de 6 h
109-29-5,3.89e-06,-5.41,1.00,324,88,400+,1-2 semanas
109-42-2,0.00126,-2.90,0.63,210,57,400+,1-2 semanas
109-49-9,10.5,1.02,0.00,4,1,15,menos de 6 h
109-52-4,0.2,-0.70,0.25,20,5,74,6-24 h
109-60-4,35.5,1.55,0.00,4,1,15,menos de 6 h
109-94-4,245,2.39,0.00,4,1,15,menos de 6 h
110-19-0,17.8,1.25,0.00,4,1,15,menos de 6 h
110-38-3,0.0158,-1.80,0.44,92,25,340,3-7 días
110-39-4,0.0158,-1.80,0.44,92,25,340,3-7 días
110-41-8,0.0209,-1.68,0.42,70,19,258,1-3 días
110-42-9,0.0372,-1.43,0.38,65,18,241,1-3 días
110-43-0,3.89,0.59,0.04,4,1,15,menos de 6 h
110-45-2,15.5,1.19,0.00,4,1,15,menos de 6 h
110-62-3,26.3,1.42,0.00,4,1,15,menos de 6 h
110-89-4,32.4,1.51,0.00,4,1,15,menos de 6 h
110-93-0,1.66,0.22,0.10,5,1,18,menos de 6 h
111-11-5,0.55,-0.26,0.18,16,4,59,6-24 h
111-12-6,1.78,0.25,0.09,4,1,17,menos de 6 h
111-13-7,1.35,0.13,0.11,6,2,21,menos de 6 h
111-14-8,0.0107,-1.97,0.47,103,28,381,3-7 días
111-27-3,0.933,-0.03,0.14,9,2,33,6-24 h
111-62-6,7.08e-06,-5.15,1.00,304,82,400+,1-2 semanas
111-70-6,0.219,-0.66,0.25,20,5,74,6-24 h
111-71-7,3.47,0.54,0.04,4,1,15,menos de 6 h
111-79-5,0.115,-0.94,0.29,24,6,89,6-24 h
111-80-8,0.347,-0.46,0.21,18,5,68,6-24 h
111-81-9,0.02,-1.70,0.42,70,19,259,1-3 días
111-82-0,0.00417,-2.38,0.54,205,55,400+,1-2 semanas
111-87-5,0.0794,-1.10,0.32,28,8,104,1-3 días
112-05-0,0.00166,-2.78,0.61,210,57,400+,1-2 semanas
112-06-1,1.1,0.04,0.13,7,2,26,6-24 h
112-12-9,0.0417,-1.38,0.37,62,17,229,1-3 días
112-14-1,0.17,-0.77,0.27,20,5,74,6-24 h
112-17-4,0.0155,-1.81,0.44,92,25,340,3-7 días
112-19-6,0.00646,-2.19,0.51,154,42,400+,3-7 días
112-30-1,0.00851,-2.07,0.49,130,35,400+,3-7 días
112-31-2,0.105,-0.98,0.30,24,6,89,6-24 h
112-32-3,1.38,0.14,0.11,6,2,21,menos de 6 h
112-37-8,0.00372,-2.43,0.55,207,56,400+,1-2 semanas
112-38-9,0.000933,-3.03,0.65,210,57,400+,1-2 semanas
112-39-0,4.68e-05,-4.33,0.87,210,57,400+,1-2 semanas
112-42-5,0.00295,-2.53,0.56,210,57,400+,1-2 semanas
112-43-6,0.00288,-2.54,0.57,210,57,400+,1-2 semanas
112-44-7,0.0513,-1.29,0.35,52,14,194,1-3 días
112-45-8,0.0794,-1.10,0.32,28,8,104,1-3 días
112-53-8,0.000851,-3.07,0.66,210,57,400+,1-2 semanas
112-54-9,0.0155,-1.81,0.44,92,25,340,3-7 días
112-66-3,0.00174,-2.76,0.60,210,57,400+,1-2 semanas
112-70-9,0.000437,-3.36,0.71,210,57,400+,1-2 semanas
115-18-4,11.7,1.07,0.00,4,1,15,menos de 6 h
115-71-9,0.00331,-2.48,0.56,209,56,400+,1-2 semanas
115-95-7,0.11,-0.96,0.30,24,6,89,6-24 h
115-99-1,0.182,-0.74,0.26,20,5,74,6-24 h
116-02-9,0.355,-0.45,0.21,18,5,66,6-24 h
116-26-7,0.794,-0.10,0.15,12,3,44,6-24 h
117-98-6,3.89e-06,-5.41,1.00,324,88,400+,1-2 semanas
118-55-8,5.75e-07,-6.24,1.00,358,97,400+,más de 2 semanas (tope 400 h)
118-58-1,6.46e-07,-6.19,1.00,352,95,400+,más de 2 semanas (tope 400 h)
118-60-5,4.07e-06,-5.39,1.00,321,87,400+,1-2 semanas
118-61-6,0.0832,-1.08,0.32,27,7,100,1-3 días
118-71-8,0.132,-0.88,0.28,23,6,86,6-24 h
118-93-4,0.00417,-2.38,0.54,205,55,400+,1-2 semanas
119-36-8,0.0339,-1.47,0.38,67,18,247,1-3 días
119-53-9,6.46e-05,-4.19,0.85,210,57,400+,1-2 semanas
119-61-9,0.00191,-2.72,0.60,210,57,400+,1-2 semanas
119-84-6,0.000977,-3.01,0.65,210,57,400+,1-2 semanas
120-11-6,2.63e-05,-4.58,0.91,210,57,400+,1-2 semanas
120-14-9,0.00468,-2.33,0.53,202,55,400+,1-2 semanas
120-24-1,2.82e-06,-5.55,1.00,350,95,400+,más de 2 semanas (tope 400 h)
120-45-6,0.0204,-1.69,0.42,70,19,258,1-3 días
120-50-3,0.0148,-1.83,0.45,92,25,340,3-7 días
120-51-4,0.000224,-3.65,0.75,210,57,400+,1-2 semanas
120-57-0,0.01,-2.00,0.47,108,29,400,3-7 días
120-58-1,0.00269,-2.57,0.57,210,57,400+,1-2 semanas
120-72-9,0.0123,-1.91,0.46,93,25,346,3-7 días
120-92-3,11.5,1.06,0.00,4,1,15,menos de 6 h
121-32-4,1.02e-05,-4.99,0.98,290,78,400+,1-2 semanas
121-33-5,0.000117,-3.93,0.80,210,57,400+,1-2 semanas
121-34-6,1.58e-07,-6.80,1.00,390,106,400+,más de 2 semanas (tope 400 h)
121-39-1,0.00112,-2.95,0.64,210,57,400+,1-2 semanas
121-98-2,0.00479,-2.32,0.53,202,55,400+,1-2 semanas
122-00-9,0.339,-0.47,0.22,19,5,69,6-24 h
122-03-2,0.437,-0.36,0.20,16,4,59,6-24 h
122-40-7,0.00479,-2.32,0.53,202,55,400+,1-2 semanas
122-43-0,0.0355,-1.45,0.38,66,18,244,1-3 días
122-48-5,2.24e-06,-5.65,1.00,350,95,400+,más de 2 semanas (tope 400 h)
122-63-4,0.0224,-1.65,0.42,69,19,255,1-3 días
122-67-8,0.0275,-1.56,0.40,68,18,252,1-3 días
122-68-9,3.63e-06,-5.44,1.00,332,90,400+,1-2 semanas
122-69-0,2.88e-06,-5.54,1.00,350,95,400+,más de 2 semanas (tope 400 h)
122-70-3,0.0195,-1.71,0.43,72,19,266,1-3 días
122-71-4,1.32e-05,-4.88,0.96,255,69,400+,1-2 semanas
122-72-5,0.0186,-1.73,0.43,76,21,281,3-7 días
122-73-6,0.347,-0.46,0.21,18,5,68,6-24 h
122-78-1,0.389,-0.41,0.21,16,4,61,6-24 h
122-84-9,0.0135,-1.87,0.45,92,25,340,3-7 días
122-91-8,0.00479,-2.32,0.53,202,55,400+,1-2 semanas
122-97-4,0.02,-1.70,0.42,70,19,259,1-3 días
122-99-6,0.00708,-2.15,0.50,148,40,400+,3-7 días
123-05-7,1.82,0.26,0.09,4,1,16,menos de 6 h
123-07-9,0.0372,-1.43,0.38,65,18,241,1-3 días
123-08-0,0.000115,-3.94,0.80,210,57,400+,1-2 semanas
123-11-5,0.0331,-1.48,0.39,67,18,249,1-3 días
123-15-9,17,1.23,0.00,4,1,15,menos de 6 h
123-18-2,0.0617,-1.21,0.34,42,11,154,1-3 días
123-19-3,6.03,0.78,0.00,4,1,15,menos de 6 h
123-25-1,0.0447,-1.35,0.36,59,16,218,1-3 días
123-29-5,0.102,-0.99,0.30,24,6,89,6-24 h
123-32-0,2.95,0.47,0.06,4,1,15,menos de 6 h
123-35-3,2.04,0.31,0.08,4,1,15,menos de 6 h
123-38-6,316,2.50,0.00,4,1,15,menos de 6 h
123-51-3,2.4,0.38,0.07,4,1,15,menos de 6 h
123-63-7,11,1.04,0.00,4,1,15,menos de 6 h
123-66-0,1.82,0.26,0.09,4,1,16,menos de 6 h
123-68-2,1.17,0.07,0.12,7,2,24,6-24 h
123-69-3,2.69e-06,-5.57,1.00,350,95,400+,más de 2 semanas (tope 400 h)
123-72-8,112,2.05,0.00,4,1,15,menos de 6 h
123-76-2,0.00112,-2.95,0.64,210,57,400+,1-2 semanas
123-86-4,11.7,1.07,0.00,4,1,15,menos de 6 h
123-92-2,5.62,0.75,0.01,4,1,15,menos de 6 h
123-96-6,0.24,-0.62,0.24,20,5,74,6-24 h
124-06-1,0.000209,-3.68,0.76,210,57,400+,1-2 semanas
124-10-7,0.00049,-3.31,0.70,210,57,400+,1-2 semanas
124-12-9,0.389,-0.41,0.21,16,4,61,6-24 h
124-13-0,1.17,0.07,0.12,7,2,24,6-24 h
124-19-6,0.372,-0.43,0.21,17,5,63,6-24 h
124-25-4,0.00933,-2.03,0.48,117,32,400+,3-7 días
124-76-5,0.0501,-1.30,0.36,54,15,200,1-3 días
125-12-2,0.224,-0.65,0.25,20,5,74,6-24 h
126-64-7,0.00129,-2.89,0.63,210,57,400+,1-2 semanas
126-90-9,0.158,-0.80,0.27,20,5,74,6-24 h
126-91-0,0.158,-0.80,0.27,20,5,74,6-24 h
127-17-3,1.29,0.11,0.12,6,2,22,menos de 6 h
127-41-3,0.0174,-1.76,0.43,82,22,305,3-7 días
127-42-4,0.0724,-1.14,0.33,32,9,120,1-3 días
127-43-5,0.0741,-1.13,0.33,31,8,116,1-3 días
127-51-5,0.055,-1.26,0.35,48,13,178,1-3 días
127-91-3,2.88,0.46,0.06,4,1,15,menos de 6 h
128-50-7,0.00813,-2.09,0.49,136,37,400+,3-7 días
128-51-8,0.0129,-1.89,0.46,92,25,340,3-7 días
133-18-6,8.91e-08,-7.05,1.00,390,106,400+,más de 2 semanas (tope 400 h)
134-20-3,0.0269,-1.57,0.40,68,18,252,1-3 días
134-28-1,6.03e-06,-5.22,1.00,307,83,400+,1-2 semanas
135-02-4,0.0331,-1.48,0.39,67,18,249,1-3 días
135-79-5,0.00603,-2.22,0.51,164,44,400+,3-7 días
136-60-7,0.0102,-1.99,0.47,106,29,393,3-7 días
137-00-8,0.00479,-2.32,0.53,202,55,400+,1-2 semanas
137-03-1,0.0347,-1.46,0.38,66,18,246,1-3 días
137-06-4,0.646,-0.19,0.17,16,4,58,6-24 h
137-32-6,3.16,0.50,0.05,4,1,15,menos de 6 h
138-22-7,0.398,-0.40,0.20,16,4,59,6-24 h
138-86-3,1.55,0.19,0.10,5,1,19,menos de 6 h
138-87-4,0.0347,-1.46,0.38,66,18,246,1-3 días
139-70-8,3.89e-06,-5.41,1.00,324,88,400+,1-2 semanas
140-10-3,2.09e-05,-4.68,0.93,210,57,400+,1-2 semanas
140-11-4,0.174,-0.76,0.26,20,5,74,6-24 h
140-25-0,3.02e-06,-5.52,1.00,350,95,400+,más de 2 semanas (tope 400 h)
140-26-1,0.0339,-1.47,0.38,67,18,247,1-3 días
140-27-2,0.00891,-2.05,0.48,123,33,400+,3-7 días
140-39-6,0.0398,-1.40,0.37,64,17,237,1-3 días
140-67-0,0.174,-0.76,0.26,20,5,74,6-24 h
141-09-3,0.214,-0.67,0.25,20,5,74,6-24 h
141-11-7,0.0708,-1.15,0.33,34,9,125,1-3 días
141-12-8,0.0331,-1.48,0.39,67,18,249,1-3 días
141-13-9,0.0135,-1.87,0.45,92,25,340,3-7 días
141-14-0,0.0407,-1.39,0.37,63,17,233,1-3 días
141-15-1,0.0288,-1.54,0.40,68,18,252,1-3 días
141-16-2,0.0282,-1.55,0.40,68,18,252,1-3 días
141-25-3,0.0661,-1.18,0.34,38,10,139,1-3 días
141-27-5,0.646,-0.19,0.17,16,4,58,6-24 h
141-78-6,93.3,1.97,0.00,4,1,15,menos de 6 h
141-79-7,8.32,0.92,0.00,4,1,15,menos de 6 h
141-92-4,0.00155,-2.81,0.61,210,57,400+,1-2 semanas
141-97-9,0.776,-0.11,0.15,12,3,46,6-24 h
142-19-8,0.17,-0.77,0.27,20,5,74,6-24 h
142-50-7,0.00661,-2.18,0.51,153,41,400+,3-7 días
142-62-1,0.0447,-1.35,0.36,59,16,218,1-3 días
142-92-7,1.32,0.12,0.12,6,2,21,menos de 6 h
143-08-8,0.0229,-1.64,0.41,69,19,255,1-3 días
143-13-5,0.0575,-1.24,0.35,45,12,168,1-3 días
143-14-6,0.0347,-1.46,0.38,66,18,246,1-3 días
144-39-8,0.0759,-1.12,0.33,30,8,112,1-3 días
150-78-7,0.0316,-1.50,0.39,68,18,252,1-3 días
150-84-5,0.0631,-1.20,0.34,40,11,150,1-3 días
150-86-7,1.78e-05,-4.75,0.94,210,57,400+,1-2 semanas
151-05-3,0.0174,-1.76,0.43,82,22,305,3-7 días
151-10-0,0.0331,-1.48,0.39,67,18,249,1-3 días
301-00-8,5.01e-06,-5.30,1.00,321,87,400+,1-2 semanas
326-61-4,0.000501,-3.30,0.69,210,57,400+,1-2 semanas
334-48-5,0.000372,-3.43,0.72,210,57,400+,1-2 semanas
350-03-8,0.427,-0.37,0.20,16,4,59,6-24 h
431-03-8,56.2,1.75,0.00,4,1,15,menos de 6 h
432-25-7,0.603,-0.22,0.17,16,4,59,6-24 h
459-80-3,0.000631,-3.20,0.68,210,57,400+,1-2 semanas
464-45-9,0.0501,-1.30,0.36,54,15,200,1-3 días
464-48-2,0.646,-0.19,0.17,16,4,58,6-24 h
464-49-3,0.646,-0.19,0.17,16,4,58,6-24 h
469-61-4,0.00933,-2.03,0.48,117,32,400+,3-7 días
470-67-7,1.91,0.28,0.09,4,1,15,menos de 6 h
470-82-6,1.91,0.28,0.09,4,1,15,menos de 6 h
472-66-2,0.407,-0.39,0.20,16,4,59,6-24 h
472-97-9,0.00316,-2.50,0.56,210,57,400+,1-2 semanas
473-54-1,0.0501,-1.30,0.36,54,15,200,1-3 días
473-55-2,2.63,0.42,0.06,4,1,15,menos de 6 h
473-67-6,0.02,-1.70,0.42,70,19,259,1-3 días
475-20-7,0.00263,-2.58,0.57,210,57,400+,1-2 semanas
488-10-8,0.102,-0.99,0.30,24,6,89,6-24 h
489-40-7,0.01,-2.00,0.47,108,29,400,3-7 días
489-86-1,0.00603,-2.22,0.51,164,44,400+,3-7 días
491-07-6,0.257,-0.59,0.24,20,5,74,6-24 h
494-90-6,0.324,-0.49,0.22,20,5,72,6-24 h
495-62-5,0.017,-1.77,0.44,85,23,314,3-7 días
495-76-1,1.95e-05,-4.71,0.93,210,57,400+,1-2 semanas
498-02-2,1.02e-05,-4.99,0.98,290,78,400+,1-2 semanas
498-16-8,0.339,-0.47,0.22,19,5,69,6-24 h
498-81-7,0.0269,-1.57,0.40,68,18,252,1-3 días
499-75-2,0.01,-2.00,0.47,108,29,400,3-7 días
501-52-0,0.00263,-2.58,0.57,210,57,400+,1-2 semanas
501-92-8,0.0214,-1.67,0.42,69,19,257,1-3 días
502-47-6,0.00148,-2.83,0.62,210,57,400+,1-2 semanas
502-61-4,0.0891,-1.05,0.31,26,7,96,1-3 días
502-69-2,0.00191,-2.72,0.60,210,57,400+,1-2 semanas
502-72-7,1.58e-05,-4.80,0.95,210,57,400+,1-2 semanas
503-74-2,0.437,-0.36,0.20,16,4,59,6-24 h
505-10-2,0.49,-0.31,0.19,16,4,59,6-24 h
505-32-8,0.000589,-3.23,0.68,210,57,400+,1-2 semanas
505-57-7,21.4,1.33,0.00,4,1,15,menos de 6 h
507-70-0,0.0501,-1.30,0.36,54,15,200,1-3 días
512-13-0,0.0355,-1.45,0.38,66,18,244,1-3 días
513-85-9,2.51,0.40,0.07,4,1,15,menos de 6 h
513-86-0,0.49,-0.31,0.19,16,4,59,6-24 h
514-51-2,0.00933,-2.03,0.48,117,32,400+,3-7 días
515-00-4,0.00776,-2.11,0.49,142,38,400+,3-7 días
515-03-7,8.91e-08,-7.05,1.00,390,106,400+,más de 2 semanas (tope 400 h)
515-69-5,0.00741,-2.13,0.50,145,39,400+,3-7 días
526-75-0,0.0891,-1.05,0.31,26,7,96,1-3 días
527-60-6,0.017,-1.77,0.44,85,23,314,3-7 días
532-87-6,0.00129,-2.89,0.63,210,57,400+,1-2 semanas
533-18-6,0.0575,-1.24,0.35,45,12,168,1-3 días
534-15-6,170,2.23,0.00,4,1,15,menos de 6 h
536-60-7,0.0186,-1.73,0.43,76,21,281,3-7 días
536-78-7,2.51,0.40,0.07,4,1,15,menos de 6 h
538-65-8,0.0263,-1.58,0.40,68,18,252,1-3 días
538-86-3,1.66,0.22,0.10,5,1,18,menos de 6 h
539-82-2,5.37,0.73,0.01,4,1,15,menos de 6 h
539-88-8,0.209,-0.68,0.25,20,5,74,6-24 h
539-90-2,2.57,0.41,0.07,4,1,15,menos de 6 h
540-07-8,0.11,-0.96,0.30,24,6,89,6-24 h
540-18-1,0.676,-0.17,0.16,15,4,54,6-24 h
540-42-1,6.61,0.82,0.00,4,1,15,menos de 6 h
541-47-9,0.309,-0.51,0.22,20,5,74,6-24 h
541-85-5,2.63,0.42,0.06,4,1,15,menos de 6 h
541-91-3,5.01e-06,-5.30,1.00,321,87,400+,1-2 semanas
542-46-1,5.01e-06,-5.30,1.00,321,87,400+,1-2 semanas
543-39-5,0.0724,-1.14,0.33,32,9,120,1-3 días
543-49-7,1.23,0.09,0.12,6,2,23,6-24 h
544-12-7,1.38,0.14,0.11,6,2,21,menos de 6 h
544-35-4,5.01e-06,-5.30,1.00,321,87,400+,1-2 semanas
544-40-1,1.2,0.08,0.12,6,2,24,6-24 h
546-79-2,0.0575,-1.24,0.35,45,12,168,1-3 días
546-80-5,0.417,-0.38,0.20,16,4,59,6-24 h
547-63-7,50.1,1.70,0.00,4,1,15,menos de 6 h
551-08-6,0.000141,-3.85,0.79,210,57,400+,1-2 semanas
551-93-9,0.00575,-2.24,0.52,173,47,400+,1-2 semanas
554-12-1,83.2,1.92,0.00,4,1,15,menos de 6 h
555-10-2,1.58,0.20,0.10,5,1,19,menos de 6 h
556-24-1,14.1,1.15,0.00,4,1,15,menos de 6 h
556-82-1,3.24,0.51,0.05,4,1,15,menos de 6 h
557-00-6,2.57,0.41,0.07,4,1,15,menos de 6 h
557-48-2,0.501,-0.30,0.19,16,4,59,6-24 h
562-74-3,0.0355,-1.45,0.38,66,18,244,1-3 días
564-20-5,5.25e-06,-5.28,1.00,318,86,400+,1-2 semanas
576-26-1,0.166,-0.78,0.27,20,5,74,6-24 h
579-07-7,0.0603,-1.22,0.34,43,12,159,1-3 días
586-62-9,0.741,-0.13,0.16,13,4,48,6-24 h
589-18-4,0.0525,-1.28,0.35,51,14,189,1-3 días
589-38-8,13.8,1.14,0.00,4,1,15,menos de 6 h
589-59-3,1.82,0.26,0.09,4,1,16,menos de 6 h
589-66-2,2.63,0.42,0.06,4,1,15,menos de 6 h
589-75-3,0.017,-1.77,0.44,85,23,314,3-7 días
589-98-0,0.257,-0.59,0.24,20,5,74,6-24 h
590-01-2,4.07,0.61,0.03,4,1,15,menos de 6 h
590-86-3,50.1,1.70,0.00,4,1,15,menos de 6 h
591-12-8,1.78,0.25,0.09,4,1,17,menos de 6 h
592-84-7,28.8,1.46,0.00,4,1,15,menos de 6 h
592-88-1,9.33,0.97,0.00,4,1,15,menos de 6 h
593-08-8,0.0105,-1.98,0.47,105,28,387,3-7 días
600-14-6,3.16,0.50,0.05,4,1,15,menos de 6 h
606-45-1,0.0126,-1.90,0.46,92,25,340,3-7 días
607-88-5,2.45e-07,-6.61,1.00,385,104,400+,más de 2 semanas (tope 400 h)
611-13-2,0.347,-0.46,0.21,18,5,68,6-24 h
613-70-7,0.00955,-2.02,0.48,114,31,400+,3-7 días
614-34-6,0.000275,-3.56,0.74,210,57,400+,1-2 semanas
616-25-1,4.07,0.61,0.03,4,1,15,menos de 6 h
617-35-6,1.91,0.28,0.09,4,1,15,menos de 6 h
617-94-7,0.0676,-1.17,0.33,36,10,134,1-3 días
619-01-2,0.0295,-1.53,0.39,68,18,252,1-3 días
620-02-0,1.23,0.09,0.12,6,2,23,6-24 h
620-17-7,0.0501,-1.30,0.36,54,15,200,1-3 días
621-82-9,2.09e-05,-4.68,0.93,210,57,400+,1-2 semanas
622-45-7,10.7,1.03,0.00,4,1,15,menos de 6 h
622-78-6,0.0155,-1.81,0.44,92,25,340,3-7 días
623-17-6,0.257,-0.59,0.24,20,5,74,6-24 h
623-36-9,12.9,1.11,0.00,4,1,15,menos de 6 h
623-42-7,33.9,1.53,0.00,4,1,15,menos de 6 h
623-70-1,13.5,1.13,0.00,4,1,15,menos de 6 h
624-15-7,0.0302,-1.52,0.39,68,18,252,1-3 días
624-24-8,16.2,1.21,0.00,4,1,15,menos de 6 h
624-41-9,6.61,0.82,0.00,4,1,15,menos de 6 h
624-51-1,0.132,-0.88,0.28,23,6,86,6-24 h
624-54-4,3.55,0.55,0.04,4,1,15,menos de 6 h
624-92-0,28.8,1.46,0.00,4,1,15,menos de 6 h
626-77-7,1.12,0.05,0.13,7,2,26,6-24 h
626-82-4,0.38,-0.42,0.21,17,5,62,6-24 h
626-93-7,2.51,0.40,0.07,4,1,15,menos de 6 h
628-63-7,3.47,0.54,0.04,4,1,15,menos de 6 h
628-97-7,2.34e-05,-4.63,0.92,210,57,400+,1-2 semanas
629-19-6,0.513,-0.29,0.18,16,4,59,6-24 h
629-33-4,2.82,0.45,0.06,4,1,15,menos de 6 h
629-63-0,0.00501,-2.30,0.53,201,54,400+,1-2 semanas
632-15-5,12.6,1.10,0.00,4,1,15,menos de 6 h
637-69-4,0.234,-0.63,0.24,20,5,74,6-24 h
638-11-9,7.76,0.89,0.00,4,1,15,menos de 6 h
638-25-5,0.00617,-2.21,0.51,160,43,400+,3-7 días
638-49-3,4.37,0.64,0.03,4,1,15,menos de 6 h
639-99-6,0.0166,-1.78,0.44,87,24,322,3-7 días
644-35-9,0.0891,-1.05,0.31,26,7,96,1-3 días
646-07-1,0.191,-0.72,0.26,20,5,74,6-24 h
659-70-1,0.891,-0.05,0.14,10,3,36,6-24 h
673-84-7,2.51,0.40,0.07,4,1,15,menos de 6 h
675-09-2,0.776,-0.11,0.15,12,3,46,6-24 h
687-47-8,3.72,0.57,0.04,4,1,15,menos de 6 h
688-82-4,0.537,-0.27,0.18,16,4,59,6-24 h
689-67-8,0.0537,-1.27,0.35,50,13,183,1-3 días
692-86-4,0.00676,-2.17,0.50,151,41,400+,3-7 días
693-54-9,0.269,-0.57,0.23,20,5,74,6-24 h
695-06-7,1.1,0.04,0.13,7,2,26,6-24 h
698-10-2,0.0105,-1.98,0.47,105,28,387,3-7 días
698-76-0,0.209,-0.68,0.25,20,5,74,6-24 h
699-02-5,0.0389,-1.41,0.37,64,17,238,1-3 días
699-61-6,0.0513,-1.29,0.35,52,14,194,1-3 días
705-73-7,0.0115,-1.94,0.46,98,27,363,3-7 días
705-86-2,0.0269,-1.57,0.40,68,18,252,1-3 días
706-14-9,0.0269,-1.57,0.40,68,18,252,1-3 días
710-04-3,0.0182,-1.74,0.43,78,21,289,3-7 días
713-95-1,0.0363,-1.44,0.38,66,18,243,1-3 días
762-26-5,0.234,-0.63,0.24,20,5,74,6-24 h
765-70-8,0.49,-0.31,0.19,16,4,59,6-24 h
774-55-0,0.000871,-3.06,0.65,210,57,400+,1-2 semanas
816-19-3,1.48,0.17,0.11,5,1,20,menos de 6 h
821-55-6,0.617,-0.21,0.17,16,4,59,6-24 h
823-22-3,1,0.00,0.14,8,2,30,6-24 h
825-51-4,0.0107,-1.97,0.47,103,28,381,3-7 días
828-26-2,0.0955,-1.02,0.31,25,7,92,1-3 días
831-97-0,0.0275,-1.56,0.40,68,18,252,1-3 días
868-57-5,18.2,1.26,0.00,4,1,15,menos de 6 h
874-90-8,0.0214,-1.67,0.42,69,19,257,1-3 días
925-78-0,0.437,-0.36,0.20,16,4,59,6-24 h
928-91-6,1.35,0.13,0.11,6,2,21,menos de 6 h
928-95-0,2.34,0.37,0.07,4,1,15,menos de 6 h
928-96-1,1.38,0.14,0.11,6,2,21,menos de 6 h
928-97-2,1.38,0.14,0.11,6,2,21,menos de 6 h
933-48-2,0.355,-0.45,0.21,18,5,66,6-24 h
939-48-0,0.000372,-3.43,0.72,210,57,400+,1-2 semanas
941-98-0,0.000398,-3.40,0.71,210,57,400+,1-2 semanas
943-27-1,0.151,-0.82,0.27,21,6,77,6-24 h
950-33-4,9.55e-05,-4.02,0.82,210,57,400+,1-2 semanas
996-97-4,0.0102,-1.99,0.47,106,29,393,3-7 días
999-40-6,0.0195,-1.71,0.43,72,19,266,1-3 días
1072-83-9,0.0288,-1.54,0.40,68,18,252,1-3 días
1074-95-9,0.257,-0.59,0.24,20,5,74,6-24 h
1076-56-8,0.288,-0.54,0.23,20,5,74,6-24 h
1078-95-1,0.0214,-1.67,0.42,69,19,257,1-3 días
1079-01-2,0.0347,-1.46,0.38,66,18,246,1-3 días
1113-21-9,0.00138,-2.86,0.62,210,57,400+,1-2 semanas
1117-55-1,0.00398,-2.40,0.54,206,56,400+,1-2 semanas
1117-61-9,0.0447,-1.35,0.36,59,16,218,1-3 días
1118-27-0,0.0229,-1.64,0.41,69,19,255,1-3 días
1118-39-4,0.0977,-1.01,0.31,24,7,90,1-3 días
1122-62-9,0.234,-0.63,0.24,20,5,74,6-24 h
1123-85-9,0.0195,-1.71,0.43,72,19,266,1-3 días
1124-11-4,1.02,0.01,0.13,8,2,29,6-24 h
1125-21-9,0.0269,-1.57,0.40,68,18,252,1-3 días
1125-88-8,0.0282,-1.55,0.40,68,18,252,1-3 días
1128-08-1,0.0813,-1.09,0.32,28,7,102,1-3 días
1129-62-0,0.174,-0.76,0.26,20,5,74,6-24 h
1135-66-6,0.00204,-2.69,0.59,210,57,400+,1-2 semanas
1139-30-6,3.02e-05,-4.52,0.90,210,57,400+,1-2 semanas
1188-02-9,0.00389,-2.41,0.54,206,56,400+,1-2 semanas
1189-09-9,0.0525,-1.28,0.35,51,14,189,1-3 días
1191-16-8,7.24,0.86,0.00,4,1,15,menos de 6 h
1192-62-7,2.69,0.43,0.06,4,1,15,menos de 6 h
1193-18-6,0.955,-0.02,0.14,9,2,32,6-24 h
1193-79-9,1.62,0.21,0.10,5,1,18,menos de 6 h
1193-81-3,0.0661,-1.18,0.34,38,10,139,1-3 días
1195-32-0,0.977,-0.01,0.14,8,2,31,6-24 h
1195-79-5,0.813,-0.09,0.15,12,3,43,6-24 h
1195-92-2,0.912,-0.04,0.14,9,3,35,6-24 h
1196-01-6,0.437,-0.36,0.20,16,4,59,6-24 h
1197-01-9,0.0251,-1.60,0.41,68,18,252,1-3 días
1200-67-5,0.0603,-1.22,0.34,43,12,159,1-3 días
1203-17-4,0.0155,-1.81,0.44,92,25,340,3-7 días
1205-17-0,0.000724,-3.14,0.67,210,57,400+,1-2 semanas
1205-42-1,0.0363,-1.44,0.38,66,18,243,1-3 días
1209-61-6,7.76e-05,-4.11,0.83,210,57,400+,1-2 semanas
1211-29-6,0.00162,-2.79,0.61,210,57,400+,1-2 semanas
1217-08-9,0.00129,-2.89,0.63,210,57,400+,1-2 semanas
1222-05-5,0.000537,-3.27,0.69,210,57,400+,1-2 semanas
1333-53-5,0.00617,-2.21,0.51,160,43,400+,3-7 días
1405-92-1,2.04e-06,-5.69,1.00,350,95,400+,más de 2 semanas (tope 400 h)
1423-46-7,0.251,-0.60,0.24,20,5,74,6-24 h
1438-91-1,1.74,0.24,0.09,5,1,17,menos de 6 h
1438-94-4,0.00676,-2.17,0.50,151,41,400+,3-7 días
1490-04-6,0.0055,-2.26,0.52,182,49,400+,1-2 semanas
1504-55-8,0.00741,-2.13,0.50,145,39,400+,3-7 días
1504-74-1,0.011,-1.96,0.47,101,27,375,3-7 días
1551-44-6,0.112,-0.95,0.30,24,6,89,6-24 h
1565-76-0,0.55,-0.26,0.18,16,4,59,6-24 h
1569-60-4,0.447,-0.35,0.19,16,4,59,6-24 h
1576-78-9,0.676,-0.17,0.16,15,4,54,6-24 h
1576-95-0,3.98,0.60,0.03,4,1,15,menos de 6 h
1577-18-0,0.148,-0.83,0.28,21,6,78,6-24 h
1604-28-0,1.26,0.10,0.12,6,2,22,6-24 h
1617-23-8,3.16,0.50,0.05,4,1,15,menos de 6 h
1618-26-4,5.25,0.72,0.01,4,1,15,menos de 6 h
1629-58-9,21.9,1.34,0.00,4,1,15,menos de 6 h
1632-73-1,0.0355,-1.45,0.38,66,18,244,1-3 días
1639-09-4,1.32,0.12,0.12,6,2,21,menos de 6 h
1646-26-0,0.000123,-3.91,0.80,210,57,400+,1-2 semanas
1653-30-1,0.0331,-1.48,0.39,67,18,249,1-3 días
1669-44-9,0.692,-0.16,0.16,14,4,53,6-24 h
1670-47-9,0.339,-0.47,0.22,19,5,69,6-24 h
1708-34-5,0.741,-0.13,0.16,13,4,48,6-24 h
1708-35-6,0.00174,-2.76,0.60,210,57,400+,1-2 semanas
1708-82-3,1.32,0.12,0.12,6,2,21,menos de 6 h
1725-01-5,7.41e-06,-5.13,1.00,304,82,400+,1-2 semanas
1728-46-7,0.355,-0.45,0.21,18,5,66,6-24 h
1759-28-0,1.78,0.25,0.09,4,1,17,menos de 6 h
1786-08-9,0.871,-0.06,0.15,10,3,38,6-24 h
1797-74-6,0.0251,-1.60,0.41,68,18,252,1-3 días
1817-90-9,0.575,-0.24,0.18,16,4,59,6-24 h
1838-88-6,2.51,0.40,0.07,4,1,15,menos de 6 h
1866-31-5,0.0135,-1.87,0.45,92,25,340,3-7 días
1879-00-1,0.525,-0.28,0.18,16,4,59,6-24 h
1885-38-7,0.0724,-1.14,0.33,32,9,120,1-3 días
1891-67-4,0.501,-0.30,0.19,16,4,59,6-24 h
1900-69-2,0.00759,-2.12,0.49,143,39,400+,3-7 días
1968-40-7,4.37,0.64,0.03,4,1,15,menos de 6 h
1975-78-6,0.055,-1.26,0.35,48,13,178,1-3 días
1984-60-7,7.76e-06,-5.11,1.00,304,82,400+,1-2 semanas
2021-28-5,0.0288,-1.54,0.40,68,18,252,1-3 días
2035-99-6,0.0105,-1.98,0.47,105,28,387,3-7 días
2040-10-0,0.0513,-1.29,0.35,52,14,194,1-3 días
2049-96-9,0.0309,-1.51,0.39,68,18,252,1-3 días
2050-01-3,1.26,0.10,0.12,6,2,22,6-24 h
2050-08-0,5.75e-05,-4.24,0.85,210,57,400+,1-2 semanas
2050-09-1,0.617,-0.21,0.17,16,4,59,6-24 h
2051-78-7,4.37,0.64,0.03,4,1,15,menos de 6 h
2051-96-9,0.00132,-2.88,0.62,210,57,400+,1-2 semanas
2052-14-4,0.000372,-3.43,0.72,210,57,400+,1-2 semanas
2052-15-5,0.174,-0.76,0.26,20,5,74,6-24 h
2057-49-0,0.00275,-2.56,0.57,210,57,400+,1-2 semanas
2094-69-1,0.0174,-1.76,0.43,82,22,305,3-7 días
2102-59-2,0.0135,-1.87,0.45,92,25,340,3-7 días
2109-22-0,0.417,-0.38,0.20,16,4,59,6-24 h
2110-18-1,0.0055,-2.26,0.52,182,49,400+,1-2 semanas
2111-75-3,0.282,-0.55,0.23,20,5,74,6-24 h
2114-29-6,0.0155,-1.81,0.44,92,25,340,3-7 días
2120-70-9,0.12,-0.92,0.29,24,6,89,6-24 h
2142-94-1,0.0589,-1.23,0.34,44,12,163,1-3 días
2153-26-6,0.0513,-1.29,0.35,52,14,194,1-3 días
2153-28-8,0.0182,-1.74,0.43,78,21,289,3-7 días
2173-56-0,0.178,-0.75,0.26,20,5,74,6-24 h
2173-57-1,0.000912,-3.04,0.65,210,57,400+,1-2 semanas
2179-57-9,0.288,-0.54,0.23,20,5,74,6-24 h
2186-92-7,0.0049,-2.31,0.53,201,54,400+,1-2 semanas
2198-61-0,0.182,-0.74,0.26,20,5,74,6-24 h
2206-94-2,0.0251,-1.60,0.41,68,18,252,1-3 días
2216-45-7,0.0302,-1.52,0.39,68,18,252,1-3 días
2216-51-5,0.0055,-2.26,0.52,182,49,400+,1-2 semanas
2216-52-6,0.0055,-2.26,0.52,182,49,400+,1-2 semanas
2226-05-3,0.00724,-2.14,0.50,146,40,400+,3-7 días
2230-87-7,0.105,-0.98,0.30,24,6,89,6-24 h
2244-07-7,0.0191,-1.72,0.43,74,20,274,3-7 días
2244-16-8,0.102,-0.99,0.30,24,6,89,6-24 h
2257-09-2,0.0316,-1.50,0.39,68,18,252,1-3 días
2270-60-2,0.145,-0.84,0.28,22,6,80,6-24 h
2277-19-2,0.38,-0.42,0.21,17,5,62,6-24 h
2277-20-5,0.38,-0.42,0.21,17,5,62,6-24 h
2305-05-7,0.0363,-1.44,0.38,66,18,243,1-3 días
2305-21-7,2.34,0.37,0.07,4,1,15,menos de 6 h
2305-25-1,0.0123,-1.91,0.46,93,25,346,3-7 días
2306-78-7,0.00661,-2.18,0.51,153,41,400+,3-7 días
2311-46-8,1.48,0.17,0.11,5,1,20,menos de 6 h
2344-70-9,0.0182,-1.74,0.43,78,21,289,3-7 días
2345-24-6,0.0513,-1.29,0.35,52,14,194,1-3 días
2345-26-8,0.0513,-1.29,0.35,52,14,194,1-3 días
2345-28-0,0.00525,-2.28,0.52,191,52,400+,1-2 semanas
2349-07-7,0.363,-0.44,0.21,17,5,65,6-24 h
2351-90-8,0.191,-0.72,0.26,20,5,74,6-24 h
2363-89-5,0.575,-0.24,0.18,16,4,59,6-24 h
2371-13-3,0.115,-0.94,0.29,24,6,89,6-24 h
2396-77-2,3.89,0.59,0.04,4,1,15,menos de 6 h
2396-78-3,3.89,0.59,0.04,4,1,15,menos de 6 h
2396-83-0,2.14,0.33,0.08,4,1,15,menos de 6 h
2396-84-1,2.19,0.34,0.08,4,1,15,menos de 6 h
2396-85-2,1.02,0.01,0.13,8,2,29,6-24 h
2403-58-9,0.00141,-2.85,0.62,210,57,400+,1-2 semanas
2408-20-0,14.5,1.16,0.00,4,1,15,menos de 6 h
2408-37-9,0.661,-0.18,0.17,15,4,56,6-24 h
2416-94-6,0.0347,-1.46,0.38,66,18,246,1-3 días
2432-51-1,7.59,0.88,0.00,4,1,15,menos de 6 h
2432-91-9,0.631,-0.20,0.17,16,4,59,6-24 h
2435-16-7,0.851,-0.07,0.15,11,3,39,6-24 h
2436-90-0,3.24,0.51,0.05,4,1,15,menos de 6 h
2437-25-4,0.0024,-2.62,0.58,210,57,400+,1-2 semanas
2442-10-6,1.2,0.08,0.12,6,2,24,6-24 h
2444-46-4,4.47e-09,-8.35,1.00,390,106,400+,más de 2 semanas (tope 400 h)
2445-67-2,1.91,0.28,0.09,4,1,15,menos de 6 h
2445-72-9,1.12,0.05,0.13,7,2,26,6-24 h
2445-76-3,0.55,-0.26,0.18,16,4,59,6-24 h
2445-77-4,0.759,-0.12,0.16,13,3,47,6-24 h
2445-78-5,0.776,-0.11,0.15,12,3,46,6-24 h
2463-53-8,0.38,-0.42,0.21,17,5,62,6-24 h
2463-77-6,0.0204,-1.69,0.42,70,19,258,1-3 días
2497-18-9,1.32,0.12,0.12,6,2,21,menos de 6 h
2500-83-6,0.00209,-2.68,0.59,210,57,400+,1-2 semanas
2511-00-4,0.055,-1.26,0.35,48,13,178,1-3 días
2520-60-7,0.224,-0.65,0.25,20,5,74,6-24 h
2548-87-0,0.575,-0.24,0.18,16,4,59,6-24 h
2550-11-0,0.513,-0.29,0.18,16,4,59,6-24 h
2550-26-7,0.0676,-1.17,0.33,36,10,134,1-3 días
2550-52-9,4.9e-06,-5.31,1.00,321,87,400+,1-2 semanas
2550-59-6,1.26e-05,-4.90,0.97,268,72,400+,1-2 semanas
2555-49-9,0.00427,-2.37,0.54,204,55,400+,1-2 semanas
2556-10-7,0.0117,-1.93,0.46,97,26,357,3-7 días
2563-07-7,0.0178,-1.75,0.43,80,22,297,3-7 días
2565-82-4,1.02,0.01,0.13,8,2,29,6-24 h
2568-25-4,0.0107,-1.97,0.47,103,28,381,3-7 días
2623-23-6,0.105,-0.98,0.30,24,6,89,6-24 h
2639-63-6,0.178,-0.75,0.26,20,5,74,6-24 h
2679-87-0,129,2.11,0.00,4,1,15,menos de 6 h
2705-87-5,0.0537,-1.27,0.35,50,13,183,1-3 días
2719-08-6,7.24e-06,-5.14,1.00,304,82,400+,1-2 semanas
2721-22-4,0.00407,-2.39,0.54,205,56,400+,1-2 semanas
2756-56-1,0.0661,-1.18,0.34,38,10,139,1-3 días
2785-87-7,0.00501,-2.30,0.53,201,54,400+,1-2 semanas
2785-89-9,0.00646,-2.19,0.51,154,42,400+,3-7 días
2810-04-0,0.204,-0.69,0.25,20,5,74,6-24 h
2847-30-5,0.275,-0.56,0.23,20,5,74,6-24 h
2882-20-4,0.01,-2.00,0.47,108,29,400,3-7 días
2983-37-1,0.813,-0.09,0.15,12,3,43,6-24 h
2986-54-1,0.00049,-3.31,0.70,210,57,400+,1-2 semanas
3008-43-3,0.195,-0.71,0.26,20,5,74,6-24 h
3016-19-1,2.51,0.40,0.07,4,1,15,menos de 6 h
3025-30-7,0.0794,-1.10,0.32,28,8,104,1-3 días
3033-23-6,0.955,-0.02,0.14,9,2,32,6-24 h
3054-92-0,2.82,0.45,0.06,4,1,15,menos de 6 h
3100-36-5,1.26e-05,-4.90,0.97,268,72,400+,1-2 semanas
3142-72-1,0.132,-0.88,0.28,23,6,86,6-24 h
3149-28-8,0.204,-0.69,0.25,20,5,74,6-24 h
3155-71-3,0.102,-0.99,0.30,24,6,89,6-24 h
3188-00-9,7.24,0.86,0.00,4,1,15,menos de 6 h
3208-16-0,24,1.38,0.00,4,1,15,menos de 6 h
3208-40-0,0.0158,-1.80,0.44,92,25,340,3-7 días
3209-13-0,0.0182,-1.74,0.43,78,21,289,3-7 días
3239-35-8,0.0138,-1.86,0.45,92,25,340,3-7 días
3239-37-0,0.0138,-1.86,0.45,92,25,340,3-7 días
3240-29-7,0.135,-0.87,0.28,23,6,84,6-24 h
3268-49-3,9.12,0.96,0.00,4,1,15,menos de 6 h
3288-99-1,0.0692,-1.16,0.33,35,9,129,1-3 días
3293-47-8,0.0141,-1.85,0.45,92,25,340,3-7 días
3301-94-8,0.055,-1.26,0.35,48,13,178,1-3 días
3338-55-4,3.98,0.60,0.03,4,1,15,menos de 6 h
3387-41-5,3.24,0.51,0.05,4,1,15,menos de 6 h
3390-12-3,46.8,1.67,0.00,4,1,15,menos de 6 h
3391-83-1,7.41e-06,-5.13,1.00,304,82,400+,1-2 semanas
3391-86-4,0.191,-0.72,0.26,20,5,74,6-24 h
3407-42-9,0.00148,-2.83,0.62,210,57,400+,1-2 semanas
3452-97-9,0.302,-0.52,0.22,20,5,74,6-24 h
3460-44-4,0.049,-1.31,0.36,55,15,203,1-3 días
3487-99-8,0.00759,-2.12,0.49,143,39,400+,3-7 días
3508-98-3,0.0955,-1.02,0.31,25,7,92,1-3 días
3526-75-8,0.00708,-2.15,0.50,148,40,400+,3-7 días
3549-23-3,0.0316,-1.50,0.39,68,18,252,1-3 días
3558-60-9,0.776,-0.11,0.15,12,3,46,6-24 h
3583-00-4,1.41,0.15,0.11,5,1,20,menos de 6 h
3608-11-5,0.132,-0.88,0.28,23,6,86,6-24 h
3613-30-7,0.126,-0.90,0.29,24,6,89,6-24 h
3623-51-6,0.0055,-2.26,0.52,182,49,400+,1-2 semanas
3658-77-3,0.631,-0.20,0.17,16,4,59,6-24 h
3658-80-8,0.692,-0.16,0.16,14,4,53,6-24 h
3658-93-3,1.66,0.22,0.10,5,1,18,menos de 6 h
3681-71-8,1.32,0.12,0.12,6,2,21,menos de 6 h
3681-82-1,1.32,0.12,0.12,6,2,21,menos de 6 h
3691-12-1,0.0234,-1.63,0.41,69,19,254,1-3 días
3720-16-9,0.148,-0.83,0.28,21,6,78,6-24 h
3724-65-0,1.74,0.24,0.09,5,1,17,menos de 6 h
3738-00-9,2.24e-05,-4.65,0.92,210,57,400+,1-2 semanas
3777-69-3,0.724,-0.14,0.16,13,4,50,6-24 h
3782-00-1,0.117,-0.93,0.29,24,6,89,6-24 h
3796-70-1,0.0537,-1.27,0.35,50,13,183,1-3 días
3842-03-3,20,1.30,0.00,4,1,15,menos de 6 h
3848-24-6,2.51,0.40,0.07,4,1,15,menos de 6 h
3910-35-8,0.000933,-3.03,0.65,210,57,400+,1-2 semanas
3913-71-1,0.0955,-1.02,0.31,25,7,92,1-3 días
3913-81-3,0.0955,-1.02,0.31,25,7,92,1-3 días
3915-83-1,0.0135,-1.87,0.45,92,25,340,3-7 días
4077-47-8,0.166,-0.78,0.27,20,5,74,6-24 h
4125-43-3,0.0148,-1.83,0.45,92,25,340,3-7 días
4166-20-5,0.0263,-1.58,0.40,68,18,252,1-3 días
4179-19-5,0.0234,-1.63,0.41,69,19,254,1-3 días
4180-23-8,0.0708,-1.15,0.33,34,9,125,1-3 días
4194-00-7,2.4e-05,-4.62,0.92,210,57,400+,1-2 semanas
4221-98-1,1.41,0.15,0.11,5,1,20,menos de 6 h
4221-99-2,18.2,1.26,0.00,4,1,15,menos de 6 h
4230-97-1,0.0912,-1.04,0.31,26,7,94,1-3 días
4312-99-6,1,0.00,0.14,8,2,30,6-24 h
4359-47-1,0.851,-0.07,0.15,11,3,39,6-24 h
4359-57-3,0.603,-0.22,0.17,16,4,59,6-24 h
4360-47-8,0.0724,-1.14,0.33,32,9,120,1-3 días
4364-06-1,0.0105,-1.98,0.47,105,28,387,3-7 días
4395-92-0,0.513,-0.29,0.18,16,4,59,6-24 h
4411-89-6,0.102,-0.99,0.30,24,6,89,6-24 h
4430-31-3,0.0162,-1.79,0.44,90,24,331,3-7 días
4437-20-1,7.08e-07,-6.15,1.00,352,95,400+,más de 2 semanas (tope 400 h)
4437-51-8,2.4,0.38,0.07,4,1,15,menos de 6 h
4440-65-7,21.4,1.33,0.00,4,1,15,menos de 6 h
4442-79-9,0.166,-0.78,0.27,20,5,74,6-24 h
4501-58-0,0.631,-0.20,0.17,16,4,59,6-24 h
4573-50-6,0.224,-0.65,0.25,20,5,74,6-24 h
4602-84-0,0.00229,-2.64,0.58,210,57,400+,1-2 semanas
4606-15-9,0.0269,-1.57,0.40,68,18,252,1-3 días
4610-11-1,0.955,-0.02,0.14,9,2,32,6-24 h
4621-04-9,0.0355,-1.45,0.38,66,18,244,1-3 días
4625-90-5,0.0288,-1.54,0.40,68,18,252,1-3 días
4630-07-3,0.0145,-1.84,0.45,92,25,340,3-7 días
4634-89-3,21.4,1.33,0.00,4,1,15,menos de 6 h
4643-27-0,1.1,0.04,0.13,7,2,26,6-24 h
4674-50-4,0.00302,-2.52,0.56,210,57,400+,1-2 semanas
4695-62-9,0.813,-0.09,0.15,12,3,43,6-24 h
4707-47-5,3.31e-08,-7.48,1.00,390,106,400+,más de 2 semanas (tope 400 h)
4728-82-9,0.0513,-1.29,0.35,52,14,194,1-3 días
4740-79-8,5.62e-06,-5.25,1.00,312,84,400+,1-2 semanas
4747-07-3,28.8,1.46,0.00,4,1,15,menos de 6 h
4747-61-9,0.00692,-2.16,0.50,149,40,400+,3-7 días
4748-78-1,0.407,-0.39,0.20,16,4,59,6-24 h
4798-44-1,2.45,0.39,0.07,4,1,15,menos de 6 h
4802-20-4,0.178,-0.75,0.26,20,5,74,6-24 h
4819-67-4,0.24,-0.62,0.24,20,5,74,6-24 h
4826-62-4,0.0141,-1.85,0.45,92,25,340,3-7 días
4864-61-3,0.676,-0.17,0.16,15,4,54,6-24 h
4884-24-6,0.0676,-1.17,0.33,36,10,134,1-3 días
4927-36-0,0.0501,-1.30,0.36,54,15,200,1-3 días
4927-39-3,0.138,-0.86,0.28,22,6,83,6-24 h
4940-11-8,0.0794,-1.10,0.32,28,8,104,1-3 días
5137-52-0,0.0324,-1.49,0.39,68,18,250,1-3 días
5182-36-5,0.00339,-2.47,0.55,209,56,400+,1-2 semanas
5205-07-2,6.76,0.83,0.00,4,1,15,menos de 6 h
5205-11-8,0.0245,-1.61,0.41,68,18,252,1-3 días
5240-32-4,0.166,-0.78,0.27,20,5,74,6-24 h
5292-21-7,0.00148,-2.83,0.62,210,57,400+,1-2 semanas
5320-75-2,1.82e-05,-4.74,0.94,210,57,400+,1-2 semanas
5331-14-6,0.347,-0.46,0.21,18,5,68,6-24 h
5331-32-8,1.07,0.03,0.13,7,2,27,6-24 h
5392-40-5,0.646,-0.19,0.17,16,4,58,6-24 h
5405-41-4,0.129,-0.89,0.29,24,6,87,6-24 h
5405-58-3,0.00955,-2.02,0.48,114,31,400+,3-7 días
5406-58-6,0.00813,-2.09,0.49,136,37,400+,3-7 días
5413-60-5,0.00209,-2.68,0.59,210,57,400+,1-2 semanas
5421-17-0,0.0126,-1.90,0.46,92,25,340,3-7 días
5434-57-1,0.155,-0.81,0.27,20,6,75,6-24 h
5435-64-3,0.0832,-1.08,0.32,27,7,100,1-3 días
5448-22-6,0.0331,-1.48,0.39,67,18,249,1-3 días
5452-75-5,0.105,-0.98,0.30,24,6,89,6-24 h
5454-19-3,0.00417,-2.38,0.54,205,55,400+,1-2 semanas
5457-70-5,0.000676,-3.17,0.67,210,57,400+,1-2 semanas
5461-06-3,0.0347,-1.46,0.38,66,18,246,1-3 días
5462-06-6,0.0155,-1.81,0.44,92,25,340,3-7 días
5471-51-2,6.92e-05,-4.16,0.84,210,57,400+,1-2 semanas
5524-05-0,0.251,-0.60,0.24,20,5,74,6-24 h
5533-03-9,1.15e-05,-4.94,0.97,277,75,400+,1-2 semanas
5579-78-2,0.0178,-1.75,0.43,80,22,297,3-7 días
5595-79-9,1.17e-05,-4.93,0.97,275,74,400+,1-2 semanas
5655-61-8,0.224,-0.65,0.25,20,5,74,6-24 h
5760-50-9,0.0195,-1.71,0.43,72,19,266,1-3 días
5764-85-2,2.29e-05,-4.64,0.92,210,57,400+,1-2 semanas
5794-04-7,2.51,0.40,0.07,4,1,15,menos de 6 h
5837-78-5,7.24,0.86,0.00,4,1,15,menos de 6 h
5870-93-9,0.102,-0.99,0.30,24,6,89,6-24 h
5910-89-4,1.23,0.09,0.12,6,2,23,6-24 h
5921-82-4,1.15,0.06,0.13,7,2,25,6-24 h
5932-68-3,0.012,-1.92,0.46,95,26,351,3-7 días
5947-36-4,0.024,-1.62,0.41,68,18,253,1-3 días
5949-05-3,0.38,-0.42,0.21,17,5,62,6-24 h
5986-55-0,0.00525,-2.28,0.52,191,52,400+,1-2 semanas
5988-91-0,0.363,-0.44,0.21,17,5,65,6-24 h
5989-27-5,1.55,0.19,0.10,5,1,19,menos de 6 h
5989-33-3,0.263,-0.58,0.23,20,5,74,6-24 h
5989-54-8,1.55,0.19,0.10,5,1,19,menos de 6 h
6032-29-7,6.03,0.78,0.00,4,1,15,menos de 6 h
6051-03-2,0.0195,-1.71,0.43,72,19,266,1-3 días
6091-50-5,0.224,-0.65,0.25,20,5,74,6-24 h
6175-49-1,0.0204,-1.69,0.42,70,19,258,1-3 días
6191-71-5,0.141,-0.85,0.28,22,6,81,6-24 h
6259-76-3,2.63e-05,-4.58,0.91,210,57,400+,1-2 semanas
6283-92-7,5.75e-06,-5.24,1.00,311,84,400+,1-2 semanas
6290-17-1,0.0427,-1.37,0.37,61,16,225,1-3 días
6290-37-5,0.0135,-1.87,0.45,92,25,340,3-7 días
6297-41-2,0.631,-0.20,0.17,16,4,59,6-24 h
6314-97-2,0.0112,-1.95,0.47,100,27,369,3-7 días
6315-04-4,0.0132,-1.88,0.45,92,25,340,3-7 días
6324-78-3,0.00288,-2.54,0.57,210,57,400+,1-2 semanas
6378-65-0,0.017,-1.77,0.44,85,23,314,3-7 días
6379-73-3,0.269,-0.57,0.23,20,5,74,6-24 h
6413-10-1,0.0468,-1.33,0.36,57,15,210,1-3 días
6413-26-9,0.617,-0.21,0.17,16,4,59,6-24 h
6485-40-1,0.102,-0.99,0.30,24,6,89,6-24 h
6658-48-6,0.112,-0.95,0.30,24,6,89,6-24 h
6707-60-4,7.41e-06,-5.13,1.00,304,82,400+,1-2 semanas
6728-26-3,21.4,1.33,0.00,4,1,15,menos de 6 h
6728-31-0,1.02,0.01,0.13,8,2,29,6-24 h
6753-98-6,0.0011,-2.96,0.64,210,57,400+,1-2 semanas
6784-08-3,0.0891,-1.05,0.31,26,7,96,1-3 días
6784-13-0,0.0676,-1.17,0.33,36,10,134,1-3 días
6789-80-6,21.4,1.33,0.00,4,1,15,menos de 6 h
6789-88-4,0.0309,-1.51,0.39,68,18,252,1-3 días
6790-58-5,2.24e-05,-4.65,0.92,210,57,400+,1-2 semanas
6812-78-8,0.0661,-1.18,0.34,38,10,139,1-3 días
6819-19-8,0.0117,-1.93,0.46,97,26,357,3-7 días
6876-12-6,1.29,0.11,0.12,6,2,22,menos de 6 h
6915-15-7,3.31e-08,-7.48,1.00,390,106,400+,más de 2 semanas (tope 400 h)
6931-54-0,0.851,-0.07,0.15,11,3,39,6-24 h
6938-45-0,0.0316,-1.50,0.39,68,18,252,1-3 días
7011-83-8,0.0631,-1.20,0.34,40,11,150,1-3 días
7028-48-0,0.00049,-3.31,0.70,210,57,400+,1-2 semanas
7069-41-2,0.0117,-1.93,0.46,97,26,357,3-7 días
7070-15-7,0.000126,-3.90,0.80,210,57,400+,1-2 semanas
7143-69-3,4.27e-05,-4.37,0.88,210,57,400+,1-2 semanas
7149-26-0,3.98e-07,-6.40,1.00,366,99,400+,más de 2 semanas (tope 400 h)
7158-25-0,7.08e-05,-4.15,0.84,210,57,400+,1-2 semanas
7212-44-4,0.00661,-2.18,0.51,153,41,400+,3-7 días
7214-18-8,0.0331,-1.48,0.39,67,18,249,1-3 días
7289-52-3,0.49,-0.31,0.19,16,4,59,6-24 h
7306-12-9,0.0288,-1.54,0.40,68,18,252,1-3 días
7335-26-4,0.00288,-2.54,0.57,210,57,400+,1-2 semanas
7367-88-6,0.0324,-1.49,0.39,68,18,250,1-3 días
7370-92-5,0.0363,-1.44,0.38,66,18,243,1-3 días
7392-19-0,1.02,0.01,0.13,8,2,29,6-24 h
7399-50-0,0.245,-0.61,0.24,20,5,74,6-24 h
7403-42-1,0.0468,-1.33,0.36,57,15,210,1-3 días
7452-79-1,6.76,0.83,0.00,4,1,15,menos de 6 h
7460-74-4,0.0316,-1.50,0.39,68,18,252,1-3 días
7492-44-6,0.0977,-1.01,0.31,24,7,90,1-3 días
7492-66-2,0.0148,-1.83,0.45,92,25,340,3-7 días
7492-67-3,0.0407,-1.39,0.37,63,17,233,1-3 días
7492-70-8,0.0282,-1.55,0.40,68,18,252,1-3 días
7493-57-4,0.00794,-2.10,0.49,140,38,400+,3-7 días
7493-74-5,0.00204,-2.69,0.59,210,57,400+,1-2 semanas
7540-51-4,0.0447,-1.35,0.36,59,16,218,1-3 días
7540-53-6,0.00776,-2.11,0.49,142,38,400+,3-7 días
7549-33-9,0.000603,-3.22,0.68,210,57,400+,1-2 semanas
7549-37-3,0.0646,-1.19,0.34,39,11,144,1-3 días
7605-52-9,0.158,-0.80,0.27,20,5,74,6-24 h
7705-14-8,1.55,0.19,0.10,5,1,19,menos de 6 h
7756-96-9,0.000977,-3.01,0.65,210,57,400+,1-2 semanas
7764-50-3,0.251,-0.60,0.24,20,5,74,6-24 h
7774-65-4,0.0537,-1.27,0.35,50,13,183,1-3 días
7774-82-5,0.0117,-1.93,0.46,97,26,357,3-7 días
7775-00-0,0.186,-0.73,0.26,20,5,74,6-24 h
7775-39-5,0.0191,-1.72,0.43,74,20,274,3-7 días
7779-23-9,0.00661,-2.18,0.51,153,41,400+,3-7 días
7779-30-8,0.0724,-1.14,0.33,32,9,120,1-3 días
7779-41-1,0.447,-0.35,0.19,16,4,59,6-24 h
7779-50-2,2.69e-06,-5.57,1.00,350,95,400+,más de 2 semanas (tope 400 h)
7779-65-9,0.00871,-2.06,0.48,126,34,400+,3-7 días
7779-73-9,0.017,-1.77,0.44,85,23,314,3-7 días
7779-77-3,0.00355,-2.45,0.55,208,56,400+,1-2 semanas
7779-78-4,0.0135,-1.87,0.45,92,25,340,3-7 días
7779-81-9,1.35,0.13,0.11,6,2,21,menos de 6 h
7779-94-4,0.00148,-2.83,0.62,210,57,400+,1-2 semanas
7780-06-5,0.0195,-1.71,0.43,72,19,266,1-3 días
7785-26-4,4.68,0.67,0.02,4,1,15,menos de 6 h
7785-33-3,0.00933,-2.03,0.48,117,32,400+,3-7 días
7785-53-7,0.0427,-1.37,0.37,61,16,225,1-3 días
7785-54-8,0.0457,-1.34,0.36,58,16,214,1-3 días
7785-66-2,1.66,0.22,0.10,5,1,18,menos de 6 h
7785-70-8,4.68,0.67,0.02,4,1,15,menos de 6 h
7786-29-0,0.724,-0.14,0.16,13,4,50,6-24 h
7786-44-9,0.00759,-2.12,0.49,143,39,400+,3-7 días
7786-58-5,0.00912,-2.04,0.48,120,32,400+,3-7 días
7786-61-0,0.00692,-2.16,0.50,149,40,400+,3-7 días
7787-20-4,0.813,-0.09,0.15,12,3,43,6-24 h
8013-90-9,0.0174,-1.76,0.43,82,22,305,3-7 días
10022-28-3,1.32,0.12,0.12,6,2,21,menos de 6 h
10031-71-7,0.0331,-1.48,0.39,67,18,249,1-3 días
10031-87-5,5.62,0.75,0.01,4,1,15,menos de 6 h
10031-90-0,0.138,-0.86,0.28,22,6,83,6-24 h
10032-02-7,0.00234,-2.63,0.58,210,57,400+,1-2 semanas
10032-05-0,3.24,0.51,0.05,4,1,15,menos de 6 h
10032-13-0,0.126,-0.90,0.29,24,6,89,6-24 h
10032-15-2,0.132,-0.88,0.28,23,6,86,6-24 h
10058-43-2,0.0309,-1.51,0.39,68,18,252,1-3 días
10094-34-5,0.0295,-1.53,0.39,68,18,252,1-3 días
10094-40-3,1.32,0.12,0.12,6,2,21,menos de 6 h
10094-41-4,0.0977,-1.01,0.31,24,7,90,1-3 días
10138-32-6,0.0234,-1.63,0.41,69,19,254,1-3 días
10152-77-9,38,1.58,0.00,4,1,15,menos de 6 h
10198-23-9,0.0501,-1.30,0.36,54,15,200,1-3 días
10236-16-5,8.32e-06,-5.08,1.00,302,82,400+,1-2 semanas
10250-45-0,1.38,0.14,0.11,6,2,21,menos de 6 h
10276-85-4,0.00302,-2.52,0.56,210,57,400+,1-2 semanas
10339-55-6,0.0589,-1.23,0.34,44,12,163,1-3 días
10340-23-5,0.0182,-1.74,0.43,78,21,289,3-7 días
10361-39-4,0.0331,-1.48,0.39,67,18,249,1-3 días
10402-33-2,8.71e-07,-6.06,1.00,351,95,400+,más de 2 semanas (tope 400 h)
10402-47-8,0.0132,-1.88,0.45,92,25,340,3-7 días
10411-92-4,0.00759,-2.12,0.49,143,39,400+,3-7 días
10413-18-0,0.501,-0.30,0.19,16,4,59,6-24 h
10415-87-9,0.0263,-1.58,0.40,68,18,252,1-3 días
10444-50-5,0.0234,-1.63,0.41,69,19,254,1-3 días
10458-14-7,0.257,-0.59,0.24,20,5,74,6-24 h
10461-98-0,0.000562,-3.25,0.69,210,57,400+,1-2 semanas
10482-55-0,0.813,-0.09,0.15,12,3,43,6-24 h
10482-56-1,0.0427,-1.37,0.37,61,16,225,1-3 días
10486-14-3,3.98e-06,-5.40,1.00,321,87,400+,1-2 semanas
10486-19-8,0.0129,-1.89,0.46,92,25,340,3-7 días
10519-11-6,0.00851,-2.07,0.49,130,35,400+,3-7 días
10519-12-7,0.0107,-1.97,0.47,103,28,381,3-7 días
10519-33-2,0.282,-0.55,0.23,20,5,74,6-24 h
10521-96-7,0.00891,-2.05,0.48,123,33,400+,3-7 días
10528-67-3,0.0417,-1.38,0.37,62,17,229,1-3 días
10544-63-5,13.5,1.13,0.00,4,1,15,menos de 6 h
10580-25-3,0.00191,-2.72,0.60,210,57,400+,1-2 semanas
10588-10-0,1.35,0.13,0.11,6,2,21,menos de 6 h
10599-70-9,0.646,-0.19,0.17,16,4,58,6-24 h
11050-62-7,0.1,-1.00,0.31,24,6,89,6-24 h
12262-03-2,0.000295,-3.53,0.73,210,57,400+,1-2 semanas
13019-22-2,0.00794,-2.10,0.49,140,38,400+,3-7 días
13049-88-2,0.0676,-1.17,0.33,36,10,134,1-3 días
13058-12-3,0.0457,-1.34,0.36,58,16,214,1-3 días
13074-63-0,0.0933,-1.03,0.31,25,7,93,1-3 días
13074-65-2,0.123,-0.91,0.29,24,6,89,6-24 h
13171-00-1,0.000468,-3.33,0.70,210,57,400+,1-2 semanas
13184-86-6,1.15e-05,-4.94,0.97,277,75,400+,1-2 semanas
13215-88-8,0.102,-0.99,0.30,24,6,89,6-24 h
13254-34-7,0.794,-0.10,0.15,12,3,44,6-24 h
13257-44-8,0.562,-0.25,0.18,16,4,59,6-24 h
13327-56-5,1.1,0.04,0.13,7,2,26,6-24 h
13341-72-5,0.0155,-1.81,0.44,92,25,340,3-7 días
13351-61-6,0.024,-1.62,0.41,68,18,253,1-3 días
13360-64-0,0.646,-0.19,0.17,16,4,58,6-24 h
13360-65-1,0.229,-0.64,0.24,20,5,74,6-24 h
13380-94-4,0.363,-0.44,0.21,17,5,65,6-24 h
13419-69-7,0.191,-0.72,0.26,20,5,74,6-24 h
13466-78-9,2.69,0.43,0.06,4,1,15,menos de 6 h
13477-62-8,0.977,-0.01,0.14,8,2,31,6-24 h
13481-09-9,0.000912,-3.04,0.65,210,57,400+,1-2 semanas
13481-87-3,0.115,-0.94,0.29,24,6,89,6-24 h
13487-27-9,0.145,-0.84,0.28,22,6,80,6-24 h
13491-79-7,0.0331,-1.48,0.39,67,18,249,1-3 días
13494-06-9,0.631,-0.20,0.17,16,4,59,6-24 h
13494-07-0,0.631,-0.20,0.17,16,4,59,6-24 h
13532-18-8,3.98,0.60,0.03,4,1,15,menos de 6 h
13567-39-0,0.000324,-3.49,0.73,210,57,400+,1-2 semanas
13623-11-5,6.31,0.80,0.00,4,1,15,menos de 6 h
13678-59-6,10.5,1.02,0.00,4,1,15,menos de 6 h
13678-68-7,0.00871,-2.06,0.48,126,34,400+,3-7 días
13679-70-4,9.12,0.96,0.00,4,1,15,menos de 6 h
13679-86-2,1.95,0.29,0.09,4,1,15,menos de 6 h
13708-12-8,0.000363,-3.44,0.72,210,57,400+,1-2 semanas
13720-12-2,0.055,-1.26,0.35,48,13,178,1-3 días
13786-79-3,2.69e-05,-4.57,0.91,210,57,400+,1-2 semanas
13794-73-5,0.00324,-2.49,0.56,209,57,400+,1-2 semanas
13816-33-6,0.195,-0.71,0.26,20,5,74,6-24 h
13828-37-0,0.0288,-1.54,0.40,68,18,252,1-3 días
13837-56-4,1.02,0.01,0.13,8,2,29,6-24 h
13851-06-4,0.01,-2.00,0.47,108,29,400,3-7 días
13851-11-1,0.0776,-1.11,0.32,29,8,107,1-3 días
13877-91-3,3.98,0.60,0.03,4,1,15,menos de 6 h
13894-62-7,3.89,0.59,0.04,4,1,15,menos de 6 h
13925-00-3,1.55,0.19,0.10,5,1,19,menos de 6 h
13925-06-9,0.174,-0.76,0.26,20,5,74,6-24 h
13925-07-0,0.245,-0.61,0.24,20,5,74,6-24 h
14049-11-7,0.00372,-2.43,0.55,207,56,400+,1-2 semanas
14073-97-3,0.257,-0.59,0.24,20,5,74,6-24 h
14309-57-0,0.513,-0.29,0.18,16,4,59,6-24 h
14352-61-5,0.49,-0.31,0.19,16,4,59,6-24 h
14374-92-6,0.158,-0.80,0.27,20,5,74,6-24 h
14436-32-9,0.00129,-2.89,0.63,210,57,400+,1-2 semanas
14576-08-0,0.955,-0.02,0.14,9,2,32,6-24 h
14595-54-1,2.95e-05,-4.53,0.90,210,57,400+,1-2 semanas
14620-52-1,0.00977,-2.01,0.48,111,30,400+,3-7 días
14667-55-1,1.12,0.05,0.13,7,2,26,6-24 h
14727-47-0,0.0011,-2.96,0.64,210,57,400+,1-2 semanas
14735-72-9,2.04e-06,-5.69,1.00,350,95,400+,más de 2 semanas (tope 400 h)
14765-30-1,0.288,-0.54,0.23,20,5,74,6-24 h
14898-79-4,18.2,1.26,0.00,4,1,15,menos de 6 h
14901-07-6,0.0537,-1.27,0.35,50,13,183,1-3 días
15111-96-3,0.0372,-1.43,0.38,65,18,241,1-3 días
15149-10-7,0.00537,-2.27,0.52,186,50,400+,1-2 semanas
15323-35-0,0.00288,-2.54,0.57,210,57,400+,1-2 semanas
15356-60-2,0.0055,-2.26,0.52,182,49,400+,1-2 semanas
15356-70-4,0.0055,-2.26,0.52,182,49,400+,1-2 semanas
15356-74-8,0.01,-2.00,0.47,108,29,400,3-7 días
15373-31-6,0.513,-0.29,0.18,16,4,59,6-24 h
15679-12-6,9.77,0.99,0.00,4,1,15,menos de 6 h
15679-13-7,6.46,0.81,0.00,4,1,15,menos de 6 h
15706-73-7,1.38,0.14,0.11,6,2,21,menos de 6 h
15707-23-0,1,0.00,0.14,8,2,30,6-24 h
15707-24-1,0.186,-0.73,0.26,20,5,74,6-24 h
15760-18-6,0.00708,-2.15,0.50,148,40,400+,3-7 días
15848-49-4,0.135,-0.87,0.28,23,6,84,6-24 h
15892-23-6,18.2,1.26,0.00,4,1,15,menos de 6 h
15932-80-6,0.123,-0.91,0.29,24,6,89,6-24 h
16251-77-7,0.389,-0.41,0.21,16,4,61,6-24 h
16409-43-1,0.955,-0.02,0.14,9,2,32,6-24 h
16409-45-3,0.105,-0.98,0.30,24,6,89,6-24 h
16409-46-4,0.00933,-2.03,0.48,117,32,400+,3-7 días
16429-07-5,0.0501,-1.30,0.36,54,15,200,1-3 días
16491-24-0,0.224,-0.65,0.25,20,5,74,6-24 h
16491-36-4,0.191,-0.72,0.26,20,5,74,6-24 h
16510-27-3,0.0525,-1.28,0.35,51,14,189,1-3 días
16587-71-6,0.363,-0.44,0.21,17,5,65,6-24 h
16930-93-1,0.178,-0.75,0.26,20,5,74,6-24 h
16930-96-4,0.0955,-1.02,0.31,25,7,92,1-3 días
16957-70-3,0.132,-0.88,0.28,23,6,86,6-24 h
17162-29-7,0.000115,-3.94,0.80,210,57,400+,1-2 semanas
17283-81-7,0.0501,-1.30,0.36,54,15,200,1-3 días
17369-59-4,0.000479,-3.32,0.70,210,57,400+,1-2 semanas
17369-60-7,0.38,-0.42,0.21,17,5,62,6-24 h
17373-89-6,0.0794,-1.10,0.32,28,8,104,1-3 días
17511-60-3,3.02e-05,-4.52,0.90,210,57,400+,1-2 semanas
17627-44-0,0.0891,-1.05,0.31,26,7,96,1-3 días
17909-77-2,0.132,-0.88,0.28,23,6,86,6-24 h
17957-94-7,0.324,-0.49,0.22,20,5,72,6-24 h
18096-62-3,0.0001,-4.00,0.81,210,57,400+,1-2 semanas
18127-01-0,0.138,-0.86,0.28,22,6,83,6-24 h
18138-04-0,0.117,-0.93,0.29,24,6,89,6-24 h
18172-67-3,2.88,0.46,0.06,4,1,15,menos de 6 h
18368-91-7,0.0676,-1.17,0.33,36,10,134,1-3 días
18409-17-1,0.0537,-1.27,0.35,50,13,183,1-3 días
18409-21-7,0.00245,-2.61,0.58,210,57,400+,1-2 semanas
18436-37-8,0.0269,-1.57,0.40,68,18,252,1-3 días
18479-49-7,0.115,-0.94,0.29,24,6,89,6-24 h
18479-51-1,0.115,-0.94,0.29,24,6,89,6-24 h
18479-54-4,0.0891,-1.05,0.31,26,7,96,1-3 días
18479-57-7,0.132,-0.88,0.28,23,6,86,6-24 h
18479-58-8,0.0912,-1.04,0.31,26,7,94,1-3 días
18492-65-4,0.589,-0.23,0.17,16,4,59,6-24 h
18640-74-9,0.871,-0.06,0.15,10,3,38,6-24 h
18679-18-0,0.0224,-1.65,0.42,69,19,255,1-3 días
18794-84-8,0.0871,-1.06,0.32,26,7,97,1-3 días
18824-63-0,0.457,-0.34,0.19,16,4,59,6-24 h
18829-56-6,0.38,-0.42,0.21,17,5,62,6-24 h
18836-52-7,1.66e-06,-5.78,1.00,350,95,400+,más de 2 semanas (tope 400 h)
18871-14-2,0.00107,-2.97,0.64,210,57,400+,1-2 semanas
19009-56-4,0.0813,-1.09,0.32,28,7,102,1-3 días
19089-92-0,0.162,-0.79,0.27,20,5,74,6-24 h
19096-86-7,0.00155,-2.81,0.61,210,57,400+,1-2 semanas
19139-31-2,5.01e-05,-4.30,0.86,210,57,400+,1-2 semanas
19329-89-6,0.302,-0.52,0.22,20,5,74,6-24 h
19788-49-9,1.23,0.09,0.12,6,2,23,6-24 h
19819-98-8,0.0457,-1.34,0.36,58,16,214,1-3 días
19870-74-7,0.000661,-3.18,0.67,210,57,400+,1-2 semanas
20009-20-5,0.00141,-2.85,0.62,210,57,400+,1-2 semanas
20125-84-2,0.0537,-1.27,0.35,50,13,183,1-3 días
20298-69-5,0.055,-1.26,0.35,48,13,178,1-3 días
20298-70-8,0.055,-1.26,0.35,48,13,178,1-3 días
20407-84-5,0.0141,-1.85,0.45,92,25,340,3-7 días
20489-53-6,0.00575,-2.24,0.52,173,47,400+,1-2 semanas
20662-84-4,8.32,0.92,0.00,4,1,15,menos de 6 h
20665-85-4,0.00447,-2.35,0.53,203,55,400+,1-2 semanas
20777-49-5,0.0468,-1.33,0.36,57,15,210,1-3 días
20780-48-7,0.135,-0.87,0.28,23,6,84,6-24 h
20780-49-8,0.204,-0.69,0.25,20,5,74,6-24 h
20834-59-7,0.0174,-1.76,0.43,82,22,305,3-7 días
20962-70-3,0.263,-0.58,0.23,20,5,74,6-24 h
21016-46-6,1.35,0.13,0.11,6,2,21,menos de 6 h
21112-37-8,0.0138,-1.86,0.45,92,25,340,3-7 días
21129-27-1,0.0316,-1.50,0.39,68,18,252,1-3 días
21145-77-7,3.98e-05,-4.40,0.88,210,57,400+,1-2 semanas
21188-58-9,0.129,-0.89,0.29,24,6,87,6-24 h
21280-29-5,0.00166,-2.78,0.61,210,57,400+,1-2 semanas
21368-68-3,0.646,-0.19,0.17,16,4,58,6-24 h
21661-97-2,0.0977,-1.01,0.31,24,7,90,1-3 días
21662-09-9,0.0933,-1.03,0.31,25,7,93,1-3 días
21662-13-5,0.02,-1.70,0.42,70,19,259,1-3 días
21690-43-7,0.117,-0.93,0.29,24,6,89,6-24 h
21722-83-8,0.126,-0.90,0.29,24,6,89,6-24 h
21834-92-4,0.115,-0.94,0.29,24,6,89,6-24 h
21835-00-7,0.631,-0.20,0.17,16,4,59,6-24 h
21835-01-8,0.417,-0.38,0.20,16,4,59,6-24 h
21944-98-9,0.0138,-1.86,0.45,92,25,340,3-7 días
21963-26-8,0.0501,-1.30,0.36,54,15,200,1-3 días
21964-44-3,0.112,-0.95,0.30,24,6,89,6-24 h
22029-76-1,0.00513,-2.29,0.52,196,53,400+,1-2 semanas
22030-19-9,0.017,-1.77,0.44,85,23,314,3-7 días
22047-25-2,0.229,-0.64,0.24,20,5,74,6-24 h
22104-79-6,0.0182,-1.74,0.43,78,21,289,3-7 días
22418-66-2,0.479,-0.32,0.19,16,4,59,6-24 h
22457-23-4,0.129,-0.89,0.29,24,6,87,6-24 h
22460-95-3,0.0012,-2.92,0.63,210,57,400+,1-2 semanas
22471-55-2,0.0398,-1.40,0.37,64,17,237,1-3 días
22629-48-7,0.0234,-1.63,0.41,69,19,254,1-3 días
22629-49-8,0.00955,-2.02,0.48,114,31,400+,3-7 días
22717-57-3,0.00912,-2.04,0.48,120,32,400+,3-7 días
22719-81-9,0.00562,-2.25,0.52,177,48,400+,1-2 semanas
22810-10-2,1.07,0.03,0.13,7,2,27,6-24 h
22874-79-9,0.0178,-1.75,0.43,80,22,297,3-7 días
22882-89-9,1,0.00,0.14,8,2,30,6-24 h
22882-91-3,1,0.00,0.14,8,2,30,6-24 h
23059-38-3,0.417,-0.38,0.20,16,4,59,6-24 h
23250-42-2,0.417,-0.38,0.20,16,4,59,6-24 h
23267-57-4,0.0186,-1.73,0.43,76,21,281,3-7 días
23333-91-7,0.0275,-1.56,0.40,68,18,252,1-3 días
23495-12-7,0.00138,-2.86,0.62,210,57,400+,1-2 semanas
23550-40-5,5.13,0.71,0.02,4,1,15,menos de 6 h
23726-91-2,0.0447,-1.35,0.36,59,16,218,1-3 días
23726-92-3,0.0447,-1.35,0.36,59,16,218,1-3 días
23726-93-4,0.0871,-1.06,0.32,26,7,97,1-3 días
23726-94-5,0.0407,-1.39,0.37,63,17,233,1-3 días
23747-48-0,0.00513,-2.29,0.52,196,53,400+,1-2 semanas
23787-80-6,0.158,-0.80,0.27,20,5,74,6-24 h
23787-90-8,0.00195,-2.71,0.59,210,57,400+,1-2 semanas
23911-56-0,8.32e-05,-4.08,0.83,210,57,400+,1-2 semanas
23950-98-3,0.00158,-2.80,0.61,210,57,400+,1-2 semanas
23986-74-5,0.0162,-1.79,0.44,90,24,331,3-7 días
24048-13-3,0.0501,-1.30,0.36,54,15,200,1-3 días
24048-14-4,0.00324,-2.49,0.56,209,57,400+,1-2 semanas
24168-70-5,0.0363,-1.44,0.38,66,18,243,1-3 días
24237-00-1,0.282,-0.55,0.23,20,5,74,6-24 h
24238-95-7,0.00437,-2.36,0.54,204,55,400+,1-2 semanas
24295-03-2,0.126,-0.90,0.29,24,6,89,6-24 h
24323-25-9,0.000191,-3.72,0.77,210,57,400+,1-2 semanas
24683-00-9,0.0339,-1.47,0.38,67,18,247,1-3 días
24717-85-9,0.0155,-1.81,0.44,92,25,340,3-7 días
24720-09-0,0.0407,-1.39,0.37,63,17,233,1-3 días
24817-51-4,0.0347,-1.46,0.38,66,18,246,1-3 días
24851-98-7,0.0017,-2.77,0.61,210,57,400+,1-2 semanas
25152-85-6,0.0269,-1.57,0.40,68,18,252,1-3 días
25225-08-5,0.0589,-1.23,0.34,44,12,163,1-3 días
25225-09-6,0.0603,-1.22,0.34,43,12,159,1-3 días
25225-10-9,0.0575,-1.24,0.35,45,12,168,1-3 días
25279-09-8,0.162,-0.79,0.27,20,5,74,6-24 h
25304-14-7,0.398,-0.40,0.20,16,4,59,6-24 h
25312-34-9,0.00525,-2.28,0.52,191,52,400+,1-2 semanas
25415-62-7,0.372,-0.43,0.21,17,5,63,6-24 h
25485-88-5,3.09e-06,-5.51,1.00,350,95,400+,más de 2 semanas (tope 400 h)
25524-95-2,0.0229,-1.64,0.41,69,19,255,1-3 días
25634-93-9,0.00347,-2.46,0.55,208,56,400+,1-2 semanas
25773-40-4,0.251,-0.60,0.24,20,5,74,6-24 h
25905-14-0,0.0631,-1.20,0.34,40,11,150,1-3 días
26252-11-9,0.0447,-1.35,0.36,59,16,218,1-3 días
26330-65-4,0.0427,-1.37,0.37,61,16,225,1-3 días
26516-27-8,0.501,-0.30,0.19,16,4,59,6-24 h
26553-46-8,2.14,0.33,0.08,4,1,15,menos de 6 h
26619-69-2,0.00331,-2.48,0.56,209,56,400+,1-2 semanas
26643-91-4,0.162,-0.79,0.27,20,5,74,6-24 h
27538-09-6,0.38,-0.42,0.21,17,5,62,6-24 h
27538-10-9,0.38,-0.42,0.21,17,5,62,6-24 h
27593-23-3,0.0112,-1.95,0.47,100,27,369,3-7 días
27606-09-3,3.24e-05,-4.49,0.90,210,57,400+,1-2 semanas
27625-35-0,0.794,-0.10,0.15,12,3,44,6-24 h
27829-72-7,2.14,0.33,0.08,4,1,15,menos de 6 h
28043-10-9,0.0661,-1.18,0.34,38,10,139,1-3 días
28069-72-9,0.00759,-2.12,0.49,143,39,400+,3-7 días
28069-74-1,0.575,-0.24,0.18,16,4,59,6-24 h
28219-60-5,0.00479,-2.32,0.53,202,55,400+,1-2 semanas
28219-61-6,0.00302,-2.52,0.56,210,57,400+,1-2 semanas
28231-03-0,0.00347,-2.46,0.55,208,56,400+,1-2 semanas
28371-99-5,2.09e-05,-4.68,0.93,210,57,400+,1-2 semanas
28462-85-3,0.0631,-1.20,0.34,40,11,150,1-3 días
28645-51-4,2.69e-06,-5.57,1.00,350,95,400+,más de 2 semanas (tope 400 h)
28664-35-9,0.049,-1.31,0.36,55,15,203,1-3 días
28940-11-6,0.00148,-2.83,0.62,210,57,400+,1-2 semanas
29066-34-0,0.105,-0.98,0.30,24,6,89,6-24 h
29127-83-1,0.115,-0.94,0.29,24,6,89,6-24 h
29214-60-6,0.0977,-1.01,0.31,24,7,90,1-3 días
29461-13-0,0.00195,-2.71,0.59,210,57,400+,1-2 semanas
30168-23-1,0.000209,-3.68,0.76,210,57,400+,1-2 semanas
30310-41-9,0.00468,-2.33,0.53,202,55,400+,1-2 semanas
30897-75-7,0.195,-0.71,0.26,20,5,74,6-24 h
30960-39-5,0.00195,-2.71,0.59,210,57,400+,1-2 semanas
31375-17-4,0.0603,-1.22,0.34,43,12,159,1-3 días
31499-72-6,0.0501,-1.30,0.36,54,15,200,1-3 días
31501-11-8,0.0316,-1.50,0.39,68,18,252,1-3 días
31502-14-4,0.0182,-1.74,0.43,78,21,289,3-7 días
31574-44-4,0.288,-0.54,0.23,20,5,74,6-24 h
31846-06-7,0.0324,-1.49,0.39,68,18,250,1-3 días
31906-04-4,3.89e-05,-4.41,0.88,210,57,400+,1-2 semanas
31996-78-8,0.501,-0.30,0.19,16,4,59,6-24 h
32210-23-4,0.00759,-2.12,0.49,143,39,400+,3-7 días
32214-91-8,4.9e-06,-5.31,1.00,321,87,400+,1-2 semanas
32388-55-9,0.000219,-3.66,0.76,210,57,400+,1-2 semanas
32480-08-3,0.0501,-1.30,0.36,54,15,200,1-3 días
32659-21-5,0.0457,-1.34,0.36,58,16,214,1-3 días
32665-23-9,3.98,0.60,0.03,4,1,15,menos de 6 h
32669-00-4,0.1,-1.00,0.31,24,6,89,6-24 h
32737-14-7,0.269,-0.57,0.23,20,5,74,6-24 h
32764-98-0,0.0234,-1.63,0.41,69,19,254,1-3 días
32974-92-8,0.195,-0.71,0.26,20,5,74,6-24 h
33046-81-0,0.617,-0.21,0.17,16,4,59,6-24 h
33407-62-4,0.00195,-2.71,0.59,210,57,400+,1-2 semanas
33467-73-1,2.82,0.45,0.06,4,1,15,menos de 6 h
33467-74-2,1.02,0.01,0.13,8,2,29,6-24 h
33662-58-7,1.62e-07,-6.79,1.00,390,106,400+,más de 2 semanas (tope 400 h)
33673-62-0,0.0562,-1.25,0.35,47,13,173,1-3 días
33673-65-3,5.01e-05,-4.30,0.86,210,57,400+,1-2 semanas
33673-71-1,0.0603,-1.22,0.34,43,12,159,1-3 días
33704-60-8,0.01,-2.00,0.47,108,29,400,3-7 días
33704-61-9,0.0219,-1.66,0.42,69,19,256,1-3 días
33880-83-0,0.204,-0.69,0.25,20,5,74,6-24 h
33885-51-7,0.148,-0.83,0.28,21,6,78,6-24 h
33885-52-8,0.112,-0.95,0.30,24,6,89,6-24 h
33941-99-0,0.0107,-1.97,0.47,103,28,381,3-7 días
34131-98-1,0.0437,-1.36,0.37,60,16,221,1-3 días
34291-99-1,0.182,-0.74,0.26,20,5,74,6-24 h
34300-94-2,0.224,-0.65,0.25,20,5,74,6-24 h
34322-06-0,2.82,0.45,0.06,4,1,15,menos de 6 h
34322-08-2,0.603,-0.22,0.17,16,4,59,6-24 h
34322-09-3,0.0646,-1.19,0.34,39,11,144,1-3 días
34365-79-2,2.75,0.44,0.06,4,1,15,menos de 6 h
34413-35-9,0.00525,-2.28,0.52,191,52,400+,1-2 semanas
34451-19-9,0.398,-0.40,0.20,16,4,59,6-24 h
34495-71-1,0.191,-0.72,0.26,20,5,74,6-24 h
34686-67-4,0.851,-0.07,0.15,11,3,39,6-24 h
34686-71-0,0.0229,-1.64,0.41,69,19,255,1-3 días
34764-02-8,0.00955,-2.02,0.48,114,31,400+,3-7 días
35044-57-6,0.0204,-1.69,0.42,70,19,258,1-3 días
35044-58-7,0.0537,-1.27,0.35,50,13,183,1-3 días
35044-59-8,0.02,-1.70,0.42,70,19,259,1-3 días
35044-68-9,0.0447,-1.35,0.36,59,16,218,1-3 días
35087-49-1,0.0513,-1.29,0.35,52,14,194,1-3 días
35145-02-9,0.251,-0.60,0.24,20,5,74,6-24 h
35154-45-1,0.0977,-1.01,0.31,24,7,90,1-3 días
35158-25-9,1.07,0.03,0.13,7,2,27,6-24 h
35194-30-0,0.178,-0.75,0.26,20,5,74,6-24 h
35206-51-0,1.05,0.02,0.13,8,2,28,6-24 h
35720-57-1,2.95e-05,-4.53,0.90,210,57,400+,1-2 semanas
35836-72-7,0.0126,-1.90,0.46,92,25,340,3-7 días
35836-73-8,0.00813,-2.09,0.49,136,37,400+,3-7 días
35852-46-1,0.0724,-1.14,0.33,32,9,120,1-3 días
35854-86-5,0.0182,-1.74,0.43,78,21,289,3-7 días
36267-71-7,0.0158,-1.80,0.44,92,25,340,3-7 días
36306-86-2,0.00158,-2.80,0.61,210,57,400+,1-2 semanas
36306-87-3,0.0575,-1.24,0.35,45,12,168,1-3 días
36431-72-8,0.631,-0.20,0.17,16,4,59,6-24 h
36635-35-5,0.282,-0.55,0.23,20,5,74,6-24 h
37064-20-3,4.17,0.62,0.03,4,1,15,menos de 6 h
37161-74-3,0.00219,-2.66,0.59,210,57,400+,1-2 semanas
37172-02-4,0.0214,-1.67,0.42,69,19,257,1-3 días
37172-53-5,0.00562,-2.25,0.52,177,48,400+,1-2 semanas
37514-30-0,0.00017,-3.77,0.77,210,57,400+,1-2 semanas
37526-88-8,0.0257,-1.59,0.41,68,18,252,1-3 días
37609-25-9,1.26e-05,-4.90,0.97,268,72,400+,1-2 semanas
37677-14-8,0.155,-0.81,0.27,20,6,75,6-24 h
37973-51-6,0.00977,-2.01,0.48,111,30,400+,3-7 días
37973-52-7,0.00977,-2.01,0.48,111,30,400+,3-7 días
38049-26-2,0.0295,-1.53,0.39,68,18,252,1-3 días
38223-29-9,5.62e-06,-5.25,1.00,312,84,400+,1-2 semanas
38237-00-2,0.339,-0.47,0.22,19,5,69,6-24 h
38285-49-3,0.00115,-2.94,0.63,210,57,400+,1-2 semanas
38462-22-5,0.0331,-1.48,0.39,67,18,249,1-3 días
38462-23-6,0.00398,-2.40,0.54,206,56,400+,1-2 semanas
39067-39-5,0.525,-0.28,0.18,16,4,59,6-24 h
39067-80-6,0.339,-0.47,0.22,19,5,69,6-24 h
39129-16-3,1.2e-05,-4.92,0.97,273,74,400+,1-2 semanas
39189-74-7,0.0479,-1.32,0.36,56,15,207,1-3 días
39212-23-2,0.158,-0.80,0.27,20,5,74,6-24 h
39255-32-8,3.63,0.56,0.04,4,1,15,menos de 6 h
39668-74-1,7.24e-06,-5.14,1.00,304,82,400+,1-2 semanas
39707-47-6,0.112,-0.95,0.30,24,6,89,6-24 h
39711-79-0,0.000933,-3.03,0.65,210,57,400+,1-2 semanas
39770-04-2,0.398,-0.40,0.20,16,4,59,6-24 h
39770-05-3,0.174,-0.76,0.26,20,5,74,6-24 h
39872-57-6,0.0603,-1.22,0.34,43,12,159,1-3 días
39900-38-4,0.000107,-3.97,0.81,210,57,400+,1-2 semanas
39924-52-2,0.00162,-2.79,0.61,210,57,400+,1-2 semanas
40188-41-8,0.49,-0.31,0.19,16,4,59,6-24 h
40203-73-4,0.407,-0.39,0.20,16,4,59,6-24 h
40267-72-9,1,0.00,0.14,8,2,30,6-24 h
40379-24-6,0.129,-0.89,0.29,24,6,87,6-24 h
40527-42-2,3.47e-05,-4.46,0.89,210,57,400+,1-2 semanas
40596-76-7,0.0437,-1.36,0.37,60,16,221,1-3 días
40654-82-8,0.417,-0.38,0.20,16,4,59,6-24 h
40716-66-3,0.00661,-2.18,0.51,153,41,400+,3-7 días
40785-62-4,1.7e-05,-4.77,0.94,210,57,400+,1-2 semanas
40910-49-4,0.0813,-1.09,0.32,28,7,102,1-3 días
40942-73-2,0.00468,-2.33,0.53,202,55,400+,1-2 semanas
41199-19-3,0.00617,-2.21,0.51,160,43,400+,3-7 días
41239-48-9,8.91,0.95,0.00,4,1,15,menos de 6 h
41270-80-8,2.04e-05,-4.69,0.93,210,57,400+,1-2 semanas
41496-43-9,0.251,-0.60,0.24,20,5,74,6-24 h
41519-18-0,0.813,-0.09,0.15,12,3,43,6-24 h
41519-23-7,0.355,-0.45,0.21,18,5,66,6-24 h
41547-22-2,0.575,-0.24,0.18,16,4,59,6-24 h
41654-15-3,1.02,0.01,0.13,8,2,29,6-24 h
41723-98-2,0.000148,-3.83,0.78,210,57,400+,1-2 semanas
41724-19-0,0.0339,-1.47,0.38,67,18,247,1-3 días
41816-03-9,0.000148,-3.83,0.78,210,57,400+,1-2 semanas
41890-92-0,0.0191,-1.72,0.43,74,20,274,3-7 días
42288-75-5,0.00135,-2.87,0.62,210,57,400+,1-2 semanas
42370-07-0,0.0891,-1.05,0.31,26,7,96,1-3 días
42436-07-7,0.00813,-2.09,0.49,136,37,400+,3-7 días
42822-86-6,0.0174,-1.76,0.43,82,22,305,3-7 días
42866-91-1,0.0115,-1.94,0.46,98,27,363,3-7 días
43052-87-5,0.0407,-1.39,0.37,63,17,233,1-3 días
45019-28-1,0.00148,-2.83,0.62,210,57,400+,1-2 semanas
50607-64-2,0.00105,-2.98,0.64,210,57,400+,1-2 semanas
50816-18-7,0.0195,-1.71,0.43,72,19,266,1-3 días
51100-54-0,0.0724,-1.14,0.33,32,9,120,1-3 días
51115-63-0,0.000107,-3.97,0.81,210,57,400+,1-2 semanas
51115-64-1,0.912,-0.04,0.14,9,3,35,6-24 h
51414-25-6,8.71e-05,-4.06,0.82,210,57,400+,1-2 semanas
51519-65-4,0.0331,-1.48,0.39,67,18,249,1-3 días
51566-62-2,0.407,-0.39,0.20,16,4,59,6-24 h
51608-18-5,0.251,-0.60,0.24,20,5,74,6-24 h
51755-66-9,0.316,-0.50,0.22,20,5,74,6-24 h
51755-83-0,0.263,-0.58,0.23,20,5,74,6-24 h
51755-85-2,0.155,-0.81,0.27,20,6,75,6-24 h
52474-60-9,0.0617,-1.21,0.34,42,11,154,1-3 días
52475-86-2,0.0603,-1.22,0.34,43,12,159,1-3 días
52475-89-5,0.155,-0.81,0.27,20,6,75,6-24 h
52514-66-6,7.41e-06,-5.13,1.00,304,82,400+,1-2 semanas
52514-67-7,3.31e-06,-5.48,1.00,344,93,400+,más de 2 semanas (tope 400 h)
52557-97-8,0.0417,-1.38,0.37,62,17,229,1-3 días
52711-52-1,0.0562,-1.25,0.35,47,13,173,1-3 días
53018-24-9,0.0741,-1.13,0.33,31,8,116,1-3 días
53082-58-9,0.251,-0.60,0.24,20,5,74,6-24 h
53243-59-7,0.00355,-2.45,0.55,208,56,400+,1-2 semanas
53243-60-0,0.00355,-2.45,0.55,208,56,400+,1-2 semanas
53253-09-1,0.0741,-1.13,0.33,31,8,116,1-3 días
53398-80-4,1.02,0.01,0.13,8,2,29,6-24 h
53398-83-7,0.191,-0.72,0.26,20,5,74,6-24 h
53398-85-9,0.0977,-1.01,0.31,24,7,90,1-3 días
53398-86-0,0.0324,-1.49,0.39,68,18,250,1-3 días
53399-81-8,3.09,0.49,0.05,4,1,15,menos de 6 h
53448-07-0,0.0204,-1.69,0.42,70,19,258,1-3 días
53498-32-1,0.0912,-1.04,0.31,26,7,94,1-3 días
53767-86-5,0.851,-0.07,0.15,11,3,39,6-24 h
53767-93-4,0.0933,-1.03,0.31,25,7,93,1-3 días
53834-70-1,0.0912,-1.04,0.31,26,7,94,1-3 días
54082-68-7,0.0501,-1.30,0.36,54,15,200,1-3 días
54089-83-7,0.11,-0.96,0.30,24,6,89,6-24 h
54440-17-4,0.0148,-1.83,0.45,92,25,340,3-7 días
54464-57-2,0.00224,-2.65,0.58,210,57,400+,1-2 semanas
54484-73-0,1.2,0.08,0.12,6,2,24,6-24 h
54491-17-7,0.0219,-1.66,0.42,69,19,256,1-3 días
54546-26-8,0.603,-0.22,0.17,16,4,59,6-24 h
54815-13-3,0.0457,-1.34,0.36,58,16,214,1-3 días
54889-48-4,0.501,-0.30,0.19,16,4,59,6-24 h
54947-74-9,0.0024,-2.62,0.58,210,57,400+,1-2 semanas
54982-83-1,2.88e-06,-5.54,1.00,350,95,400+,más de 2 semanas (tope 400 h)
54992-90-4,0.049,-1.31,0.36,55,15,203,1-3 días
55050-40-3,0.871,-0.06,0.15,10,3,38,6-24 h
55066-48-3,0.00776,-2.11,0.49,142,38,400+,3-7 días
55066-49-4,0.182,-0.74,0.26,20,5,74,6-24 h
55066-54-1,3.24e-06,-5.49,1.00,347,94,400+,más de 2 semanas (tope 400 h)
55066-56-3,0.0363,-1.44,0.38,66,18,243,1-3 días
55418-52-5,0.000692,-3.16,0.67,210,57,400+,1-2 semanas
55514-48-2,7.24,0.86,0.00,4,1,15,menos de 6 h
55590-83-5,0.55,-0.26,0.18,16,4,59,6-24 h
55719-85-2,0.0288,-1.54,0.40,68,18,252,1-3 días
55722-59-3,0.646,-0.19,0.17,16,4,58,6-24 h
55739-89-4,0.372,-0.43,0.21,17,5,63,6-24 h
56001-43-5,0.00661,-2.18,0.51,153,41,400+,3-7 días
56011-02-0,0.295,-0.53,0.23,20,5,74,6-24 h
56107-04-1,0.00427,-2.37,0.54,204,55,400+,1-2 semanas
56138-10-4,0.00871,-2.06,0.48,126,34,400+,3-7 días
56172-46-4,0.0389,-1.41,0.37,64,17,238,1-3 días
56423-40-6,0.0372,-1.43,0.38,65,18,241,1-3 días
56767-18-1,0.955,-0.02,0.14,9,2,32,6-24 h
56836-93-2,0.0115,-1.94,0.46,98,27,363,3-7 días
56922-74-8,0.0724,-1.14,0.33,32,9,120,1-3 días
56973-85-4,0.0501,-1.30,0.36,54,15,200,1-3 días
56973-87-6,0.0513,-1.29,0.35,52,14,194,1-3 días
57074-37-0,0.00331,-2.48,0.56,209,56,400+,1-2 semanas
57082-24-3,1.45e-05,-4.84,0.96,231,63,400+,1-2 semanas
57094-40-3,0.000955,-3.02,0.65,210,57,400+,1-2 semanas
57345-19-4,6.17e-05,-4.21,0.85,210,57,400+,1-2 semanas
57371-42-3,2.63e-05,-4.58,0.91,210,57,400+,1-2 semanas
57378-68-4,0.0501,-1.30,0.36,54,15,200,1-3 días
57566-26-4,0.00437,-2.36,0.54,204,55,400+,1-2 semanas
57576-09-7,0.0537,-1.27,0.35,50,13,183,1-3 días
57856-81-2,0.00692,-2.16,0.50,149,40,400+,3-7 días
57934-97-1,0.0525,-1.28,0.35,51,14,189,1-3 días
57967-68-7,0.00263,-2.58,0.57,210,57,400+,1-2 semanas
58001-88-0,0.00324,-2.49,0.56,209,57,400+,1-2 semanas
58096-46-1,1.55e-05,-4.81,0.95,215,58,400+,1-2 semanas
58096-47-2,1.51e-05,-4.82,0.95,220,60,400+,1-2 semanas
58296-81-4,0.0209,-1.68,0.42,70,19,258,1-3 días
58430-94-7,0.355,-0.45,0.21,18,5,66,6-24 h
58461-27-1,0.339,-0.47,0.22,19,5,69,6-24 h
58475-04-0,0.347,-0.46,0.21,18,5,68,6-24 h
58567-11-6,5.37e-05,-4.27,0.86,210,57,400+,1-2 semanas
58985-18-5,0.0468,-1.33,0.36,57,15,210,1-3 días
59020-90-5,0.0457,-1.34,0.36,58,16,214,1-3 días
59052-82-3,0.000251,-3.60,0.75,210,57,400+,1-2 semanas
59056-62-1,6.76e-06,-5.17,1.00,304,82,400+,1-2 semanas
59056-64-3,0.00145,-2.84,0.62,210,57,400+,1-2 semanas
59151-19-8,2.95e-05,-4.53,0.90,210,57,400+,1-2 semanas
59191-78-5,0.00129,-2.89,0.63,210,57,400+,1-2 semanas
59230-57-8,0.0331,-1.48,0.39,67,18,249,1-3 días
59323-76-1,0.562,-0.25,0.18,16,4,59,6-24 h
59324-17-3,0.562,-0.25,0.18,16,4,59,6-24 h
59354-71-1,0.0295,-1.53,0.39,68,18,252,1-3 días
59471-80-6,0.302,-0.52,0.22,20,5,74,6-24 h
59558-23-5,0.00288,-2.54,0.57,210,57,400+,1-2 semanas
59739-63-8,0.0871,-1.06,0.32,26,7,97,1-3 días
60047-17-8,0.263,-0.58,0.23,20,5,74,6-24 h
60066-88-8,0.12,-0.92,0.29,24,6,89,6-24 h
60241-52-3,0.0219,-1.66,0.42,69,19,256,1-3 días
60241-53-4,0.0309,-1.51,0.39,68,18,252,1-3 días
60308-76-1,0.00148,-2.83,0.62,210,57,400+,1-2 semanas
60335-71-9,0.0049,-2.31,0.53,201,54,400+,1-2 semanas
60335-74-2,0.00832,-2.08,0.49,133,36,400+,3-7 días
60466-73-1,0.0174,-1.76,0.43,82,22,305,3-7 días
60523-21-9,2.88,0.46,0.06,4,1,15,menos de 6 h
60763-41-9,9.33e-06,-5.03,0.99,296,80,400+,1-2 semanas
60763-42-0,0.132,-0.88,0.28,23,6,86,6-24 h
60788-25-2,0.00135,-2.87,0.62,210,57,400+,1-2 semanas
60899-29-8,0.0372,-1.43,0.38,65,18,241,1-3 días
61444-38-0,0.0724,-1.14,0.33,32,9,120,1-3 días
61668-40-4,0.309,-0.51,0.22,20,5,74,6-24 h
61699-38-5,0.0646,-1.19,0.34,39,11,144,1-3 días
61792-11-8,0.191,-0.72,0.26,20,5,74,6-24 h
61920-45-4,0.468,-0.33,0.19,16,4,59,6-24 h
61931-80-4,0.0661,-1.18,0.34,38,10,139,1-3 días
61931-81-5,0.00741,-2.13,0.50,145,39,400+,3-7 días
62062-85-5,1.17,0.07,0.12,7,2,24,6-24 h
62346-96-7,0.0347,-1.46,0.38,66,18,246,1-3 días
62406-73-9,0.0372,-1.43,0.38,65,18,241,1-3 días
62439-41-2,0.525,-0.28,0.18,16,4,59,6-24 h
62518-65-4,0.191,-0.72,0.26,20,5,74,6-24 h
63095-33-0,0.0372,-1.43,0.38,65,18,241,1-3 días
63187-91-7,1.91e-05,-4.72,0.94,210,57,400+,1-2 semanas
63270-14-4,0.00372,-2.43,0.55,207,56,400+,1-2 semanas
63314-79-4,1.58e-05,-4.80,0.95,210,57,400+,1-2 semanas
63449-64-9,0.00891,-2.05,0.48,123,33,400+,3-7 días
63449-68-3,1.02e-10,-9.99,1.00,390,106,400+,más de 2 semanas (tope 400 h)
63449-88-7,0.055,-1.26,0.35,48,13,178,1-3 días
63449-95-6,0.0214,-1.67,0.42,69,19,257,1-3 días
63450-30-6,0.269,-0.57,0.23,20,5,74,6-24 h
63500-71-0,0.00234,-2.63,0.58,210,57,400+,1-2 semanas
63767-86-2,0.0295,-1.53,0.39,68,18,252,1-3 días
64001-15-6,0.00257,-2.59,0.57,210,57,400+,1-2 semanas
64275-73-6,0.0447,-1.35,0.36,59,16,218,1-3 días
64825-20-3,0.0191,-1.72,0.43,74,20,274,3-7 días
64988-06-3,0.0186,-1.73,0.43,76,21,281,3-7 días
65113-95-3,0.0912,-1.04,0.31,26,7,94,1-3 días
65113-99-7,0.00955,-2.02,0.48,114,31,400+,3-7 días
65114-03-6,0.0513,-1.29,0.35,52,14,194,1-3 días
65155-45-5,0.038,-1.42,0.38,65,18,240,1-3 días
65405-69-8,0.00851,-2.07,0.49,130,35,400+,3-7 días
65405-70-1,0.0933,-1.03,0.31,25,7,93,1-3 días
65405-72-3,0.00324,-2.49,0.56,209,57,400+,1-2 semanas
65405-73-4,0.0501,-1.30,0.36,54,15,200,1-3 días
65405-76-7,1.2e-05,-4.92,0.97,273,74,400+,1-2 semanas
65405-77-8,6.31e-06,-5.20,1.00,304,82,400+,1-2 semanas
65405-84-7,0.02,-1.70,0.42,70,19,259,1-3 días
65416-14-0,0.00234,-2.63,0.58,210,57,400+,1-2 semanas
65416-17-3,0.0741,-1.13,0.33,31,8,116,1-3 días
65416-21-9,0.000186,-3.73,0.77,210,57,400+,1-2 semanas
65418-69-1,0.00234,-2.63,0.58,210,57,400+,1-2 semanas
65418-70-4,0.00234,-2.63,0.58,210,57,400+,1-2 semanas
65442-31-1,0.00166,-2.78,0.61,210,57,400+,1-2 semanas
65443-14-3,0.0182,-1.74,0.43,78,21,289,3-7 días
65505-24-0,2.57e-05,-4.59,0.91,210,57,400+,1-2 semanas
65737-52-2,0.0468,-1.33,0.36,57,15,210,1-3 días
65817-24-5,0.00138,-2.86,0.62,210,57,400+,1-2 semanas
66062-78-0,0.0331,-1.48,0.39,67,18,249,1-3 días
66068-84-6,0.000234,-3.63,0.75,210,57,400+,1-2 semanas
66072-32-0,0.00501,-2.30,0.53,201,54,400+,1-2 semanas
66327-54-6,0.0224,-1.65,0.42,69,19,255,1-3 días
66576-71-4,5.25,0.72,0.01,4,1,15,menos de 6 h
66848-40-6,0.195,-0.71,0.26,20,5,74,6-24 h
67019-89-0,0.275,-0.56,0.23,20,5,74,6-24 h
67028-40-4,0.000603,-3.22,0.68,210,57,400+,1-2 semanas
67583-77-1,1.07,0.03,0.13,7,2,27,6-24 h
67601-05-2,0.0631,-1.20,0.34,40,11,150,1-3 días
67633-92-5,4.47e-06,-5.35,1.00,321,87,400+,1-2 semanas
67633-94-7,0.000741,-3.13,0.67,210,57,400+,1-2 semanas
67633-95-8,0.000537,-3.27,0.69,210,57,400+,1-2 semanas
67633-96-9,0.417,-0.38,0.20,16,4,59,6-24 h
67633-97-0,6.17,0.79,0.00,4,1,15,menos de 6 h
67634-00-8,0.11,-0.96,0.30,24,6,89,6-24 h
67634-01-9,0.11,-0.96,0.30,24,6,89,6-24 h
67634-02-0,4.47e-08,-7.35,1.00,390,106,400+,más de 2 semanas (tope 400 h)
67634-03-1,0.017,-1.77,0.44,85,23,314,3-7 días
67634-04-2,1.91e-07,-6.72,1.00,390,106,400+,más de 2 semanas (tope 400 h)
67634-06-4,0.00759,-2.12,0.49,143,39,400+,3-7 días
67634-08-6,0.00331,-2.48,0.56,209,56,400+,1-2 semanas
67634-11-1,0.0288,-1.54,0.40,68,18,252,1-3 días
67634-12-2,1.2e-07,-6.92,1.00,390,106,400+,más de 2 semanas (tope 400 h)
67634-14-4,0.178,-0.75,0.26,20,5,74,6-24 h
67634-15-5,0.2,-0.70,0.25,20,5,74,6-24 h
67634-16-6,0.0295,-1.53,0.39,68,18,252,1-3 días
67634-17-7,0.0417,-1.38,0.37,62,17,229,1-3 días
67634-20-2,0.000148,-3.83,0.78,210,57,400+,1-2 semanas
67634-22-4,0.0603,-1.22,0.34,43,12,159,1-3 días
67634-23-5,0.00372,-2.43,0.55,207,56,400+,1-2 semanas
67634-25-7,0.0525,-1.28,0.35,51,14,189,1-3 días
67634-26-8,0.0513,-1.29,0.35,52,14,194,1-3 días
67643-70-3,0.0251,-1.60,0.41,68,18,252,1-3 días
67662-96-8,0.02,-1.70,0.42,70,19,259,1-3 días
67663-01-8,0.0182,-1.74,0.43,78,21,289,3-7 días
67674-36-6,0.112,-0.95,0.30,24,6,89,6-24 h
67674-46-8,0.603,-0.22,0.17,16,4,59,6-24 h
67674-47-9,0.0776,-1.11,0.32,29,8,107,1-3 días
67707-75-9,0.525,-0.28,0.18,16,4,59,6-24 h
67715-79-1,0.0661,-1.18,0.34,38,10,139,1-3 días
67715-80-4,0.562,-0.25,0.18,16,4,59,6-24 h
67739-11-1,0.00603,-2.22,0.51,164,44,400+,3-7 días
67770-79-0,0.0631,-1.20,0.34,40,11,150,1-3 días
67785-76-6,5.89e-06,-5.23,1.00,309,84,400+,1-2 semanas
67785-77-7,0.0195,-1.71,0.43,72,19,266,1-3 días
67800-80-0,3.16e-06,-5.50,1.00,350,95,400+,más de 2 semanas (tope 400 h)
67800-86-6,1,0.00,0.14,8,2,30,6-24 h
67801-20-1,0.00776,-2.11,0.49,142,38,400+,3-7 días
67801-29-0,0.129,-0.89,0.29,24,6,87,6-24 h
67801-33-6,0.00126,-2.90,0.63,210,57,400+,1-2 semanas
67801-36-9,1.62e-10,-9.79,1.00,390,106,400+,más de 2 semanas (tope 400 h)
67801-37-0,2.82e-09,-8.55,1.00,390,106,400+,más de 2 semanas (tope 400 h)
67801-38-1,0.0871,-1.06,0.32,26,7,97,1-3 días
67801-42-7,9.77e-06,-5.01,0.98,293,79,400+,1-2 semanas
67801-44-9,1.05e-05,-4.98,0.98,287,78,400+,1-2 semanas
67801-45-0,0.162,-0.79,0.27,20,5,74,6-24 h
67801-47-2,1.7e-06,-5.77,1.00,350,95,400+,más de 2 semanas (tope 400 h)
67801-64-3,0.00339,-2.47,0.55,209,56,400+,1-2 semanas
67801-65-4,0.24,-0.62,0.24,20,5,74,6-24 h
67845-30-1,0.0229,-1.64,0.41,69,19,255,1-3 días
67845-42-5,1.74e-06,-5.76,1.00,350,95,400+,más de 2 semanas (tope 400 h)
67845-46-9,0.0174,-1.76,0.43,82,22,305,3-7 días
67845-50-5,0.0437,-1.36,0.37,60,16,221,1-3 días
67859-96-5,0.186,-0.73,0.26,20,5,74,6-24 h
67860-00-8,1.17e-09,-8.93,1.00,390,106,400+,más de 2 semanas (tope 400 h)
67874-67-3,2.51e-06,-5.60,1.00,350,95,400+,más de 2 semanas (tope 400 h)
67874-72-0,0.0468,-1.33,0.36,57,15,210,1-3 días
67874-81-1,0.000661,-3.18,0.67,210,57,400+,1-2 semanas
67883-79-8,0.195,-0.71,0.26,20,5,74,6-24 h
67905-40-2,3.47e-05,-4.46,0.89,210,57,400+,1-2 semanas
67924-13-4,2.14e-08,-7.67,1.00,390,106,400+,más de 2 semanas (tope 400 h)
67952-57-2,0.708,-0.15,0.16,14,4,51,6-24 h
68039-26-9,0.38,-0.42,0.21,17,5,62,6-24 h
68039-34-9,1.17e-07,-6.93,1.00,390,106,400+,más de 2 semanas (tope 400 h)
68039-35-0,0.000219,-3.66,0.76,210,57,400+,1-2 semanas
68039-38-3,0.0537,-1.27,0.35,50,13,183,1-3 días
68039-39-4,0.000148,-3.83,0.78,210,57,400+,1-2 semanas
68039-40-7,0.00468,-2.33,0.53,202,55,400+,1-2 semanas
68039-41-8,0.00468,-2.33,0.53,202,55,400+,1-2 semanas
68039-44-1,1.82e-05,-4.74,0.94,210,57,400+,1-2 semanas
68039-45-2,1.82e-05,-4.74,0.94,210,57,400+,1-2 semanas
68039-47-4,0.479,-0.32,0.19,16,4,59,6-24 h
68039-48-5,0.24,-0.62,0.24,20,5,74,6-24 h
68039-49-6,0.282,-0.55,0.23,20,5,74,6-24 h
68039-69-0,0.0513,-1.29,0.35,52,14,194,1-3 días
68039-73-6,0.000347,-3.46,0.72,210,57,400+,1-2 semanas
68083-57-8,0.0141,-1.85,0.45,92,25,340,3-7 días
68083-58-9,0.0295,-1.53,0.39,68,18,252,1-3 días
68084-04-8,0.117,-0.93,0.29,24,6,89,6-24 h
68084-52-6,0.309,-0.51,0.22,20,5,74,6-24 h
68132-80-9,0.0562,-1.25,0.35,47,13,173,1-3 días
68133-76-6,0.151,-0.82,0.27,21,6,77,6-24 h
68133-77-7,6.31e-06,-5.20,1.00,304,82,400+,1-2 semanas
68133-79-9,0.0741,-1.13,0.33,31,8,116,1-3 días
68140-48-7,4.47e-05,-4.35,0.87,210,57,400+,1-2 semanas
68141-17-3,0.0107,-1.97,0.47,103,28,381,3-7 días
68141-18-4,0.012,-1.92,0.46,95,26,351,3-7 días
68141-20-8,0.0269,-1.57,0.40,68,18,252,1-3 días
68141-27-5,3.31e-05,-4.48,0.89,210,57,400+,1-2 semanas
68155-66-8,0.00209,-2.68,0.59,210,57,400+,1-2 semanas
68155-67-9,0.00214,-2.67,0.59,210,57,400+,1-2 semanas
68188-98-7,0.0661,-1.18,0.34,38,10,139,1-3 días
68213-86-5,0.055,-1.26,0.35,48,13,178,1-3 días
68228-06-8,0.832,-0.08,0.15,11,3,41,6-24 h
68228-09-1,4.47e-07,-6.35,1.00,366,99,400+,más de 2 semanas (tope 400 h)
68259-31-4,0.0234,-1.63,0.41,69,19,254,1-3 días
68259-33-6,0.0288,-1.54,0.40,68,18,252,1-3 días
68298-33-9,3.8e-06,-5.42,1.00,327,88,400+,1-2 semanas
68311-05-7,0.0676,-1.17,0.33,36,10,134,1-3 días
68398-18-5,0.282,-0.55,0.23,20,5,74,6-24 h
68419-46-5,0.468,-0.33,0.19,16,4,59,6-24 h
68433-81-8,0.00955,-2.02,0.48,114,31,400+,3-7 días
68480-06-8,0.00661,-2.18,0.51,153,41,400+,3-7 días
68480-08-0,0.12,-0.92,0.29,24,6,89,6-24 h
68480-11-5,0.000182,-3.74,0.77,210,57,400+,1-2 semanas
68480-14-8,0.295,-0.53,0.23,20,5,74,6-24 h
68480-15-9,0.0562,-1.25,0.35,47,13,173,1-3 días
68480-25-1,0.000269,-3.57,0.74,210,57,400+,1-2 semanas
68489-09-8,4.27e-07,-6.37,1.00,366,99,400+,más de 2 semanas (tope 400 h)
68489-14-5,4.07e-06,-5.39,1.00,321,87,400+,1-2 semanas
68527-74-2,1.23e-05,-4.91,0.97,270,73,400+,1-2 semanas
68527-76-4,6.46e-06,-5.19,1.00,304,82,400+,1-2 semanas
68527-77-5,0.0295,-1.53,0.39,68,18,252,1-3 días
68527-78-6,7.41e-09,-8.13,1.00,390,106,400+,más de 2 semanas (tope 400 h)
68527-79-7,6.17e-08,-7.21,1.00,390,106,400+,más de 2 semanas (tope 400 h)
68555-28-2,1.91e-05,-4.72,0.94,210,57,400+,1-2 semanas
68555-58-8,4.79e-05,-4.32,0.87,210,57,400+,1-2 semanas
68555-63-5,0.002,-2.70,0.59,210,57,400+,1-2 semanas
68555-65-7,0.0776,-1.11,0.32,29,8,107,1-3 días
68555-94-2,0.115,-0.94,0.29,24,6,89,6-24 h
68698-59-9,0.0977,-1.01,0.31,24,7,90,1-3 días
68738-94-3,0.0741,-1.13,0.33,31,8,116,1-3 días
68738-96-5,0.0295,-1.53,0.39,68,18,252,1-3 días
68738-99-8,7.41e-06,-5.13,1.00,304,82,400+,1-2 semanas
68804-00-2,0.178,-0.75,0.26,20,5,74,6-24 h
68804-02-4,0.182,-0.74,0.26,20,5,74,6-24 h
68844-96-2,4.79e-05,-4.32,0.87,210,57,400+,1-2 semanas
68844-97-3,0.347,-0.46,0.21,18,5,68,6-24 h
68845-00-1,0.0407,-1.39,0.37,63,17,233,1-3 días
68845-02-3,7.41e-06,-5.13,1.00,304,82,400+,1-2 semanas
68845-33-0,0.178,-0.75,0.26,20,5,74,6-24 h
68845-36-3,0.0759,-1.12,0.33,30,8,112,1-3 días
68877-29-2,0.0049,-2.31,0.53,201,54,400+,1-2 semanas
68901-15-5,0.00933,-2.03,0.48,117,32,400+,3-7 días
68901-22-4,0.00214,-2.67,0.59,210,57,400+,1-2 semanas
68901-32-6,9.12e-06,-5.04,0.99,297,80,400+,1-2 semanas
68922-10-1,0.00871,-2.06,0.48,126,34,400+,3-7 días
68922-13-4,0.0437,-1.36,0.37,60,16,221,1-3 días
68922-14-5,0.0282,-1.55,0.40,68,18,252,1-3 días
68931-30-6,0.00138,-2.86,0.62,210,57,400+,1-2 semanas
68959-28-4,0.0219,-1.66,0.42,69,19,256,1-3 días
68991-96-8,0.049,-1.31,0.36,55,15,203,1-3 días
68991-97-9,0.049,-1.31,0.36,55,15,203,1-3 días
69103-23-7,0.000871,-3.06,0.65,210,57,400+,1-2 semanas
69103-24-8,0.0195,-1.71,0.43,72,19,266,1-3 días
69112-21-6,21.4,1.33,0.00,4,1,15,menos de 6 h
69300-15-8,0.0832,-1.08,0.32,27,7,100,1-3 días
69486-14-2,0.00012,-3.92,0.80,210,57,400+,1-2 semanas
69929-17-5,0.0692,-1.16,0.33,35,9,129,1-3 días
70214-77-6,0.0407,-1.39,0.37,63,17,233,1-3 días
70266-48-7,0.0468,-1.33,0.36,57,15,210,1-3 días
70788-30-6,0.0214,-1.67,0.42,69,19,257,1-3 días
70851-60-4,0.00295,-2.53,0.56,210,57,400+,1-2 semanas
70851-61-5,0.0501,-1.30,0.36,54,15,200,1-3 días
71048-82-3,0.0501,-1.30,0.36,54,15,200,1-3 días
71077-31-1,0.288,-0.54,0.23,20,5,74,6-24 h
71078-31-4,0.275,-0.56,0.23,20,5,74,6-24 h
71119-07-8,1.17e-05,-4.93,0.97,275,74,400+,1-2 semanas
71159-90-5,0.457,-0.34,0.19,16,4,59,6-24 h
71172-26-4,0.000229,-3.64,0.75,210,57,400+,1-2 semanas
71660-03-2,0.055,-1.26,0.35,48,13,178,1-3 días
71850-78-7,0.117,-0.93,0.29,24,6,89,6-24 h
72007-81-9,0.0295,-1.53,0.39,68,18,252,1-3 días
72089-08-8,0.00603,-2.22,0.51,164,44,400+,3-7 días
72175-33-8,0.000219,-3.66,0.76,210,57,400+,1-2 semanas
72183-75-6,0.049,-1.31,0.36,55,15,203,1-3 días
72207-94-4,0.00457,-2.34,0.53,203,55,400+,1-2 semanas
72214-23-4,0.102,-0.99,0.30,24,6,89,6-24 h
72402-00-7,0.0617,-1.21,0.34,42,11,154,1-3 días
72403-67-9,0.002,-2.70,0.59,210,57,400+,1-2 semanas
72429-08-4,0.0245,-1.61,0.41,68,18,252,1-3 días
72881-27-7,0.000372,-3.43,0.72,210,57,400+,1-2 semanas
72894-15-6,0.0115,-1.94,0.46,98,27,363,3-7 días
72903-27-6,0.00162,-2.79,0.61,210,57,400+,1-2 semanas
72927-85-6,3.63e-05,-4.44,0.89,210,57,400+,1-2 semanas
73347-77-0,0.0107,-1.97,0.47,103,28,381,3-7 días
74338-72-0,0.0891,-1.05,0.31,26,7,96,1-3 días
74499-58-4,0.126,-0.90,0.29,24,6,89,6-24 h
75147-23-8,0.00234,-2.63,0.58,210,57,400+,1-2 semanas
75490-39-0,0.0501,-1.30,0.36,54,15,200,1-3 días
75832-79-0,5.13,0.71,0.02,4,1,15,menos de 6 h
76238-22-7,0.0676,-1.17,0.33,36,10,134,1-3 días
76649-16-6,0.0324,-1.49,0.39,68,18,250,1-3 días
76649-17-7,0.0617,-1.21,0.34,42,11,154,1-3 días
76649-23-5,1.91,0.28,0.09,4,1,15,menos de 6 h
76649-25-7,0.00776,-2.11,0.49,142,38,400+,3-7 días
76788-46-0,9.12,0.96,0.00,4,1,15,menos de 6 h
76917-23-2,0.955,-0.02,0.14,9,2,32,6-24 h
77851-07-1,0.0661,-1.18,0.34,38,10,139,1-3 días
78417-28-4,0.0891,-1.05,0.31,26,7,96,1-3 días
78605-96-6,0.00479,-2.32,0.53,202,55,400+,1-2 semanas
79771-15-6,0.00575,-2.24,0.52,173,47,400+,1-2 semanas
79893-63-3,0.324,-0.49,0.22,20,5,72,6-24 h
79915-74-5,5.75e-06,-5.24,1.00,311,84,400+,1-2 semanas
80118-06-5,1.17,0.07,0.12,7,2,24,6-24 h
80118-10-1,5.25e-05,-4.28,0.86,210,57,400+,1-2 semanas
80417-97-6,0.00182,-2.74,0.60,210,57,400+,1-2 semanas
80480-24-6,0.1,-1.00,0.31,24,6,89,6-24 h
80623-07-0,0.000263,-3.58,0.74,210,57,400+,1-2 semanas
80657-64-3,0.000263,-3.58,0.74,210,57,400+,1-2 semanas
80819-94-9,0.204,-0.69,0.25,20,5,74,6-24 h
80858-47-5,0.0135,-1.87,0.45,92,25,340,3-7 días
81752-87-6,0.219,-0.66,0.25,20,5,74,6-24 h
81782-77-6,0.0339,-1.47,0.38,67,18,247,1-3 días
81783-01-9,0.00275,-2.56,0.57,210,57,400+,1-2 semanas
81786-73-4,0.813,-0.09,0.15,12,3,43,6-24 h
81786-74-5,0.813,-0.09,0.15,12,3,43,6-24 h
81786-75-6,1.74,0.24,0.09,5,1,17,menos de 6 h
81787-06-6,1.35,0.13,0.11,6,2,21,menos de 6 h
81836-13-7,0.00145,-2.84,0.62,210,57,400+,1-2 semanas
81925-81-7,2.4,0.38,0.07,4,1,15,menos de 6 h
82461-14-1,0.141,-0.85,0.28,22,6,81,6-24 h
82654-98-6,5.75e-06,-5.24,1.00,311,84,400+,1-2 semanas
82784-84-7,0.389,-0.41,0.21,16,4,61,6-24 h
83926-73-2,0.0339,-1.47,0.38,67,18,247,1-3 días
84060-80-0,0.195,-0.71,0.26,20,5,74,6-24 h
84434-18-4,0.00145,-2.84,0.62,210,57,400+,1-2 semanas
84560-00-9,0.0295,-1.53,0.39,68,18,252,1-3 días
84642-57-9,7.94e-05,-4.10,0.83,210,57,400+,1-2 semanas
84681-92-5,0.0933,-1.03,0.31,25,7,93,1-3 días
84697-09-6,0.00148,-2.83,0.62,210,57,400+,1-2 semanas
85351-07-1,0.011,-1.96,0.47,101,27,375,3-7 días
85508-08-3,0.0891,-1.05,0.31,26,7,96,1-3 días
85586-67-0,0.038,-1.42,0.38,65,18,240,1-3 días
85633-07-4,0.00269,-2.57,0.57,210,57,400+,1-2 semanas
85633-08-5,0.00263,-2.58,0.57,210,57,400+,1-2 semanas
85700-01-2,0.00263,-2.58,0.57,210,57,400+,1-2 semanas
85700-02-3,0.00263,-2.58,0.57,210,57,400+,1-2 semanas
86115-11-9,0.813,-0.09,0.15,12,3,43,6-24 h
86460-54-0,0.158,-0.80,0.27,20,5,74,6-24 h
86803-90-9,0.000224,-3.65,0.75,210,57,400+,1-2 semanas
87118-95-4,1.38,0.14,0.11,6,2,21,menos de 6 h
87731-18-8,0.0123,-1.91,0.46,93,25,346,3-7 días
88642-03-9,1.26e-05,-4.90,0.97,268,72,400+,1-2 semanas
88644-30-8,0.00437,-2.36,0.54,204,55,400+,1-2 semanas
89079-92-5,0.0129,-1.89,0.46,92,25,340,3-7 días
90145-47-4,1.2,0.08,0.12,6,2,24,6-24 h
90397-38-9,0.204,-0.69,0.25,20,5,74,6-24 h
90411-73-7,2.95e-06,-5.53,1.00,350,95,400+,más de 2 semanas (tope 400 h)
91069-40-8,0.0282,-1.55,0.40,68,18,252,1-3 días
91482-37-0,0.0138,-1.86,0.45,92,25,340,3-7 días
92015-65-1,0.0295,-1.53,0.39,68,18,252,1-3 días
92046-48-5,0.00708,-2.15,0.50,148,40,400+,3-7 días
92368-90-6,0.00417,-2.38,0.54,205,55,400+,1-2 semanas
92585-24-5,0.00891,-2.05,0.48,123,33,400+,3-7 días
93893-89-1,0.00355,-2.45,0.55,208,56,400+,1-2 semanas
93939-86-7,0.00269,-2.57,0.57,210,57,400+,1-2 semanas
93981-50-1,0.0372,-1.43,0.38,65,18,241,1-3 días
94087-23-7,9.12e-06,-5.04,0.99,297,80,400+,1-2 semanas
94087-83-9,4.79,0.68,0.02,4,1,15,menos de 6 h
94108-09-5,6.46e-08,-7.19,1.00,390,106,400+,más de 2 semanas (tope 400 h)
94134-03-9,0.0708,-1.15,0.33,34,9,125,1-3 días
94159-31-6,0.000447,-3.35,0.70,210,57,400+,1-2 semanas
94201-19-1,0.0275,-1.56,0.40,68,18,252,1-3 días
94201-73-7,0.0174,-1.76,0.43,82,22,305,3-7 días
94291-50-6,2.45,0.39,0.07,4,1,15,menos de 6 h
94333-50-3,0.0562,-1.25,0.35,47,13,173,1-3 días
94346-09-5,0.0676,-1.17,0.33,36,10,134,1-3 días
94400-98-3,7.76e-05,-4.11,0.83,210,57,400+,1-2 semanas
95851-08-4,0.00977,-2.01,0.48,111,30,400+,3-7 días
95962-14-4,0.00282,-2.55,0.57,210,57,400+,1-2 semanas
96682-10-9,1.12e-08,-7.95,1.00,390,106,400+,más de 2 semanas (tope 400 h)
96840-56-1,2e-05,-4.70,0.93,210,57,400+,1-2 semanas
97358-54-8,0.603,-0.22,0.17,16,4,59,6-24 h
97358-55-9,0.603,-0.22,0.17,16,4,59,6-24 h
97384-47-9,0.832,-0.08,0.15,11,3,41,6-24 h
97384-48-0,0.0229,-1.64,0.41,69,19,255,1-3 días
99219-32-6,7.24e-06,-5.14,1.00,304,82,400+,1-2 semanas
99343-90-5,0.141,-0.85,0.28,22,6,81,6-24 h
100520-15-8,0.049,-1.31,0.36,55,15,203,1-3 días
103614-86-4,0.00776,-2.11,0.49,142,38,400+,3-7 días
103694-68-4,0.00794,-2.10,0.49,140,38,400+,3-7 días
104037-85-6,1.91e-08,-7.72,1.00,390,106,400+,más de 2 semanas (tope 400 h)
104468-21-5,0.447,-0.35,0.19,16,4,59,6-24 h
104864-90-6,0.00501,-2.30,0.53,201,54,400+,1-2 semanas
104986-28-9,0.038,-1.42,0.38,65,18,240,1-3 días
107898-54-4,0.00617,-2.21,0.51,160,43,400+,3-7 días
108766-16-1,2.88e-05,-4.54,0.91,210,57,400+,1-2 semanas
111753-60-7,1.91e-08,-7.72,1.00,390,106,400+,más de 2 semanas (tope 400 h)
111753-62-9,6.03e-07,-6.22,1.00,355,96,400+,más de 2 semanas (tope 400 h)
111879-79-9,7.24e-06,-5.14,1.00,304,82,400+,1-2 semanas
111879-80-2,7.24e-06,-5.14,1.00,304,82,400+,1-2 semanas
113486-29-6,0.0417,-1.38,0.37,62,17,229,1-3 días
116044-44-1,0.0117,-1.93,0.46,97,26,357,3-7 días
116126-82-0,0.0117,-1.93,0.46,97,26,357,3-7 días
117933-89-8,4.17e-05,-4.38,0.88,210,57,400+,1-2 semanas
118562-73-5,0.00331,-2.48,0.56,209,56,400+,1-2 semanas
120811-92-9,0.302,-0.52,0.22,20,5,74,6-24 h
121251-67-0,0.000324,-3.49,0.73,210,57,400+,1-2 semanas
121251-68-1,0.000324,-3.49,0.73,210,57,400+,1-2 semanas
122760-84-3,0.0126,-1.90,0.46,92,25,340,3-7 días
122760-85-4,0.000245,-3.61,0.75,210,57,400+,1-2 semanas
122795-41-9,0.102,-0.99,0.30,24,6,89,6-24 h
124071-42-7,0.00603,-2.22,0.51,164,44,400+,3-7 días
124071-43-8,0.00603,-2.22,0.51,164,44,400+,3-7 días
125109-85-5,0.126,-0.90,0.29,24,6,89,6-24 h
127459-79-4,4.27e-05,-4.37,0.88,210,57,400+,1-2 semanas
128119-70-0,6.92e-05,-4.16,0.84,210,57,400+,1-2 semanas
129520-41-8,0.000263,-3.58,0.74,210,57,400+,1-2 semanas
130786-09-3,0.049,-1.31,0.36,55,15,203,1-3 días
131379-26-5,0.0229,-1.64,0.41,69,19,255,1-3 días
131766-73-9,0.0229,-1.64,0.41,69,19,255,1-3 días
131812-67-4,8.51e-06,-5.07,0.99,300,81,400+,1-2 semanas
133636-82-5,0.00234,-2.63,0.58,210,57,400+,1-2 semanas
134123-93-6,0.0603,-1.22,0.34,43,12,159,1-3 días
134769-33-8,0.00603,-2.22,0.51,164,44,400+,3-7 días
136954-20-6,0.0759,-1.12,0.33,30,8,112,1-3 días
136954-25-1,0.00759,-2.12,0.49,143,39,400+,3-7 días
137255-07-3,0.0676,-1.17,0.33,36,10,134,1-3 días
139504-68-0,0.000112,-3.95,0.81,210,57,400+,1-2 semanas
139539-66-5,0.0195,-1.71,0.43,72,19,266,1-3 días
139539-67-6,0.219,-0.66,0.25,20,5,74,6-24 h
141773-73-1,3.31e-05,-4.48,0.89,210,57,400+,1-2 semanas
142653-61-0,0.0676,-1.17,0.33,36,10,134,1-3 días
144761-91-1,1.02e-08,-7.99,1.00,390,106,400+,más de 2 semanas (tope 400 h)
149713-23-5,0.0174,-1.76,0.43,82,22,305,3-7 días
149713-24-6,0.0174,-1.76,0.43,82,22,305,3-7 días
154171-76-3,2.88e-05,-4.54,0.91,210,57,400+,1-2 semanas
154171-77-4,2.88e-05,-4.54,0.91,210,57,400+,1-2 semanas
155514-23-1,0.102,-0.99,0.30,24,6,89,6-24 h
156472-94-5,0.891,-0.05,0.14,10,3,36,6-24 h
165184-98-5,0.00269,-2.57,0.57,210,57,400+,1-2 semanas
166301-22-0,0.871,-0.06,0.15,10,3,38,6-24 h
166432-52-6,0.708,-0.15,0.16,14,4,51,6-24 h
166432-53-7,0.0479,-1.32,0.36,56,15,207,1-3 días
179911-08-1,0.00155,-2.81,0.61,210,57,400+,1-2 semanas
181258-87-7,0.132,-0.88,0.28,23,6,86,6-24 h
181258-89-9,0.132,-0.88,0.28,23,6,86,6-24 h
185429-83-8,0.00186,-2.73,0.60,210,57,400+,1-2 semanas
188199-50-0,8.32e-05,-4.08,0.83,210,57,400+,1-2 semanas
188417-26-7,0.00055,-3.26,0.69,210,57,400+,1-2 semanas
188570-78-7,0.245,-0.61,0.24,20,5,74,6-24 h
197098-61-6,0.0174,-1.76,0.43,82,22,305,3-7 días
198404-98-7,0.00269,-2.57,0.57,210,57,400+,1-2 semanas
207228-93-1,5.75e-05,-4.24,0.85,210,57,400+,1-2 semanas
208041-98-9,0.324,-0.49,0.22,20,5,72,6-24 h
211299-54-6,6.46e-05,-4.19,0.85,210,57,400+,1-2 semanas
214335-70-3,0.162,-0.79,0.27,20,5,74,6-24 h
215231-33-7,0.0316,-1.50,0.39,68,18,252,1-3 días
216970-21-7,0.0141,-1.85,0.45,92,25,340,3-7 días
224031-70-3,0.00589,-2.23,0.51,168,45,400+,1-2 semanas
224031-71-4,0.00589,-2.23,0.51,168,45,400+,1-2 semanas
236391-76-7,8.32e-05,-4.08,0.83,210,57,400+,1-2 semanas
258823-39-1,0.24,-0.62,0.24,20,5,74,6-24 h
259854-70-1,5.37e-05,-4.27,0.86,210,57,400+,1-2 semanas
259854-71-2,5.37e-05,-4.27,0.86,210,57,400+,1-2 semanas
285977-85-7,0.0129,-1.89,0.46,92,25,340,3-7 días
292605-05-1,0.933,-0.03,0.14,9,2,33,6-24 h
313973-37-4,0.0603,-1.22,0.34,43,12,159,1-3 días
319002-92-1,0.457,-0.34,0.19,16,4,59,6-24 h
329925-33-9,6.46e-06,-5.19,1.00,304,82,400+,1-2 semanas
338735-71-0,1.66e-05,-4.78,0.95,210,57,400+,1-2 semanas
341017-24-1,1.48,0.17,0.11,5,1,20,menos de 6 h
351343-77-6,0.000832,-3.08,0.66,210,57,400+,1-2 semanas
357650-26-1,0.631,-0.20,0.17,16,4,59,6-24 h
358331-95-0,0.631,-0.20,0.17,16,4,59,6-24 h
362467-67-2,1.95e-05,-4.71,0.93,210,57,400+,1-2 semanas
365411-50-3,5.62e-05,-4.25,0.86,210,57,400+,1-2 semanas
389083-83-4,5.37e-05,-4.27,0.86,210,57,400+,1-2 semanas
400052-49-5,0.708,-0.15,0.16,14,4,51,6-24 h
406488-30-0,0.000138,-3.86,0.79,210,57,400+,1-2 semanas
444880-09-5,0.38,-0.42,0.21,17,5,62,6-24 h
476332-65-7,1.86e-05,-4.73,0.94,210,57,400+,1-2 semanas
477218-42-1,1.62e-05,-4.79,0.95,210,57,400+,1-2 semanas
478695-70-4,8.32e-05,-4.08,0.83,210,57,400+,1-2 semanas
502847-01-0,0.00977,-2.01,0.48,111,30,400+,3-7 días
647828-16-8,1.12e-05,-4.95,0.97,280,76,400+,1-2 semanas
676125-00-1,0.00245,-2.61,0.58,210,57,400+,1-2 semanas
676532-44-8,0.000269,-3.57,0.74,210,57,400+,1-2 semanas
678981-31-2,0.000162,-3.79,0.78,210,57,400+,1-2 semanas
811412-48-3,0.229,-0.64,0.24,20,5,74,6-24 h
815580-59-7,0.138,-0.86,0.28,22,6,83,6-24 h
820975-49-3,6.92e-05,-4.16,0.84,210,57,400+,1-2 semanas
823178-41-2,4.17e-05,-4.38,0.88,210,57,400+,1-2 semanas
830322-14-0,0.0269,-1.57,0.40,68,18,252,1-3 días
831213-72-0,0.000234,-3.63,0.75,210,57,400+,1-2 semanas
847144-75-6,0.631,-0.20,0.17,16,4,59,6-24 h
850997-10-3,0.447,-0.35,0.19,16,4,59,6-24 h
851768-51-9,5.01,0.70,0.02,4,1,15,menos de 6 h
854737-09-0,0.661,-0.18,0.17,15,4,56,6-24 h
854737-10-3,0.0933,-1.03,0.31,25,7,93,1-3 días
862079-91-2,0.00123,-2.91,0.63,210,57,400+,1-2 semanas
862111-34-0,0.105,-0.98,0.30,24,6,89,6-24 h
871465-49-5,0.912,-0.04,0.14,9,3,35,6-24 h
873888-84-7,3.89e-06,-5.41,1.00,324,88,400+,1-2 semanas
875471-31-1,0.0263,-1.58,0.40,68,18,252,1-3 días
888021-82-7,0.871,-0.06,0.15,10,3,38,6-24 h
888744-18-1,0.977,-0.01,0.14,8,2,31,6-24 h
899810-84-5,0.339,-0.47,0.22,19,5,69,6-24 h
900779-74-0,1.55e-05,-4.81,0.95,215,58,400+,1-2 semanas
916887-53-1,3.39e-05,-4.47,0.89,210,57,400+,1-2 semanas
929253-05-4,0.115,-0.94,0.29,24,6,89,6-24 h
929625-08-1,0.00316,-2.50,0.56,210,57,400+,1-2 semanas
934534-30-2,0.0661,-1.18,0.34,38,10,139,1-3 días
947237-75-4,0.00617,-2.21,0.51,160,43,400+,3-7 días
950919-28-5,6.03e-05,-4.22,0.85,210,57,400+,1-2 semanas
1009814-14-5,0.813,-0.09,0.15,12,3,43,6-24 h
1099648-69-7,0.00457,-2.34,0.53,203,55,400+,1-2 semanas
1245725-35-2,0.0525,-1.28,0.35,51,14,189,1-3 días
1266606-26-1,0.0537,-1.27,0.35,50,13,183,1-3 días
1309389-73-8,2.19e-09,-8.66,1.00,390,106,400+,más de 2 semanas (tope 400 h)
1315250-65-7,0.0646,-1.19,0.34,39,11,144,1-3 días
1315250-67-9,0.0646,-1.19,0.34,39,11,144,1-3 días
1338815-87-4,0.0468,-1.33,0.36,57,15,210,1-3 días
1339119-15-1,0.0347,-1.46,0.38,66,18,246,1-3 días
1373821-23-8,2.29e-06,-5.64,1.00,350,95,400+,más de 2 semanas (tope 400 h)
1392276-61-7,0.417,-0.38,0.20,16,4,59,6-24 h
1392277-05-2,0.000117,-3.93,0.80,210,57,400+,1-2 semanas
1958027-35-4,0.0562,-1.25,0.35,47,13,173,1-3 días
