cas,nombre,clase,tipo,inci,proveedor,url
84696-13-9,ABS. Alga Fucus,natural,absolute,Fucus Vesiculosus Extract,Maese Lab,https://maeselab.com/abs-alga-fucus/
84776-23-8,ABS. Calendula (Flor),natural,absolute,Calendula Officinalis Flower Extract,Maese Lab,https://maeselab.com/abs-calendula-flor/
90045-29-7,ABS. Genista / Retama,natural,absolute,Genista Tinctoria Flower/Leaf/Stem Extract,Maese Lab,https://maeselab.com/abs-genista-retama-100-puro/
73296-98-7,ABS. Yerba Mate,natural,absolute,Ilex Paraguariensis Leaf Extract,Maese Lab,https://maeselab.com/abs-yerba-mate/
84012-14-6,Absoluto de Alcachofa,natural,absolute,Cynara Scolymus Leaf Extract,Maese Lab,https://maeselab.com/absoluto-de-alcachofa/
84649-99-0,Absoluto de Cacao (Ghana) - Dilución al 10 %,natural,absolute,"alcohol, Theobroma Cacao Extract",Maese Lab,https://maeselab.com/absoluto-de-cacao-ghana-dilucion-al-10/
84649-99-0,Absoluto de Cacao de Ghana,natural,absolute,Theobroma Cacao Extract,Maese Lab,https://maeselab.com/absoluto-de-cacao-de-ghana/
84649-99-0,Absoluto de Cacao de Rep. Dominicana,natural,absolute,Theobroma Cacao Extract,Maese Lab,https://maeselab.com/absoluto-de-cacao
84625-40-1,Absoluto de Fenogreco,natural,absolute,Trigonella Foenum-Graecum Seed Extract,Maese Lab,https://maeselab.com/absoluto-de-fenogreco/
92457-01-7,Absoluto de Gardenia,natural,absolute,Gardenia Florida Flower Extract,Maese Lab,https://maeselab.com/absoluto-de-gardenia/
85085-51-4,Absoluto de Loto Blanco,natural,absolute,Nelumbo Nucifera Flower Extract,Maese Lab,https://maeselab.com/absoluto-de-loto-blanco/
85085-51-4,Absoluto de Loto Rosa,natural,absolute,Nelumbo Nucifera Flower Extract,Maese Lab,https://maeselab.com/absoluto-de-loto-rosa/
90045-89-9,Absoluto de Orris (10% Irones),natural,absolute,Iris Florentina Root Extract,Maese Lab,https://maeselab.com/absoluto-de-orris-10-irones/
84961-66-0,Absoluto de Tabaco Natural,natural,absolute,Nicotiana Tabacum Leaf Extract,Maese Lab,https://maeselab.com/absoluto-de-tabaco-natural/
90320-49-3,Aceite Esencial de Amyris,natural,oil,Amyris Balsamifera Bark Oil,Maese Lab,https://maeselab.com/aceite-esencial-de-amyris-100-natural/
84775-74-6,Aceite Esencial de Artemisa Annua,natural,oil,Artemisia Annua Herb Oil,Maese Lab,https://maeselab.com/aceite-esencial-de-artemisa-annua-100-natural/
84649-93-4,Aceite Esencial de Buchú,natural,oil,Barosma Betulina Leaf Oil,Maese Lab,https://maeselab.com/aceite-esencial-de-buchu-100-natural/
8001-61-4,Aceite Esencial de Bálsamo de Copaíba,natural,oil,Copaifera Officinalis Resin Oil,Maese Lab,https://maeselab.com/aceite-esencial-de-balsamo-de-copaiba-100-natural/
9000-12-8,Aceite Esencial de Bálsamo de Copaíba,natural,oil,Copaifera Officinalis Resin Oil,Maese Lab,https://maeselab.com/aceite-esencial-de-balsamo-de-copaiba-100-natural/
85594-37-2,Aceite Esencial de Cava / Champagne,natural,oil,Vitis Vinifera Fruit Extract,Maese Lab,https://maeselab.com/aceite-esencial-de-cava-champagne-100-natural/
8054-39-5,Aceite Esencial de Cebolla,natural,oil,Allium Cepa Bulb Oil,Maese Lab,https://maeselab.com/aceite-esencial-de-cebolla-100-natural/
89997-33-1,Aceite esencial de Cedro de Líbano,natural,oil,Cedrus Libani Bark Extract,Maese Lab,https://maeselab.com/aceite-esencial-de-cedro-de-libano-100-natural/
180287-43-8,Aceite Esencial de Ciprés AZUL,natural,oil,Callitris Intratropica Wood Oil,Maese Lab,https://maeselab.com/aceite-esencial-de-cipres-azul-100-natural/
84625-32-1,Aceite Esencial de Eucalipto Glóbulo,natural,oil,Eucalyptus Globulus Leaf Oil,Maese Lab,https://maeselab.com/aceite-esencial-de-eucalipto-globulo-100-natural/
91771-68-5,Aceite Esencial de Eucalipto Smithii,natural,oil,Eucalyptus Smithii Leaf Oil,Maese Lab,https://maeselab.com/aceite-esencial-de-eucalipto-smithii-100-natural/
1627700-32-6,Aceite Esencial de Eucalipto Strageriana,natural,oil,Eucalyptus Staigeriana Branch/Leaf Oil,Maese Lab,https://maeselab.com/aceite-esencial-de-eucalipto-strageriana-100-natural/
93455-95-9,Aceite Esencial de Flor de Mariposa,natural,oil,Hedychium Spicatum Extract,Maese Lab,https://maeselab.com/aceite-esencial-de-flor-de-mariposa-100-natural/
84650-13-5,Aceite Esencial de Guayaco Palo,natural,oil,Guaiacum Officinale Wood Oil,Maese Lab,https://maeselab.com/aceite-esencial-de-guayaco-palo-100-natural/
84650-13-5,Aceite Esencial de GUAYACO PALO /GAÏAC - 50% en DPG,natural,oil,"Guaiacum officinale wood oil, dipropylene glycol",Maese Lab,https://maeselab.com/aceite-esencial-de-guayaco-palo-gaiac-50-en-dpg/
93165-11-8,Aceite Esencial de Guggul,natural,oil,Commiphora Mukul Resin Extract,Maese Lab,https://maeselab.com/aceite-esencial-de-guggul-100-natural/
90064-28-1,Aceite Esencial de Jatamansí - Nardo índico,natural,oil,Nardostachys Jatamansi Root Oil,Maese Lab,https://maeselab.com/aceite-esencial-de-jatamansi-nardo-indico-100-natural/
223749-44-8,Aceite esencial de Manuca o Manuka,natural,oil,Leptospermum Scoparium Branch/Leaf Oil,Maese Lab,https://maeselab.com/aceite-esencial-de-manuca-o-manuka-100-natural/
92202-02-3,Aceite Esencial de Manzanilla de Marruecos,natural,oil,Ormenis Multicaulis Oil,Maese Lab,https://maeselab.com/aceite-esencial-de-manzanilla-de-marruecos-100-natural/
84649-86-5,Aceite Esencial de Manzanilla Romana,natural,oil,Anthemis Nobilis Flower Oil,Maese Lab,https://maeselab.com/aceite-esencial-de-manzanilla-romana-100-natural/
90064-00-9,Aceite esencial de Menta Poleo,natural,oil,Mentha Polegium Leaf Oil,Maese Lab,https://maeselab.com/aceite-esencial-de-menta-poleo-100-natural/
84929-26-0,Aceite Esencial de Mirra - EXTRA,natural,oil,Commiphora Myrrha Gum Oil,Maese Lab,https://maeselab.com/aceite-esencial-de-mirra-extra/
84775-80-4,Aceite Esencial de Mirto Limón,natural,oil,Backhousia Citriodora Leaf Oil,Maese Lab,https://maeselab.com/aceite-esencial-de-mirto-limon-100-natural/
91771-62-9,Aceite Esencial de Nargamota,natural,oil,Cyperus Scariosus Root Oil,Maese Lab,https://maeselab.com/aceite-esencial-de-nargamota-100-natural/
100084-96-6,Aceite Esencial de Opoponax,natural,oil,Commiphora Erythrea Glabrescens Gum Oil,Maese Lab,https://maeselab.com/aceite-esencial-de-opoponax-100-natural/
93686-00-1,Aceite Esencial de Opoponax,natural,oil,Commiphora Erythrea Glabrescens Gum Oil,Maese Lab,https://maeselab.com/aceite-esencial-de-opoponax-100-natural/
84238-39-1,Aceite Esencial de Pachuli Dark JAVA,natural,oil,Pogostemon Cablin Leaf Oil,Maese Lab,https://maeselab.com/aceite-esencial-de-pachuli-dark-java-100-natural/
84929-41-9,Aceite Esencial de Pimienta Blanca,natural,oil,Piper Nigrum Fruit Oil,Maese Lab,https://maeselab.com/aceite-esencial-de-pimienta-blanca-100-natural/
84929-41-9,Aceite Esencial de Pimienta Negra,natural,oil,Piper Nigrum Fruit Oil,Maese Lab,https://maeselab.com/aceite-esencial-de-pimienta-negra-100-natural/
84929-41-9,Aceite Esencial de Pimienta Verde,natural,oil,Piper Nigrum Fruit Oil,Maese Lab,https://maeselab.com/aceite-esencial-de-pimienta-verde-100-natural/
84604-14-8,Aceite Esencial de Romero Cineol,natural,oil,Rosmarinus Officinalis Leaf Oil Vr. Cineoliferum,Maese Lab,https://maeselab.com/aceite-esencial-de-romero-cineol-100-natural/
90082-45-4,Aceite Esencial de Rosa Geranio,natural,oil,Pelargonium Capitatum Leaf Extract,Maese Lab,https://maeselab.com/aceite-esencial-de-rosa-geranio-100-natural/
85594-37-2,Aceite Esencial de Vino Blanco,natural,oil,Vitis Vinifera Fruit Extract,Maese Lab,https://maeselab.com/aceite-esencial-de-vino-blanco-100-natural/
9000-02-6,Ambar Rojo - Absoluto dilución al 20%,natural,absolute,Pinus Succinifera Amber Extract (and) Alcohol,Maese Lab,https://maeselab.com/ambar-rojo-absoluto-dilucion-al-20/
84012-14-6,DILUCION ABS. Alcachofa 10%,natural,absolute,"alcohol, Cynara Scolymus Leaf Extract",Maese Lab,https://maeselab.com/dilucion-abs-alcachofa-10/
84603-62-3,DILUCION ABS. Madreselva 10%,natural,absolute,"alcohol, Lonicera caprifolium flower extract",Maese Lab,https://maeselab.com/dilucion-abs-madreselva-10/
84776-23-8,DILUCION de ABS. Calendula (Flor),natural,absolute,"Calendula Officinalis Flower Extract, Alcohol",Maese Lab,https://maeselab.com/dilucion-de-abs-calendula-flor/
90045-89-9,DILUCION de ABS. Orris,natural,absolute,"alcohol, iris florentina root extract",Maese Lab,https://maeselab.com/dilucion-de-abs-orris/
165800-52-2,DILUCION de Mimosa Dealbata (Aromo) 30%,natural,absolute,"Alcohol, Acacia Dealbata Flower Extract",Maese Lab,https://maeselab.com/dilucion-de-mimosa-dealbata-aromo-30/
94334-09-5,Olivarda / Inula (Cerveza) - Reducción de tintura,natural,tincture,"Inula Viscosa Flower/Leaf/Stem Extract, Alcohol",Maese Lab,https://maeselab.com/olivarda-inula-cerveza-reduccion-de-tintura/
84929-79-3,Resinoide de Benjuí Sumatra (50% PROP.),natural,resinoid,"Styrax Benzoin Extract, Propanediol",Maese Lab,https://maeselab.com/resinoide-de-benjui-sumatra-50-prop-100-natural/
84929-26-0,Resinoide de Mirra (PROP. 50%),natural,resinoid,"Commiphora myrrha resin extract, propanediol",Maese Lab,https://maeselab.com/resinoide-de-mirra-prop-50/
91079-01-5,Absoluto de Lana de Oveja,natural,absolute,,Olfatorium,https://olfatorium.com/tienda/perfil-olfativo/animal/absoluto-de-lana-de-oveja/
9000-64-0,Bálsamo de Tolu,natural,,,Olfatorium,https://olfatorium.com/tienda/perfil-olfativo/ambarado/balsamo-de-tolu/
91771-62-9,Cipriol (Cyperus scariosus),natural,oil,,Olfatorium,https://olfatorium.com/tienda/perfil-olfativo/amaderado/cipriol-cyperus-scariosus/
84625-32-1,Eucalipto crudo,natural,oil,,Olfatorium,https://olfatorium.com/tienda/aceites-esenciales/eucalipto-crudo/
71011-28-4,Madera de Roble 50% TEC,,,,Olfatorium,https://olfatorium.com/tienda/perfil-olfativo/amaderado/madera-de-roble-50-tec/
84929-26-0,Mirra,natural,oil,,Olfatorium,https://olfatorium.com/tienda/perfil-olfativo/dulce/mirra/
84929-41-9,Pimienta Negra,natural,oil,,Olfatorium,https://olfatorium.com/tienda/perfil-olfativo/especiado/pimienta-negra/
1725-03-7,Aldambre,,,11-HYDROXYUNDECANOIC ACID LACTONE,Perfumiarz,https://perfumiarz.com/products/aldambre
63286-42-0,Ambrettolide,,,AMBRETTOLIDE,Perfumiarz,https://perfumiarz.com/products/ambrettolide
34687-46-2,Cremefleur,,,-,Perfumiarz,https://perfumiarz.com/products/cremefleur
91771-62-9,Cypriol Oil,natural,oil,CYPERUS SCARIOSUS ROOT OIL,Perfumiarz,https://perfumiarz.com/products/cypriol-oil
93384-25-9,Labrador Tea Oil (Ledum groenlandicum),natural,oil,LEDUM GROENLANDICUM OIL,Perfumiarz,https://perfumiarz.com/products/labrador-tea
71011-28-4,Oakwood Chip SFE,natural,co2,-,Perfumiarz,https://perfumiarz.com/products/oakwood-chip-sfe
131812-51-6,Okoumal,,,"2,4-DIMETHYL-2-(5,6,7,8-TETRAHYDRO-5,5,8,8-TETRAMETHYL-2-NAPHTHALENYL)-1,3-DIOXOLANE",Perfumiarz,https://perfumiarz.com/products/okoumal
470-40-6,Thujopsene natural,,,THUJOPSENE,Perfumiarz,https://perfumiarz.com/products/thujopsene-natural
1631145-49-7,Veraspice,,,-,Perfumiarz,https://perfumiarz.com/products/veraspice
91079-01-5,Wool Absolute,natural,absolute,-,Perfumiarz,https://perfumiarz.com/products/wool-absolute
