aldehido,cas_aldehido,base_schiff,cas_base_schiff,nivel_aldehido_pct,estandar_aldehido
α-Amylcinnamaldehyde,122-40-7,"α-Amylcinnamaldehyde-methyl anthranilate (or Jasmea, Seringone)",68527-78-6,60.3,IFRA_STD_005
Benzaldehyde,100-52-7,Benzaldehyde methyl anthranilate ; Methyl 2-[(phenylmethylene)amino]benzoate; Methyl 2-(benzylideneamino)benzoate (or Amandolene),39129-16-3 37837-44-8,44.4,IFRA_STD_007
p-t-Butyl-α-methylhydrocinnamic aldehyde (Lysmeral),80-54-6,Lysmeral-methyl anthranilate (or Verdantiol),91-51-0,60.6,IFRA_STD_015
Cinnamic aldehyde,104-55-2,Cinnamic aldehyde methyl anthranilate,94386-48-8,49.8,IFRA_STD_018
Citral,5392-40-5,Citral-methyl anthranilate,67801-47-2,53.3,IFRA_STD_021
"2,4-Dimethylcyclohex-3-ene-1-carbaldehyde (Triplal)",68039-49-6,"Triplal-methyl anthranilate (or Vertosine, Ligantraal, Agrumea)",68738-99-8,50.9,IFRA_STD_030
α-Hexylcinnamaldehyde,101-86-0,α-Hexylcinnamic aldehyde methyl anthranilate (or Jasmea H),67924-13-4,61.8,IFRA_STD_040
Hydroxycitronellal,107-75-5,Hydroxycitronellal-Indole (or Indolene 50%),68527-79-7,63.5,IFRA_STD_043
Hydroxycitronellal,107-75-5,"Hydroxycitronellal methyl anthranilate (or Aurantiol, Aurantium, Aurantoin)",89-43-0,56.4,IFRA_STD_043
3 and 4-(4-Hydroxy-4-methylpentyl)-3-cyclohexene-1-carboxaldehyde (Lyral),31906-04-4 51414-25-6,Lyral-methyl anthranilate (or Lyrantion),67634-12-2,61.3,IFRA_STD_044
"4-Methoxy-α-methylbenzeneproponal (Canthoxal, Fennaldehyde)",5462-06-6,"Canthoxal-methyl anthranilate (or Canthalide, Anthranolene)",111753-62-9,57.3,IFRA_STD_057
"α-Methyl-1,3-benzodioxole-5-propionaldehyde (Helional, MMDHCA)",1205-17-0,Helional-methyl anthranilate (or Helioforte),111753-60-7,59.1,IFRA_STD_059
Cyclamen aldehyde,103-95-7,Methyl 2-{[3-(4-isopropylphenyl)-2-methylpropylidene]amino}benzoate; Cyclamen aldehyde-methyl anthranilate,91-50-9,58.8,IFRA_STD_025
Citronellal,106-23-0,"Citronellal methylanthranilate; Methyl 2-[(3,7-dimethyl-6-octenylidene)amino]benzoate (or Citronama)",67845-42-5,53.7,IFRA_STD_206
Cuminaldehyde,122-03-2,"Ethyl 2-[[[4-(1,1-dimethylethyl)phenyl]methylene]amino]benzoate",94108-09-5,50.2,IFRA_STD_024
p-Methoxybenzaldehyde,123-11-5,Methyl 2-[(4-methoxybenzylidene)amino]benzoate (or Anisimea),14735-72-9,50.6,IFRA_STD_054
