producto,ref,tipo,titulo,emisor,fecha,ruta,revisado,motivo
Oakmoss Absolute 50% (IPM),prod:iff-00133097,certificado-ifra,IFRA certificate — MOUSSE CHENE ABS. IFRA 43 (00133097),IFF,,datos/glosario/.cache/proveedores/perfumiarz/documentos/H13197_IFRA_10-23.pdf,si,"Cotejado por script el 2026-10-03 contra el texto del PDF: 3 sustancias declaradas, con sus cifras. No es una lectura página a página."
Black Agar 296985,prod:firmenich-296985,certificado-ifra,IFRA certificate — BLACK AGAR 296985 (296985),Firmenich,,datos/glosario/.cache/proveedores/perfumiarz/documentos/W02033_IFRA_10-23.pdf,si,"Cotejado por script el 2026-10-03 contra el texto del PDF: 15 sustancias declaradas y el tope de la categoría 4 (9.6296 %), con sus cifras. No es una lectura página a página."
Castoreum Synthetic,prod:firmenich-184004,certificado-ifra,IFRA certificate — CASTOREUM SYNTH 184004 (184004),Firmenich,,datos/glosario/.cache/proveedores/perfumiarz/documentos/W03063_IFRA_10-23.pdf,si,"Cotejado por script el 2026-10-03 contra el texto del PDF: 20 sustancias declaradas, con sus cifras. No es una lectura página a página."
Black Pepper Absolute,prod:firmenich-974644,certificado-ifra,IFRA certificate — PEPPER BLACK ABS PG 974644 (974644),Firmenich,,datos/glosario/.cache/proveedores/perfumiarz/documentos/IFRA_Black_Pepper_Absolute.pdf,si,"Cotejado por script el 2026-10-03 contra el texto del PDF: 2 sustancias declaradas, con sus cifras. No es una lectura página a página."
Aldehyde C11 MOA,prod:symrise-656012,certificado-ifra,IFRA certificate — Aldehyde C11 MOA (656012),Symrise,,docs/proveedores/certificados/symrise-aldehyde-c11-moa-656012-ifra51.pdf,si,"Cotejado por script el 2026-10-03 contra el texto del PDF: 1 sustancias declaradas y el tope de la categoría 4 (2.5 %), con sus cifras. No es una lectura página a página."
Maritima,prod:iff-00130494,certificado-ifra,IFRA certificate — MARITIMA (00130494),IFF,,datos/glosario/.cache/proveedores/perfumiarz/documentos/H13021_IFRA_09-23.pdf,si,"Cotejado por script el 2026-10-03 contra el texto del PDF: 0 sustancias declaradas, con sus cifras. No es una lectura página a página."
Styrallyl Acetate,prod:symrise-611357,certificado-ifra,IFRA certificate — STYRALYL ACETATE (611357),Symrise,,datos/glosario/.cache/proveedores/perfumiarz/documentos/E01110_IFRA_11-23.pdf,si,"Cotejado por script el 2026-10-03 contra el texto del PDF: 0 sustancias declaradas y el tope de la categoría 4 (9.7 %), con sus cifras. No es una lectura página a página."
Geranyl Acetate Pure,prod:iff-00072104,certificado-ifra,IFRA certificate — GERANYL ACET PURE RNW (00072104),IFF,,datos/glosario/.cache/proveedores/perfumiarz/documentos/H01122_IFRA_02-22.pdf,si,"Cotejado por script el 2026-10-03 contra el texto del PDF: 0 sustancias declaradas y el tope de la categoría 4 (30 %), con sus cifras. No es una lectura página a página."
Cedramber,prod:iff-00033386,certificado-ifra,IFRA certificate — CEDRAMBER® (00033386),IFF,,datos/glosario/.cache/proveedores/perfumiarz/documentos/H03100_IFRA_02-22.pdf,si,"Cotejado por script el 2026-10-03 contra el texto del PDF: 0 sustancias declaradas y el tope de la categoría 4 (30 %), con sus cifras. No es una lectura página a página."
Cassis Base 345 B,prod:firmenich-000345,certificado-ifra,IFRA certificate — CASSIS BASE 000345 B (000345),Firmenich,,datos/glosario/.cache/proveedores/perfumiarz/documentos/W03040_IFRA_10-23.pdf,si,"Cotejado por script el 2026-10-03 contra el texto del PDF: 6 sustancias declaradas, con sus cifras. No es una lectura página a página."
Ambrinol S,prod:symrise-690993,certificado-ifra,IFRA certificate — AMBRINOL S (690993),Symrise,,datos/glosario/.cache/proveedores/perfumiarz/documentos/E01460_IFRA_11-23.pdf,si,"Cotejado por script el 2026-10-03 contra el texto del PDF: 0 sustancias declaradas y el tope de la categoría 4 (0.0082 %), con sus cifras. No es una lectura página a página."
Methyl Cinnamate 50%,prod:symrise-660449,certificado-ifra,IFRA certificate — METHYL CINNAMATE (660449),Symrise,,datos/glosario/.cache/proveedores/perfumiarz/documentos/E03130_IFRA_11-23.pdf,si,"Cotejado por script el 2026-10-03 contra el texto del PDF: 0 sustancias declaradas y el tope de la categoría 4 (1.2 %), con sus cifras. No es una lectura página a página."
Cyclosia (Hydroxycitronellal),prod:firmenich-937250,certificado-ifra,IFRA certificate — CYCLOSIA® 937250 (937250),Firmenich,,datos/glosario/.cache/proveedores/perfumiarz/documentos/W03300_IFRA_10-23.pdf,si,"Cotejado por script el 2026-10-03 contra el texto del PDF: 1 sustancias declaradas y el tope de la categoría 4 (2.2105 %), con sus cifras. No es una lectura página a página."
Ionone beta,prod:givaudan-ionone-beta,certificado-ifra,IFRA certificate — IONONE BETA,Givaudan,,datos/glosario/.cache/proveedores/perfumiarz/documentos/5992503_IONONE_BETA_IFRA_51_Certificate_20231019.pdf,si,"Cotejado por script el 2026-10-03 contra el texto del PDF: 0 sustancias declaradas, con sus cifras. No es una lectura página a página."
Ambrettolide,prod:iff-00014200,certificado-ifra,IFRA certificate — AMBRETTOLIDE (00014200),IFF,,datos/glosario/.cache/proveedores/perfumiarz/documentos/H01388_IFRA_02-24.pdf,si,"Cotejado por script el 2026-10-03 contra el texto del PDF: 0 sustancias declaradas y el tope de la categoría 4 (3.2 %), con sus cifras. No es una lectura página a página."
Eucalyptol Natural,prod:symrise-130301,certificado-ifra,IFRA certificate — EUCALYPTOL NAT. (130301),Symrise,,datos/glosario/.cache/proveedores/perfumiarz/documentos/E05046_IFRA_04-20_4ce340cc-3ade-4782-94f9-ee7441fb43ea.pdf,si,"Cotejado por script el 2026-10-03 contra el texto del PDF: 0 sustancias declaradas y el tope de la categoría 4 (1.6 %), con sus cifras. No es una lectura página a página."
Cis-3-hexenol,prod:pcw-cis3h-1,certificado-ifra,IFRA certificate — CIS 3 HEXENOL (CIS3H-1),PCW,,datos/glosario/.cache/proveedores/perfumiarz/documentos/CIS3H1N_IFRA51.pdf,si,"Cotejado por script el 2026-10-03 contra el texto del PDF: 0 sustancias declaradas, con sus cifras. No es una lectura página a página."
Geosmin 1% in DPG,prod:iff-00071044,certificado-ifra,IFRA certificate — GEOSMIN NEAT (00071044),IFF,,datos/glosario/.cache/proveedores/perfumiarz/documentos/H07098_IFRA_01-25.pdf,si,"Cotejado por script el 2026-10-03 contra el texto del PDF: 0 sustancias declaradas y el tope de la categoría 4 (40 %), con sus cifras. No es una lectura página a página."
Linalyl Acetate,prod:basf-linalyl-acetate,certificado-ifra,IFRA certificate — LINALYL ACETATE BASF,BASF,,datos/glosario/.cache/proveedores/perfumiarz/documentos/IFRA_LINALYL_ACETATE_BASF.pdf,si,"Cotejado por script el 2026-10-03 contra el texto del PDF: 0 sustancias declaradas, con sus cifras. No es una lectura página a página."
Habanolide,prod:firmenich-947303,certificado-ifra,IFRA certificate — HABANOLIDE® 947303-3019033 (947303),Firmenich,,docs/proveedores/certificados/firmenich-habanolide-947303-ifra51.pdf,si,"Cotejado por script el 2026-10-03 contra el texto del PDF: 1 sustancias declaradas y el tope de la categoría 4 (48 %), con sus cifras. No es una lectura página a página."
Kephalis,prod:givaudan-kephalis,certificado-ifra,IFRA certificate — KEPHALIS,Givaudan,,datos/glosario/.cache/proveedores/perfumiarz/documentos/6378003_KEPHALIS_IFRA_51_Certificate_20240830.pdf,si,"Cotejado por script el 2026-10-03 contra el texto del PDF: 0 sustancias declaradas, con sus cifras. No es una lectura página a página."
Tolu Balsam Resinoide,prod:firmenich-220951,certificado-ifra,IFRA certificate — TOLU RES TYPE NAT 220951 (220951),Firmenich,,datos/glosario/.cache/proveedores/perfumiarz/documentos/W20726_IFRA_01-24.pdf,si,"Cotejado por script el 2026-10-03 contra el texto del PDF: 14 sustancias declaradas y el tope de la categoría 4 (4.1 %), con sus cifras. No es una lectura página a página."
Terpinyl Acetate,prod:firmenich-902280,certificado-ifra,IFRA certificate — TERPINYL ACETATE 902280 (902280),Firmenich,,datos/glosario/.cache/proveedores/perfumiarz/documentos/T01220_IFRA_11-23.pdf,si,"Cotejado por script el 2026-10-03 contra el texto del PDF: 1 sustancias declaradas, con sus cifras. No es una lectura página a página."
