producto,ref,clasificacion,tipo,titulo,emisor,fecha,ruta,lector,cobertura,revisado,motivo
Absoluto de Tabaco,8TH08212,otro-proveedor,certificado-ifra,IFRA conformity certificate — Tobacco Absolute (8TH08212),PerfumersWorld,,https://www.perfumersworld.com/document-list.php?pro_id=8TH08212,pw-html,parcial,si,"Revisado el 2026-10-03 en la caché de la página de documentos: es el mismo material (absoluto de tabaco) de otro proveedor; 1 sustancia restringida, la cumarina 0,1561 %. La fecha del documento es «01/10/2026», sin aclarar si es día/mes o mes/día."
Bergamota sin bergaptenos,7CL24020,otro-proveedor,certificado-ifra,IFRA conformity certificate — Bergamot FCF oil Sicilian (7CL24020),PerfumersWorld,,https://www.perfumersworld.com/document-list.php?pro_id=7CL24020,pw-html,parcial,si,"Revisado el 2026-10-03 (certificado, SDS y CoA de la página): es la misma materia (bergamota sin furocumarinas) de otro proveedor; 3 restringidas (citral 0,8698 %; limoneno 22,9646 %; linalol 13,0450 %). No nombra el bergapteno, el 5-MOP ni las furocumarinas en ninguna parte: su 5-MOP sigue sin saberse."
Bergamota sin bergaptenos,E1004,otro-proveedor,ficha,"MSDS Bergamot (FCF) essential oil, organic (E1004)",Opella AB,,,ninguno,,no,"El documento no está en el repositorio (lote C-001 de la v1): no se puede revisar, y sin revisar no entra (D6)."
Bergamota sin bergaptenos,EO003,otro-proveedor,ficha,Declaración de alérgenos EO003 (2024-10-18),SoapQueen Europe,,,ninguno,,no,"El documento no está en el repositorio (lote C-001 de la v1): no se puede revisar, y sin revisar no entra (D6)."
Litsea Cubeba,7CC00280,otro-proveedor,certificado-ifra,IFRA conformity certificate — Litsea Cubeba Essential Oil (7CC00280),PerfumersWorld,,https://www.perfumersworld.com/document-list.php?pro_id=7CC00280,pw-html,parcial,si,"Revisado el 2026-10-03: mismo material (aceite esencial de litsea) de otro proveedor; 9 restringidas, con citral 66,6993 % y limoneno 13,3938 %. La v1 solo recogió 3 (el anexo de IFRA cubría el resto)."
Mandarina,7CA00285,otro-proveedor,certificado-ifra,IFRA conformity certificate — Mandarin Essential Oil (7CA00285),PerfumersWorld,,https://www.perfumersworld.com/document-list.php?pro_id=7CA00285,pw-html,parcial,si,"Revisado el 2026-10-03: mismo material (aceite esencial de mandarina) de otro proveedor; 5 restringidas, con limoneno 74,8701 % y N-metilantranilato de metilo 0,1171 %. No nombra el 5-MOP."
Resinoide de benjuí,2QV00050,otro-proveedor,certificado-ifra,IFRA conformity certificate — Benzoin Siam Resinoid (2QV00050),PerfumersWorld,,https://www.perfumersworld.com/document-list.php?pro_id=2QV00050,pw-html,parcial,si,"Revisado el 2026-10-03: mismo material (resinoide de benjuí de Siam) de otro proveedor; 5 restringidas, con benzoato de bencilo 2,1895 % y propenilguetol 1,7952 %."
Resinoide de estírax (estoraque),W19840,otro-proveedor,ficha,Presence of EU Fragrance Allergens — STYRAX RES VULCAIN 983586 (22358488),Firmenich,2023-09-14,datos/glosario/.cache/proveedores/perfumiarz/documentos/W19840_ALG_09-23.pdf,firmenich-alergenos,solo-alergenos,si,"Revisado el 2026-10-03: un resinoide de estírax de Firmenich (que vende Perfumiarz): mismo material de otro proveedor. Es una lista de alérgenos de la UE con cifras «basadas en valores máximos históricos», no un certificado IFRA completo. Está en la caché local, fuera de Git."
Vetiver,7WY00466,otro-proveedor,certificado-ifra,IFRA conformity certificate — Vetiver Essential Oil (7WY00466),PerfumersWorld,,https://www.perfumersworld.com/document-list.php?pro_id=7WY00466,pw-html,parcial,si,"Revisado el 2026-10-03: mismo material (aceite esencial de vetiver) de otro proveedor, sin decir el origen (el del usuario es Haití); 1 restringida, el longifoleno 2,4991 %."
