producto,nombre,especie,parte,proceso,quimiotipo,v1_tipo,v1_id,anexo,cas_busqueda,motivo,fuente
Absoluto de Tabaco,Tobacco absolute,Nicotiana tabacum,hoja,absoluto (extracción con disolvente),,absolute,fig:2982,,,el título de la tienda dice «Absoluto de tabaco»; la especie es la del tabaco comercial. Sin anexo IFRA para este CAS,"conocimiento general, sin verificar; título de la tienda"
Bergamota sin bergaptenos,"Bergamot oil, furocoumarin free",Citrus bergamia,cáscara del fruto,"expresión en frío, sin furocumarinas (FCF)",,oil,fig:1200,,,el título dice «sin bergaptenos» (la FCF); la tienda no da descripción. El cuaderno dice que la FCF no aparece en el índice de IFRA y que la bergamota expresada sí,"cuaderno: materias-primas/bergamota-sin-bergaptenos.md; conocimiento general, sin verificar"
Cedro Atlas,"Cedarwood oil, Atlas",Cedrus atlantica,"madera, tocones o aserrín",destilación al vapor,,oil,fig:1357,"Cedarwood oil, Atlas",,"aceite esencial de Cedrus atlantica por destilación al vapor, según el cuaderno; la descripción de la tienda solo habla del olor",cuaderno: materias-primas/cedro-atlas.md
Cilantro,Coriander seed oil,Coriandrum sativum,semilla,destilación al vapor,,oil,,Coriander seed oil,,"el título dice «Cilantro (semillas)»; el cuaderno: aceite esencial, destilación al vapor de las semillas",cuaderno: materias-primas/cilantro.md; título de la tienda
Limón,"Lemon oil, expressed",Citrus limon,cáscara del fruto,expresión en frío,,oil,fig:2193,"Lemon oil, expressed",,el cuaderno: aceite esencial expresado en frío de la cáscara «según la monografía»; la tienda solo describe el olor,cuaderno: materias-primas/limon.md
Litsea Cubeba,Litsea cubeba oil,Litsea cubeba,fruto,destilación al vapor,,oil,fig:2240,Litsea cubeba oil,,"el cuaderno: destilación al vapor de los frutos, el único cítrico del kit que no se obtiene por expresión «según la monografía»",cuaderno: materias-primas/litsea-cubeba.md
Mandarina,Mandarin oil,Citrus reticulata,cáscara del fruto,expresión en frío,,oil,fig:2261,Mandarin oil,,"el cuaderno da la especie, pero no el proceso; los cítricos del kit son expresados. El anexo tiene «Mandarin oil» y «Tangerine oil» para este CAS: propongo el primero por el nombre de la tienda","cuaderno: materias-primas/mandarina.md; conocimiento general, sin verificar"
Naranja dulce,"Orange, sweet, Valencia oil",Citrus sinensis,cáscara del fruto,expresión en frío,,oil,fig:2551,"Orange, sweet, Valencia oil",,"el cuaderno: expresado en frío de la cáscara, y da la especie como Citrus aurantium var. dulcis (sinónimo). El anexo solo tiene la variedad Valencia; la tienda no dice la variedad",cuaderno: materias-primas/naranja-dulce.md
Patchouli,Patchouli oil,Pogostemon cablin,hoja,"destilación al vapor (hojas secas, con curado previo)",,oil,fig:2599,,8014-09-3,"la tienda: «obtenido por destilación de arrastre de vapor, de las hojas», de Indonesia; el cuaderno da la especie. El CAS no lo declara el proveedor: 8014-09-3 es el habitual, por confirmar, y solo se usa para buscar su fila de la v1. Sin anexo IFRA",página de la tienda; cuaderno: materias-primas/patchouli.md
Resinoide de benjuí,Benzoin resinoid,Styrax sp. (por confirmar: Siam o Sumatra),resina,resinoide (extracción con disolvente),,resinoid,fig:1168,,,la tienda lo da como «Benjui 50% DPG» y el cuaderno como resinoide; ni una ni otro dicen la especie ni el origen. Sin anexo IFRA para este CAS. Es la propuesta más floja del lote,"cuaderno: materias-primas/resinoide-benjui.md; conocimiento general, sin verificar"
Resinoide de estírax (estoraque),Styrax resinoid,Liquidambar sp. (por confirmar),resina (bálsamo),resinoide (extracción con disolvente),,resinoid,fig:2914,Styrax resinoid,,el cuaderno lo da como resinoide de estírax o estoraque; el anexo de IFRA lo trae como «Styrax resinoid» de Liquidambar. La tienda y el cuaderno no dicen la especie,cuaderno: materias-primas/resinoide-estyrax-estoraque.md; anexo de IFRA 51
Salvia Officinalis,Sage Dalmatian oil,Salvia officinalis,hoja,destilación al vapor,,oil,fig:2838,Sage Dalmatian oil,,"el cuaderno: aceite esencial de salvia dálmata, Salvia officinalis, y no la esclarea; la parte y el proceso son los habituales","cuaderno: materias-primas/salvia-officinalis.md; conocimiento general, sin verificar"
Vetiver,Vetiver oil,Chrysopogon zizanioides,raíz,destilación al vapor,,oil,fig:3083,Vetiver oil (all origins),,"el cuaderno: Vetiveria zizanioides (sinónimo), destilación al vapor de las raíces; el título de la tienda dice Haití, que es el origen y no un quimiotipo",cuaderno: materias-primas/vetiver.md
Aceite de cade (enebro),Cade oil,Juniperus oxycedrus,madera,"destilación seca (pirólisis), rectificado",,oil,fig:1285,,,"Maese Lab lo vende como aceite esencial de cade para fragancia fina y con rango de uso: de ahí se infiere el rectificado (autoridad consenso, sin documento del proveedor; condiciones-propuestas.csv). El cuaderno: alquitrán de madera de Juniperus oxycedrus, de España según el proveedor","el usuario, 2026-10-03; cuaderno: materias-primas/aceite-de-cade-enebro.md; página de la tienda"
Láudano de jara,Cistus absolute,Cistus ladanifer,hoja y ramita,absoluto (extracción con disolvente),,absolute,,Cistus absolute,,"el cuaderno y la tienda lo llaman absoluto de cistus («Absoluto de Cistus Jara»), sólido y 100 %, y el CAS registrado, 89997-74-0, es el del extracto de Cistus ladaniferus; por eso, de hojas y ramitas y no de la goma (el absoluto de láudano de la goma llevaría otro CAS). La etiqueta no la veo","cuaderno: materias-primas/laudano-de-jara.md; conocimiento general, sin verificar"
Theobroma cacao extract,Theobroma cacao extract,Theobroma cacao,semilla (haba),absoluto (extracción con disolvente),,,,,,"el usuario, según su etiqueta (2026-10-03): absoluto. Sin fila en la v1 ni en el anexo de IFRA",etiqueta del usuario
Olíbano,Olibanum sacra oil,Boswellia sacra,resina,destilación al vapor,"α-pineno, α-tujeno, β-felandreno y sabineno",oil,ncs:olibanum-sacra-oil,Olibanum sacra oil,,"la etiqueta del usuario (2026-10-03): «Aceite Esencial de Incienso Sacra, obtenido por arrastre de vapor de resina de Boswellia sacra de Yemen», con quimiotipo de α-pineno, α-tujeno, β-felandreno y sabineno. Es un aceite, no un extracto: el CAS 89957-98-2 es el del aceite de Boswellia sacra de la v1 y del anexo. El origen (Yemen) no es parte del quimiotipo",etiqueta del usuario
"Ámbar gris, tintura comercial (purificado)",Ambergris tincture,Physeter macrocephalus,concreción intestinal (ámbar gris),"tintura en etanol y agua, purificada",,tincture,fig:1069,,,"el cuaderno: tintura comercial de ámbar gris purificado, al 10 % en etanol y agua, de Maese Lab, origen declarado Bahamas; sin ficha ni perfil documentado. La especie y la parte son las del ámbar gris. Sin anexo de IFRA para ese CAS","cuaderno: materias-primas/ambar-gris-tintura.md; conocimiento general, sin verificar"
"Haba tonka (semillas), tintura comercial",Tonka bean tincture,Dipteryx odorata,semilla (haba),tintura en alcohol de 96º,,tincture,fig:2992,,,"el cuaderno: tintura comercial de semilla de haba tonka en alcohol de 96º; el proveedor no declara la carga ni la cumarina. El anexo de IFRA solo tiene el absoluto de haba tonka para ese CAS: no propongo anexo, y la cumarina queda sin datos","cuaderno: materias-primas/haba-tonka-tintura.md; conocimiento general, sin verificar"
Black Pepper Absolute,Black pepper absolute,Piper nigrum,fruto (baya),absoluto (extracción con disolvente),,absolute,fig:2622,,,"el nombre del producto es «Black Pepper Absolute» (Firmenich) y su certificado, «PEPPER BLACK ABS PG 974644»: un absoluto de pimienta negra en PG. Sin anexo de IFRA para este CAS. El certificado es del producto diluido en PG, sin decir cuánto","nombre del producto y del certificado; conocimiento general, sin verificar"
Benzoin Siam Resinoid (IFF),Benzoin resinoid,Styrax tonkinensis (Siam),resina,resinoide (extracción con disolvente),,resinoid,,,,"ningún documento del producto dice la especie ni el proceso (la SDS que enlaza la tienda es de «Benzoin Siam Resin», de Robertet: otro producto); se propone lo que el usuario contestó en el lote 3c para el mismo CAS (9000-72-0)","lote 3c, respuesta del usuario"
